wine_id,name_ru,producer,color,vintage,ean,producer_split
avtohtonnoe-vino-kryma-beloe-suhoe,автохтонное вино крыма белое сухое,валерий захарьин,Белое,,,train
aligote-barrel-2024,"алиготе баррель, 2024",коммуналка,Белое,2024,,train
zb-vajn-spumante-bryut-beloe,зб вайн спуманте брют белое,золотая балка,Белое,,,train
fanagoriya-100-ottenkov-krasnogo-kaberne-kaberne-sovinon-krasnoe-suhoe-135,100 оттенков красного. каберне,фанагория,Красное,,,train
fanagoriya-100-ottenkov-krasnogo-pino-nuar-krasnoe-suhoe-135,100 оттенков красного. пино нуар,фанагория,Красное,,,train
fanagoriya-100-ottenkov-krasnogo-saperavi-krasnoe-suhoe-14,100 оттенков красного. саперави,фанагория,Красное,,,train
fanagoriya-100-ottenkov-shardone-beloe-suhoe-14,100 оттенков. шардоне,фанагория,Белое,,,train
fanagoriya-101-ottenok-krasnogo-kaberne-kaberne-sovinon-krasnoe-suhoe-14,101 оттенок красного. каберне,фанагория,Красное,,,train
fanagoriya-101-ottenok-krasnogo-pino-nuar-krasnoe-suhoe-135,101 оттенок красного. пино нуар,фанагория,Красное,,,train
fanagoriya-101-ottenok-krasnogo-saperavi-krasnoe-suhoe-14,101 оттенок красного. саперави,фанагория,Красное,,,train
usadba-rodnoe-gnezdo-4-elements-kaberne-sovinon-krasnoe-suhoe-15,4 elements. каберне совиньон,усадьба родное гнездо,Красное,,,train
usadba-rodnoe-gnezdo-4-elements-risling-beloe-suhoe-12,4 elements. рислинг,усадьба родное гнездо,Белое,,,train
usadba-rodnoe-gnezdo-4-elements-risling-beloe-polusuhoe-12,4 elements. рислинг,усадьба родное гнездо,Белое,,,train
usadba-rodnoe-gnezdo-4-elements-sira-roze-rozovoe-polusuhoe-135,4 elements. сира. розе,усадьба родное гнездо,Розовое,,,train
usadba-rodnoe-gnezdo-4-elements-sovinon-blan-beloe-polusladkoe-12,4 elements. совиньон блан,усадьба родное гнездо,Белое,,,train
usadba-rodnoe-gnezdo-4-elements-sovinon-blan-beloe-suhoe-12,4 elements. совиньон блан,усадьба родное гнездо,Белое,,,train
fanagoriya-5-elements-bryut-beloe-pino-gri-igristoe-bryut-beloe-125,5 elements брют белое,фанагория,Белое,,,train
fanagoriya-5-elements-bryut-rozovoe-saperavi-igristoe-bryut-rozovoe-125,5 elements брют розовое,фанагория,Розовое,,,train
vinodelnya-vedernikov-5050-tsimlyanskiy-sibirkovyy-ekstra-bryut-beloe-12,50/50 цимлянский-сибирьковый экстра брют,ведерниковъ,Белое,,,train
shato-pino-agpoezdnik-beloe-shardone-suhoe-13,a.g.poezdnik. белое,шато пино,Белое,,,test
shato-pino-agpoezdnik-krasnoe-kaberne-fran-suhoe-14,a.g.poezdnik. красное,шато пино,Красное,,,test
abrau-dyurso-abrau-estates-amurskiy-potapenko-krasnoe-suhoe-105,abrau estates амурский потапенко,абрау-дюрсо,Красное,,,train
abrau-dyurso-abrau-estates-beloe-shardone-suhoe-12,abrau estates белое,абрау-дюрсо,Белое,,,train
abrau-dyurso-abrau-estates-kaberne-po-belomu-kaberne-sovinon-beloe-suhoe-105,abrau estates каберне по-белому,абрау-дюрсо,Белое,,,train
abrau-dyurso-abrau-estates-krasnoe-kaberne-sovinon-suhoe-13,abrau estates красное,абрау-дюрсо,Красное,,,train
abrau-dyurso-abrau-estates-oranzh-tsitronnyy-magaracha-oranzhevoe-suhoe-105,abrau estates оранж,абрау-дюрсо,Оранжевое,,,train
abrau-dyurso-abrau-estates-dostoynyy-krasnoe-suhoe-135,abrau estates. достойный,абрау-дюрсо,Красное,,,train
abrau-dyurso-abrau-estates-roze-kaberne-sovinon-rozovoe-suhoe-12,abrau estates. розе,абрау-дюрсо,Розовое,,,train
abrau-dyurso-abrau-durso-brut-rose-reserve-pino-nuar-beloe-bryut-12,abrau-durso brut rose reserve,абрау-дюрсо,Белое,,,train
abrau-dyurso-abrau-durso-reserve-brut-shardone-beloe-bryut-115,abrau-durso reserve brut,абрау-дюрсо,Белое,,,train
olymp-winery-adagum-cabernet-franc-kaberne-fran-krasnoe-suhoe-11,adagum cabernet franc,olymp winery,Красное,,,train
olymp-winery-adagum-cabernet-sauvignon-kaberne-sovinon-krasnoe-suhoe-11,adagum cabernet sauvignon,olymp winery,Красное,,,train
olymp-winery-adagum-chardonnay-shardone-beloe-suhoe-11,adagum chardonnay,olymp winery,Белое,,,train
olymp-winery-adagum-chardonnay-kuban-shardone-beloe-suhoe-11,adagum chardonnay kuban,olymp winery,Белое,,,train
olymp-winery-adagum-estate-cabernet-sauvignon-kaberne-sovinon-krasnoe-suhoe-11,adagum estate cabernet sauvignon,olymp winery,Красное,,,train
olymp-winery-adagum-estate-chardonnay-shardone-beloe-suhoe-11,adagum estate chardonnay,olymp winery,Белое,,,train
olymp-winery-adagum-estate-merlot-merlo-krasnoe-suhoe-11,adagum estate merlot,olymp winery,Красное,,,train
olymp-winery-adagum-estate-red-blend-kaberne-fran-krasnoe-suhoe-11,adagum estate red blend,olymp winery,Красное,,,train
olymp-winery-adagum-estate-rose-kaberne-sovinon-rozovoe-suhoe-11,adagum estate rose,olymp winery,Розовое,,,train
olymp-winery-adagum-estate-sauvignon-blanc-sovinon-blan-beloe-suhoe-11,adagum estate sauvignon blanc,olymp winery,Белое,,,train
olymp-winery-adagum-krasnostop-krasnostop-zolotovskiy-krasnoe-suhoe-11,adagum krаsnostop,olymp winery,Красное,,,train
olymp-winery-adagum-merlot-merlo-rozovoe-suhoe-10,adagum merlot,olymp winery,Розовое,,,train
olymp-winery-adagum-odessa-black-kuban-odesskiy-chernyy-krasnoe-suhoe-11,adagum odessa black kuban,olymp winery,Красное,,,train
olymp-winery-adagum-pinot-noir-pino-nuar-rozovoe-suhoe-11,adagum pinot noir,olymp winery,Розовое,,,train
olymp-winery-adagum-pinot-noir-pino-nuar-krasnoe-suhoe-11,adagum pinot noir,olymp winery,Красное,,,train
olymp-winery-adagum-riesling-risling-beloe-suhoe-11,adagum riesling,olymp winery,Белое,,,train
olymp-winery-adagum-saperavi-saperavi-krasnoe-suhoe-11,adagum saperavi,olymp winery,Красное,,,train
olymp-winery-adagum-sauvignon-sovinon-blan-beloe-suhoe-11,adagum sauvignon,olymp winery,Белое,,,train
olymp-winery-adagum-valley-merlot-merlo-krasnoe-suhoe-11,adagum valley merlot,olymp winery,Красное,,,train
olymp-winery-adagum-valley-pinot-noir-pino-nuar-krasnoe-suhoe-11,adagum valley pinot noir,olymp winery,Красное,,,train
olymp-winery-adagum-valley-riesling-risling-reynskiy-beloe-suhoe-11,adagum valley riesling,olymp winery,Белое,,,train
olymp-winery-adagum-valley-rkatsiteli-rkatsiteli-beloe-suhoe-10,adagum valley rkatsiteli,olymp winery,Белое,,,train
olymp-winery-adagum-valley-saperavi-saperavi-krasnoe-suhoe-12,adagum valley saperavi,olymp winery,Красное,,,train
agora-rosa-viva-cabernet-franc,agora rosa viva cabernet franc,agora winery,Красное,,,train
agora-rosa-viva-cabernet-sauvignon-shiraz,agora rosa viva cabernet sauvignon shiraz,agora winery,Красное,,,train
agora-rosa-viva-muscat,agora rosa viva muscat,agora winery,Розовое,,,train
agora-rosa-viva-riesling,agora rosa viva riesling,agora winery,Белое,,,train
agora-rosa-viva-beloe-bryut,agora rosa viva белое брют,agora winery,Белое,,,train
agora-rosa-viva-beloe-polusladkoe,agora rosa viva белое полусладкое,agora winery,Белое,,,train
agora-rosa-viva-rozovoe-polusladkoe,agora rosa viva розовое полусладкое,agora winery,Розовое,,,train
agora-yachting-cabernet-sauvignon,agora yachting cabernet sauvignon,agora winery,Красное,,,train
agora-yachting-chardonnay,agora yachting chardonnay,agora winery,Белое,,,train
agora-yachting-merlot,agora yachting merlot,agora winery,Красное,,,train
agora-yachting-pinot-grigio,agora yachting pinot grigio,agora winery,Белое,,,train
agora-yachting-sauvignon,agora yachting sauvignon,agora winery,Белое,,,train
agora-yachting-shiraz,agora yachting shiraz,agora winery,Красное,,,train
agora-bastardo,agora бастардо,agora winery,Красное,,,train
agora-blek-stoun,agora блэк стоун,agora winery,Красное,,,train
agora-kaberne-sovinon,agora каберне совиньон,agora winery,Красное,,,train
agora-muskat,agora мускат,agora winery,Белое,,,train
agora-muskat-chernyj,agora мускат черный,agora winery,Красное,,,train
agora-pino-nuar,agora пино нуар,agora winery,Красное,,,train
agora-risling,agora рислинг,agora winery,Белое,,,train
agora-saperavi,agora саперави,agora winery,Красное,,,train
agora-sovinon,agora совиньон,agora winery,Белое,,,train
agora-terruarnoe-bastardo,agora терруарное бастардо,agora winery,Красное,,,train
agora-terruarnoe-kaberne-sovinon,agora терруарное каберне совиньон,agora winery,Красное,,,train
agora-shardone,agora шардоне,agora winery,Белое,,,train
agora-vintage-blanc-de-blancs-extra-brut,"agora, vintage blanc de blancs extra brut",agora winery,Белое,,,train
agora-vintage-blanc-de-noirs-extra-brut,"agora, vintage blanc de noirs extra brut",agora winery,Белое,,,train
valeriy-zaharin-albedo-reserve-sary-pandas-beloe-suhoe-115,albedo. reserve,валерий захарьин,Белое,,,train
chteau-le-grand-vostock-aligote-aligote-beloe-suhoe-125,aligote,château le grand vostock,Белое,,,train
chteau-le-grand-vostock-aligote-reserve-aligote-beloe-suhoe-13,aligote reserve,château le grand vostock,Белое,,,train
vino-nebo-aligote-sur-lie-aligote-beloe-suhoe-127,aligote sur lie,vino & nebo,Белое,,,train
aligote-shato-pino,aligote. шато пино,шато пино,Белое,,,test
alma-valley-locantita-merlot-cabernet-franc,alma valley locantita merlot-cabernet franc,alma valley,Красное,,,validation
fanagoriya-alta-qortis-saperavi-krasnoe-suhoe-145,alta qortis,фанагория,Красное,,,train
fanagoriya-alveus-ultra-cuvee-brut-shardone-beloe-bryut-12,alveus ultra cuvee brut,фанагория,Белое,,,train
fanagoriya-alveus-ultra-cuvee-bryut-rozovoe-merlo-igristoe-bryut-rozovoe-12,alveus ultra cuvee. брют розовое,фанагория,Розовое,,,train
fanagoriya-alveus-ultra-cuvee-ekstra-bryut-beloe-risling-reynskiy-12,alveus ultra cuvee. экстра брют белое,фанагория,Белое,,,train
fanagoriya-alveus-ultra-cuvee-ekstra-bryut-rozovoe-merlo-12,alveus ultra cuvee. экстра брют розовое,фанагория,Розовое,,,train
amelia,"amelia, 2022",winemafia,Белое,2022,,train
amelia-2023,"amelia, 2023",winemafia,Белое,2023,,train
ferrum-winery-apollinary-merlo-krasnoe-suhoe-13,apollinary,ferrum winery,Красное,,,train
appassimento,appassimento,winemafia,Красное,,,train
appassimento-merlot,appassimento merlot,aya organic wine & vineyards,Красное,,,train
ivan-ksenia-kruz-argonne-chardonay-shardone-beloe-suhoe-127,argonne chardonay,ivan & ksenia kruz,Белое,,,validation
ivan-ksenia-kruz-argonne-pinot-noir-pino-nuar-rozovoe-suhoe-122,argonne pinot noir,ivan & ksenia kruz,Розовое,,,validation
ivan-ksenia-kruz-argonne-riesling-risling-beloe-suhoe-119,argonne riesling,ivan & ksenia kruz,Белое,,,validation
ivan-ksenia-kruz-argonne-sauvignon-blanc-sovinon-blan-beloe-suhoe-115,argonne sauvignon blanc,ivan & ksenia kruz,Белое,,,validation
ivan-ksenia-kruz-argonne-syrah-sira-krasnoe-suhoe-124,argonne syrah,ivan & ksenia kruz,Красное,,,validation
arie,arie (выдержка сталь) 2020,winemafia,Красное,2020,,train
arie-vyderzhka-bochka-francziya-2020,"arie (выдержка бочка франция), 2020",winemafia,Красное,2020,,train
arie-riserva,arie riserva,winemafia,Красное,,,train
aya-khrustaleva-76-merlot-organik,aya khrustaleva 76 merlot органик,aya organic wine & vineyards,Розовое,,,train
abrau-dyurso-az-abrau-bayanshira-beloe-suhoe-12,az abrau баяншира,абрау-дюрсо,Белое,,,train
abrau-dyurso-az-abrau-madrasa-krasnoe-suhoe-14,az abrau мадраса,абрау-дюрсо,Красное,,,train
ballet-blanc,ballet blanc,галицкий и галицкий,Белое,,,train
zolotaya-balka-black-prince-crimea-prestige-cuvee-extra-brut-limited-edition-shardone-beloe-ekstra-bryut-125,black prince crimea prestige cuvee extra brut limited edition,золотая балка,Белое,,,train
fanagoriya-blanc-de-blancs-shardone-beloe-bryut-12,blanc de blancs,фанагория,Белое,,,train
usadba-perovskih-blanc-de-blancs-shardone-beloe-ekstra-bryut-11,blanc de blancs,усадьба перовских,Белое,,,test
gunko-winery-blanc-de-blancs-shardone-beloe-bryut-12,blanc de blancs,gunko winery,Белое,,,train
vinodelnya-myshako-blanc-de-blancs-shardone-beloe-bryut-121,blanc de blancs,мысхако,Белое,,,train
usadba-divnomorskoe-blanc-de-blancs-shardone-beloe-ekstra-bryut-12,blanc de blancs,усадьба дивноморское,Белое,,,train
blanc-de-blancs-idolo,blanc de blancs idolo,olymp winery,Белое,,,train
loco-cimbali-blanc-de-neige-shardone-beloe-suhoe-131,blanc de neige,loco cimbali,Белое,,,train
zolotaya-balka-blanc-de-neige-shardone-beloe-suhoe-125,blanc de neige,золотая балка,Белое,,,train
fanagoriya-blanc-de-noir-mene-extra-brut-2019-pino-nuar-beloe-ekstra-bryut-12,blanc de noir mene extra brut 2019,фанагория,Белое,2019,,train
esse-blanc-de-noirs-pino-nuar-beloe-ekstra-bryut-115,blanc de noirs,esse,Белое,,,validation
fanagoriya-blanc-de-noirs-mene-pino-mene-beloe-ekstra-bryut-12,blanc de noirs менье,фанагория,Белое,,,train
domaine-lipko-blaufrankisch-domaine-lipko-blaufrankish-krasnoe-suhoe-136,blaufrankisch domaine lipko,domaine lipko,Красное,,,train
aya-organic-wine-vineyards-blush-1-sira-rozovoe-ekstra-bryut-135,blush #1,aya organic wine & vineyards,Розовое,,,train
aya-organic-wine-vineyards-blush-2-merlo-rozovoe-ekstra-bryut-135,blush #2,aya organic wine & vineyards,Розовое,,,train
aya-organic-wine-vineyards-blush-3-kaberne-fran-rozovoe-ekstra-bryut-132,blush #3,aya organic wine & vineyards,Розовое,,,train
aya-organic-wine-vineyards-blush-4-pino-nuar-krasnoe-ekstra-bryut-129,blush #4,aya organic wine & vineyards,Красное,,,train
blush-mirage-risling,blush mirage рислинг,agora winery,Белое,,,train
blush-mirage-rkacziteli-shiraz,"blush mirage ркацители, шираз",agora winery,Розовое,,,train
blush-mirage-sovinon-zelyonyj,blush mirage совиньон зеленый,agora winery,Белое,,,train
fanagoriya-brule-cabernet-franc-polusuhoe-rozovoe-kaberne-fran-12,brule cabernet franc полусухое розовое,фанагория,Розовое,,,train
fanagoriya-brule-cabernet-sauvignon-polusladkoe-krasnoe-kaberne-sovinon-125,brule cabernet sauvignon полусладкое красное,фанагория,Красное,,,train
fanagoriya-brule-cuve-brut-rozovoe-merlo-igristoe-bryut-rozovoe-12,brule cuvée brut розовое,фанагория,Розовое,,,train
fanagoriya-brule-frizzante-brut-beloe-pino-nuar-bryut-115,brule frizzante brut белое,фанагория,Белое,,,train
fanagoriya-brule-frizzante-brut-rozovoe-merlo-igristoe-bryut-rozovoe-115,brule frizzante brut розовое,фанагория,Розовое,,,train
fanagoriya-brule-frizzante-polusladkoe-beloe-pino-nuar-11,brule frizzante полусладкое белое,фанагория,Белое,,,train
fanagoriya-brule-muscat-ottonel-brut-muskat-ottonel-beloe-polusladkoe-12,brule muscat ottonel brut,фанагория,Белое,,,train
fanagoriya-brule-muscat-ottonel-polusladkoe-muskat-ottonel-beloe-115,brule muscat ottonel полусладкое,фанагория,Белое,,,train
fanagoriya-brule-saperavi-saperavi-igristoe-sladkoe-krasnoe-bryut-125,brule saperavi,фанагория,Красное,,,train
fanagoriya-brule-sauvignon-blanc-brut-sovinon-blan-beloe-bryut-12,brule sauvignon blanc brut,фанагория,Белое,,,train
esse-brut-cuvee-prestige-shardone-beloe-ekstra-bryut-115,brut cuvee prestige,esse,Белое,,,validation
abrau-dyurso-brut-dor-blanc-de-blancs-shardone-beloe-bryut-12,brut d or blanc de blancs,абрау-дюрсо,Белое,,,train
abrau-dyurso-brut-dor-blanc-de-noirs-pino-nuar-beloe-bryut-115,brut d or blanc de noirs,абрау-дюрсо,Белое,,,train
abrau-dyurso-brut-dor-blanc-de-noirs-pino-nuar-beloe-bryut-125,brut d or blanc de noirs,абрау-дюрсо,Белое,,,train
abrau-dyurso-brut-dor-rose-pino-nuar-rozovoe-bryut-12,brut d or rose,абрау-дюрсо,Розовое,,,train
abrau-dyurso-brut-dor-blanc-de-blancs-shardone-beloe-bryut-125,brut d or. blanc de blancs,абрау-дюрсо,Белое,,,train
abrau-dyurso-brut-dor-riesling-risling-beloe-bryut-12,brut d or. riesling,абрау-дюрсо,Белое,,,train
esse-brut-zero-dosage-shardone-beloe-ekstra-bryut-135,brut zero dosage,esse,Белое,,,validation
esse-brut-zero-dosage-shardone-beloe-ekstra-bryut-12,brut zero dosage,esse,Белое,,,validation
vibes-cabernet-franc-pinot-noir-pino-nuar-krasnoe-suhoe-125,cabernet franc – pinot noir,vibes,Красное,,,train
cabernet-franc-2024-one-barrel-by-dmitry-maslov-kaberne-fran-2024-uan-barrel-dmitrij-maslov,cabernet franc 2024 one barrel by dmitry maslov (каберне фран 2024 уан баррел дмитрий маслов),one barrel (уан баррел),Красное,2024,,train
belmas-winery-cabernet-franc-belmas-kaberne-fran-krasnoe-suhoe-14,cabernet franc belmas,belmas winery,Красное,,,validation
chteau-le-grand-vostock-cabernet-franc-reserve-kaberne-fran-krasnoe-suhoe-14,cabernet franc reserve,château le grand vostock,Красное,,,train
cabernet-franc-pinot-noir-2021,cabernet franc-pinot noir 2021,vibes,Красное,2021,,train
cabernet-franc-pinot-noir-2022,cabernet franc-pinot noir 2022,vibes,Красное,2022,,train
chteau-le-grand-vostock-cabernet-sauvignon-kaberne-sovinon-krasnoe-suhoe-14,cabernet sauvignon,château le grand vostock,Красное,,,train
chteau-le-grand-vostock-cabernet-sauvignon-reserve-kaberne-sovinon-krasnoe-suhoe-14,cabernet sauvignon reserve,château le grand vostock,Красное,,,train
belmas-winery-cabernet-sauvignon-rose-belmas-kaberne-sovinon-rozovoe-suhoe-13,cabernet sauvignon rose belmas,belmas winery,Розовое,,,validation
chteau-le-grand-vostock-cadet-karsov-shardone-beloe-suhoe-135,cadet karsov,château le grand vostock,Белое,,,train
cantiani-aligote-riesling,cantiani aligote riesling,шато алвиса,Белое,,,train
cantiani-brut,cantiani brut,шато алвиса,Белое,,,train
cantiani-cabernet-sauvignon,cantiani cabernet sauvignon,шато алвиса,Красное,,,train
cantiani-cabernet-sauvignon-merlot,cantiani cabernet sauvignon merlot,шато алвиса,Красное,,,train
cantiani-cabernet-sauvignon-reserve-2024,"cantiani cabernet sauvignon reserve, 2024",шато алвиса,Красное,2024,,train
cantiani-chardonnay,cantiani chardonnay,шато алвиса,Белое,,,train
cantiani-merlot,cantiani merlot,шато алвиса,Красное,,,train
cantiani-riesling,cantiani riesling,шато алвиса,Белое,,,train
cantiani-riesling-1,cantiani riesling,шато алвиса,Белое,,,train
cantiani-riesling-rkatsiteli,cantiani riesling rkatsiteli,шато алвиса,Белое,,,train
cantiani-rkatsiteli,cantiani rkatsiteli,шато алвиса,Белое,,,train
cantiani-rkatsiteli-1,cantiani rkatsiteli,шато алвиса,Белое,,,train
cantiani-saperavi-merlot,cantiani saperavi merlot,шато алвиса,Красное,,,train
cantiani-semisweet,cantiani semisweet,шато алвиса,Белое,,,train
caucasian-dzharag,caucasian джарагъ,дербент вино,Белое,,,train
belmas-winery-cf-kaberne-fran-krasnoe-suhoe-14,cf,belmas winery,Красное,,,validation
chteau-le-grand-vostock-chardonnay-shardone-beloe-suhoe-14,chardonnay,château le grand vostock,Белое,,,train
gavras-chardonnay-shardone-beloe-suhoe-13,chardonnay,gavras,Белое,,,train
one-barrel-uan-barrel,chardonnay 2024 one barrel by dmitry maslov,one barrel (уан баррел),Белое,2024,,train
vibes-chardonnay-barrel-fermented-shardone-beloe-suhoe-125,chardonnay barrel fermented,vibes,Белое,,,train
chteau-le-grand-vostock-chardonnay-reserve-shardone-beloe-suhoe-14,chardonnay reserve,château le grand vostock,Белое,,,train
stn-winery-chardonnay-vol2-shardone-beloe-suhoe-105,chardonnay vol.2,stn winery,Белое,,,train
chateau-de-talu-merlot,chateau de talu merlot,chateau de talu,Красное,,,train
chateau-tamagne-eno-amber,chateau tamagne eno amber,кубань-вино,Белое,,,train
chateau-tamagne-eno-traminer-i-shardone,chateau tamagne eno траминер и шардоне,кубань-вино,Белое,,,train
chateau-tamagne-grand-dessert-muscat,chateau tamagne grand dessert muscat,кубань-вино,Белое,,,train
chateau-tamagne-grand-dessert-nectar,chateau tamagne grand dessert nectar,кубань-вино,Красное,,,train
chateau-tamagne-nature-orange,chateau tamagne nature. orange,кубань-вино,Оранжевое,,,train
chateau-tamagne-nature-vert,chateau tamagne nature. vert,кубань-вино,Белое,,,train
chateau-tamagne-select-blanc,"chateau tamagne select blanc 0,2 свое вино",кубань-вино,Белое,,,train
chateau-tamagne-select-blanc-brut,chateau tamagne select blanc brut,кубань-вино,Белое,,,train
chateau-tamagne-signature-kaberne,chateau tamagne signature. каберне,кубань-вино,Красное,,,train
chateau-tamagne-signature-saperavi,chateau tamagne signature. саперави,кубань-вино,Красное,,,train
chateau-tamagne-signature-shardone,chateau tamagne signature. шардоне,кубань-вино,Белое,,,train
esse-chenin-blanc-shenen-blan-beloe-suhoe-12,chenin blanc,esse,Белое,,,validation
chenin-blanc-shenen-blan-oleg-repin,chenin blanc (шенен блан. олег репин),oleg repin,Белое,,,train
vinodelnya-batrak-contadina-merlo-krasnoe-suhoe-14,contadina,винодельня батрак,Красное,,,train
cosaque-krasnaya-gorka,cosaque,галицкий и галицкий,Красное,,,train
fanagoriya-cru-lermont-cabernet-franc-kaberne-fran-krasnoe-suhoe-13,cru lermont cabernet franc,фанагория,Красное,,,train
fanagoriya-cru-lermont-cabernet-sauvignon-kaberne-sovinon-krasnoe-suhoe-13,cru lermont cabernet sauvignon,фанагория,Красное,,,train
fanagoriya-cru-lermont-chardonnay-shardone-beloe-suhoe-14,cru lermont chardonnay,фанагория,Белое,,,train
fanagoriya-cru-lermont-merlo-merlo-krasnoe-suhoe-14,cru lermont merlo,фанагория,Красное,,,train
fanagoriya-cru-lermont-petit-verdot-pti-verdo-krasnoe-suhoe-13,cru lermont petit verdot,фанагория,Красное,,,train
fanagoriya-cru-lermont-pinot-noir-pino-nuar-krasnoe-suhoe-13,cru lermont pinot noir,фанагория,Красное,,,train
fanagoriya-cru-lermont-saperavi-saperavi-krasnoe-suhoe-135,cru lermont saperavi,фанагория,Красное,,,train
cru-lermont-risling,cru lermont рислинг,фанагория,Белое,,,train
fanagoriya-cru-lermont-rubinovyy-magaracha-krasnoe-suhoe-13,cru lermont рубиновый магарача,фанагория,Красное,,,train
cuvee-de-vitmer-brut,cuvee de vitmer brut,золотая балка,Белое,,,train
zolotaya-balka-cuvee-de-vitmer-rose-pino-blan-rozovoe-bryut-12,cuvee de vitmer rose,золотая балка,Розовое,,,train
chteau-le-grand-vostock-cuvee-karsov-reserve-shardone-beloe-suhoe-14,cuvee karsov reserve,château le grand vostock,Белое,,,train
agora-winery-cuvee-pino-gridzhio-shardone-bryut-beloe-125,"cuvee пино гриджио шардоне, брют, белое",agora winery,Белое,,,train
agora-winery-cuvee-pino-nuar-shardone-bryut-rozovoe-125,"cuvee пино нуар, шардоне, брют, розовое",agora winery,Розовое,,,train
stn-winery-cyberpunk-pino-nuar-krasnoe-suhoe-12,cyberpunk,stn winery,Красное,,,train
caperavi-avtorskoe-vino,cаперави. авторское вино,массандра,Красное,,,train
cary-pandas-avtorskoe-vino,cары пандас. авторское вино,массандра,Белое,,,train
cira-avtorskoe-vino,cира. авторское вино,массандра,Красное,,,train
daniel-2021,"daniel, 2021",winemafia,Красное,2021,,train
daniel-22,"daniel, 2022",winemafia,Красное,2022,,train
david,"david, 2020",winemafia,Красное,2020,,train
david-2021,"david, 2021",winemafia,Красное,2021,,train
david-2022,"david, 2022",winemafia,Красное,2022,,train
esse-demi-sec-muscat-nectar-muskat-belyy-beloe-ekstra-bryut-115,demi-sec muscat nectar,esse,Белое,,,validation
di-caspico-rozovoe-bryut,di caspico розовое брют,дербент вино,Розовое,,,train
esse-dolinnoe-cabernet-franc-kaberne-fran-krasnoe-suhoe-13,dolinnoe cabernet franc,esse,Красное,,,validation
esse-dolinnoe-chrdvnr-shardone-beloe-suhoe-13,dolinnoe chrd+vnr,esse,Белое,,,validation
dry-red-wine-56-rubinovyj-magaracha-oleg-repin,dry red wine #56 (рубиновый магарача. олег репин),oleg repin,Красное,,,train
oleg-repin-duvankoy-aligote-aligote-beloe-suhoe-13,duvankoy aligote,oleg repin,Белое,,,train
usadba-divnomorskoe-east-hill-vione-beloe-suhoe-127,east hill,усадьба дивноморское,Белое,,,train
vinogradniki-gay-kodzora-elegance-rose-de-gai-kodzor-sira-rozovoe-suhoe-125,elegance. rose de gai-kodzor,виноградники гай-кодзора,Розовое,,,test
eleonora,"eleonora, 2021",winemafia,Белое,2021,,train
villa-di-alma-en-barrique-shardone-beloe-ekstra-bryut-12,en barrique,villa di alma,Белое,,,test
esse-esse-grand-cuvee-60-shardone-beloe-ekstra-bryut-115,esse grand cuvee 60,esse,Белое,,,validation
esse-esse-millesime-brut-zero-dosage-shardone-beloe-ekstra-bryut-115,esse millesime brut zero dosage,esse,Белое,,,validation
esse-esse-rose-zero-dosage-shardone-rozovoe-ekstra-bryut-115,esse rose zero dosage,esse,Розовое,,,validation
esse-esse-sira-krasnoe-suhoe-12,esse сира,esse,Красное,,,validation
esse-esse-shardone-beloe-suhoe-125,esse шардоне,esse,Белое,,,validation
aya-organic-wine-vineyards-evolution-chardonnay-shardone-beloe-suhoe-124,evolution chardonnay,aya organic wine & vineyards,Белое,,,train
evolution-pinot-noir,evolution pinot noir,aya organic wine & vineyards,Розовое,,,train
aya-organic-wine-vineyards-evolution-pinot-noir-pino-nuar-krasnoe-suhoe-125,evolution pinot noir,aya organic wine & vineyards,Красное,,,train
evolution-pinot-noir-bryut-beloe,"evolution pinot noir, брют, белое",aya organic wine & vineyards,Белое,,,train
evolution-pinot-noir-bryut-rozovoe,"evolution pinot noir, брют, розовое",aya organic wine & vineyards,Розовое,,,train
evolution-reserve-pinot-noir,evolution reserve pinot noir,aya organic wine & vineyards,Красное,,,train
shato-pino-exclusive-vione-risling-beloe-suhoe-115,exclusive вионье - рислинг,шато пино,Белое,,,test
shato-pino-exclusive-kaberne-sovinon-shiraz-krasnoe-suhoe-135,exclusive каберне совиньон - шираз,шато пино,Красное,,,test
shato-pino-exclusive-pino-nuar-merlo-krasnoe-suhoe-135,exclusive пино нуар - мерло,шато пино,Красное,,,test
shato-pino-exclusive-shardone-pino-gri-beloe-suhoe-125,exclusive шардоне - пино гри,шато пино,Белое,,,test
chteau-le-grand-vostock-fagotine-pino-gri-beloe-polusladkoe-105,fagotine,château le grand vostock,Белое,,,train
chteau-le-grand-vostock-fagotine-pino-gri-rozovoe-polusladkoe-11,fagotine,château le grand vostock,Розовое,,,train
fanagoriya-fanagoria-extra-brut-rose-2019-pino-nuar-igristoe-bryut-rozovoe-ekstra-bryut-12,fanagoria extra brut rose 2019,фанагория,Розовое,2019,,train
abrau-dyurso-femme-dabrau-amurskiy-potapenko-krasnoe-suhoe-107,femme d’abrau,абрау-дюрсо,Красное,,,train
fiori-di-mare-krasnoe-polusuhoe,fiori di mare красное полусухое,дербент вино,Красное,,,train
vinodelnya-myshako-flute-blaufrankish-rozovoe-bryut-126,flute блауфранкиш,мысхако,Розовое,,,train
vinodelnya-myshako-flute-bryut-beloe-shardone-11,flute брют белое,мысхако,Белое,,,train
vinodelnya-myshako-flute-vione-aligote-beloe-bryut-12,flute вионье алиготе,мысхако,Белое,,,train
vinodelnya-myshako-flute-gevyurtstraminer-sovinon-blan-beloe-bryut-122,flute гевюрцтраминер совиньон блан,мысхако,Белое,,,train
fanagoriya-formula-q-saperavi-krasnoe-suhoe-135,formula q,фанагория,Красное,,,train
vinogradniki-gay-kodzora-gewurztraminer-de-gai-kodzor-gevyurtstraminer-beloe-polusuhoe-135,gewurztraminer de gai-kodzor,виноградники гай-кодзора,Белое,,,test
glu-glu-butch,"glu glu butch, 2022",winemafia,Красное,2022,,train
glu-glu-mr-mouse-2022,"glu glu mr.mouse, 2022",winemafia,Красное,2022,,train
glu-glu-samba,"glu glu samba, 2022",winemafia,Красное,2022,,train
golubitskoe-estate-chardonnay,golubitskoe estate chardonnay,поместье голубицкое,Белое,,,train
golubitskoe-estate-risling,golubitskoe estate рислинг,golubitskoe estate,Белое,,,train
golubitskoe-rose,golubitskoe rose,поместье голубицкое,Розовое,,,train
good-steak-cabernet,good steak cabernet,olymp winery,Красное,,,train
good-steak-merlot,good steak merlot,olymp winery,Красное,,,train
grand-jete-blanc-de-blancs,grand jete blanc de blancs,галицкий и галицкий,Белое,,,train
grand-jete-blanc-de-noirs,grand jete blanc de noirs,галицкий и галицкий,Белое,,,train
grand-jete-cuvee,grand jete cuvee,галицкий и галицкий,Белое,,,train
grand-jete-rose,grand jete rose,галицкий и галицкий,Розовое,,,train
chteau-le-grand-vostock-grand-karsov-shardone-beloe-suhoe-14,grand karsov,château le grand vostock,Белое,,,train
shato-pino-grand-reserve-cabernet-franc-kaberne-fran-krasnoe-suhoe-135,grand reserve cabernet franc,шато пино,Красное,,,test
shato-pino-grand-reserve-cabernet-sauvignon-kaberne-sovinon-krasnoe-suhoe-135,grand reserve cabernet sauvignon,шато пино,Красное,,,test
shato-pino-grand-reserve-chardonnay-shardone-beloe-suhoe-125,grand reserve chardonnay,шато пино,Белое,,,test
shato-pino-grand-reserve-pinot-noir-pino-nuar-krasnoe-suhoe-135,grand reserve pinot noir,шато пино,Красное,,,test
usadba-divnomorskoe-grande-cuvee-shardone-beloe-bryut-125,grande cuvee,усадьба дивноморское,Белое,,,train
usadba-divnomorskoe-grande-rose-pino-nuar-rozovoe-ekstra-bryut-125,grande rose,усадьба дивноморское,Розовое,,,train
green-cape-risling,green cape рислинг,мысхако,Белое,,,train
green-cape-sovinon-blan,green cape совиньон блан,мысхако,Белое,,,train
agrolayn-heritage-dg-skin-contact-red-saperavi-krasnoe-suhoe-13,heritage dg skin contact red,агролайн,Красное,,,test
agrolayn-heritage-dg-skin-contact-rkatsiteli-rkatsiteli-krasnoe-suhoe-12,heritage dg skin contact rkatsiteli,агролайн,Красное,,,test
agrolayn-heritage-dg-skin-contact-rkatsiteli-rkatsiteli-beloe-suhoe-12,heritage dg skin contact rkatsiteli,агролайн,Белое,,,test
fanagoriya-ice-wine-kaberne-kaberne-sovinon-krasnoe-sladkoe-11,ice wine каберне,фанагория,Красное,,,train
fanagoriya-ice-wine-merlo-rozovoe-sladkoe-10,ice wine мерло розовое,фанагория,Розовое,,,train
shato-pino-ice-wine-risling-risling-reynskiy-beloe-sladkoe-11,ice wine рислинг,шато пино,Белое,,,test
fanagoriya-ice-wine-risling-tihoe-beloe-sladkoe-10,ice wine рислинг тихое,фанагория,Белое,,,train
fanagoriya-ice-wine-saperavi-tihoe-krasnoe-sladkoe-10,ice wine саперави тихое,фанагория,Красное,,,train
vinodelnya-molchanova-ice-wine-tsvetochnyy-beloe-sladkoe-11,ice wine цветочный,винодельня молчанова,Белое,,,train
inkermanskiy-zmv-inkerman-bryut-shardone-beloe-135,inkerman брют,инкерманский змв,Белое,,,train
inkerman-muskatnoe-beloe,inkerman мускатное белое,инкерманский змв,Белое,,,train
inkermanskiy-zmv-inkerman-polusladkoe-roze-aligote-rozovoe-135,inkerman полусладкое розе,инкерманский змв,Розовое,,,train
inkerman-shato-ruzh,inkerman шато руж,инкерманский змв,Красное,,,train
zolotoe-pole-kaffa-vione-beloe-suhoe-13,kaffa вионье,золотое поле,Белое,,,train
zolotoe-pole-kaffa-kaberne-sovinon-krasnoe-suhoe-125,kaffa каберне совиньон,золотое поле,Красное,,,train
zolotoe-pole-kaffa-kaberne-fran-krasnoe-suhoe-14,kaffa каберне фран,золотое поле,Красное,,,train
zolotoe-pole-kaffa-malbek-krasnoe-suhoe-125,kaffa мальбек,золотое поле,Красное,,,train
zolotoe-pole-kaffa-moskato-dzhallo-moskato-dzhallo-beloe-suhoe-135,kaffa москато джалло,золотое поле,Белое,,,train
zolotoe-pole-kaffa-saperavi-krasnoe-suhoe-14,kaffa саперави,золотое поле,Красное,,,train
zolotoe-pole-kaffa-shardone-beloe-suhoe-125,kaffa шардоне,золотое поле,Белое,,,train
kaffa-joy-malbec-glu-glu,kaffa joy malbec glu glu,золотое поле,Красное,,,train
kaffa-joy-malvasia,kaffa joy malvasia,золотое поле,Белое,,,train
kaffa-joy-merlot-malbec,kaffa joy merlot / malbec,золотое поле,Розовое,,,train
kaffa-joy-rkatsiteli,kaffa joy rkatsiteli,золотое поле,Белое,,,train
katharon-brut,katharon brut,katharon,Белое,,,train
katharon-semi-sweet,katharon semi-sweet,katharon,Белое,,,train
katharon-katharon-brut-blanc-de-blan,katharon: brut (blanc de blan),katharon,Белое,,,train
katharon-katharon-kaberne-fran,katharon: каберне фран,katharon,Красное,,,train
katharon-katharon-merlo,katharon: мерло,katharon,Красное,,,train
katharon-katharon-risling-suhoe,katharon: рислинг сухое,katharon,Белое,,,train
katharon-katharon-sovinon-blan,katharon: совиньон блан,katharon,Белое,,,train
katharon-katharon-shardone,katharon: шардоне,katharon,Белое,,,train
vinodelnya-konstantina-dzitoeva-kd-bryut-shardone-beloe-115,kd брют,винодельня константина дзитоева,Белое,,,train
kd-kokur,kd кокур,винодельня константина дзитоева,Белое,,,train
vinodelnya-konstantina-dzitoeva-kd-rezerv-merlo-krasnoe-suhoe-12,kd резерв,винодельня константина дзитоева,Красное,,,train
vinodelnya-konstantina-dzitoeva-kd-shardone-beloe-suhoe-128,kd шардоне,винодельня константина дзитоева,Белое,,,train
khrustaleva-76-merlot-polusuhoe-rozovoe,"khrustaleva 76 merlot, полусухое, розовое",aya organic wine & vineyards,Розовое,,,train
khrustaleva-76-muscat-bryut-beloe,"khrustaleva 76 muscat, брют, белое",aya organic wine & vineyards,Белое,,,train
khrustaleva-76-muscat-polusladkoe-beloe,"khrustaleva 76 muscat, полусладкое, белое",aya organic wine & vineyards,Белое,,,train
chteau-le-grand-vostock-krasnostop-reserve-krasnostop-krasnoe-suhoe-14,krasnostop reserve,château le grand vostock,Красное,,,train
agrolayn-lame-du-vin-saperavi-krasnoe-suhoe-13,l ame du vin,агролайн,Красное,,,test
chteau-le-grand-vostock-le-chene-royal-reserve-merlo-krasnoe-suhoe-145,le chene royal reserve,château le grand vostock,Красное,,,train
le-general-hiver,le general hiver,галицкий и галицкий,Белое,,,train
zolotoe-pole-legend-of-crimea-cabernet-sauvignon-kaberne-sovinon-krasnoe-suhoe-125,legend of crimea cabernet sauvignon,золотое поле,Красное,,,train
zolotoe-pole-legend-of-crimea-chardonnay-shardone-beloe-suhoe-13,legend of crimea chardonnay,золотое поле,Белое,,,train
zolotoe-pole-legend-of-crimea-malbec-malbek-krasnoe-suhoe-125,legend of crimea malbec,золотое поле,Красное,,,train
zolotoe-pole-legend-of-crimea-muscat-ottonel-muskat-ottonel-beloe-suhoe-14,legend of crimea muscat ottonel,золотое поле,Белое,,,train
zolotoe-pole-legend-of-crimea-pinot-gris-rose-pino-gri-rozovoe-suhoe-135,legend of crimea pinot gris rose,золотое поле,Розовое,,,train
zolotoe-pole-legend-of-crimea-red-blend-kaberne-sovinon-krasnoe-suhoe-14,legend of crimea red blend,золотое поле,Красное,,,train
zolotoe-pole-legend-of-crimea-sauvignon-blanc-sovinon-blan-beloe-suhoe-13,legend of crimea sauvignon blanc,золотое поле,Белое,,,train
zolotoe-pole-legend-of-crimea-white-blend-malvaziya-beloe-suhoe-135,legend of crimea white blend,золотое поле,Белое,,,train
leto-kaberne-sovinon-2023-polusuhoe-krasnoe,leto каберне совиньон 2023 полусухое красное,leto,Красное,2023,,test
leto-kaberne-fran-2021-suhoe-krasnoe,leto каберне фран 2021 сухое красное,leto,Красное,2021,,test
leto-kaberne-fran-2024-polusladkoe-krasnoe,leto каберне фран 2024 полусладкое красное,leto,Красное,2024,,test
leto-kaberne-fran-rezerv-2020-suhoe-krasnoe,leto каберне фран резерв 2020 сухое красное,leto,Красное,2020,,test
leto-kaberne-fran-rezerv-2021-suhoe-krasnoe,leto каберне фран резерв 2021 сухое красное,leto,Красное,2021,,test
leto-kollekcziya-vinodela-2020-suhoe-krasnoe,leto коллекция винодела 2020 сухое красное,leto,Красное,2020,,test
leto-kollekcziya-leta-2020-suhoe-beloe,leto коллекция лета 2020 сухое белое,leto,Белое,2020,,test
leto-kollekcziya-leta-2020-suhoe-beloe-1,leto коллекция лета 2020 сухое розовое,leto,Розовое,2020,,test
leto-kollekcziya-leta-kupazh-2021-suhoe-beloe,leto коллекция лета купаж 2021 сухое белое,leto,Белое,2021,,test
leto-kollekcziya-leta-kupazh-2023-suhoe-krasnoe,leto коллекция лета купаж 2023 сухое красное,leto,Красное,2023,,test
leto-vecrfn-2024-suhoe-vino,leto мускат 2024 сухое белое,leto,Белое,2024,,test
leto-muskat-oranzh-2024-suhoe-vino,leto мускат оранж 2024 сухое белое,leto,Белое,2024,,test
leto-risling-2020,leto рислинг 2020 сухое белое,leto,Белое,2020,,test
leto-risling-2024-polusuhoe-vino,leto рислинг 2024 полусухое белое,leto,Белое,2024,,test
leto-risling-2024,leto рислинг 2024 сухое белое,leto,Белое,2024,,test
leto-shardone-2023-suhoe-beloe,leto шардоне 2023 сухое белое,leto,Белое,2023,,test
oleg-repin-listva-cabernet-sauvignon-kaberne-sovinon-krasnoe-suhoe-14,listva cabernet sauvignon,oleg repin,Красное,,,train
oleg-repin-listva-syrah-sira-krasnoe-suhoe-14,listva syrah,oleg repin,Красное,,,train
locantita-sauvignon-blanc-chardonnay,locantita sauvignon blanc-chardonnay,alma valley,Белое,,,validation
locantita-more,locantita море,скалистый берег,Красное,,,train
loco-cimbali-loco-cimbali-pinot-meunier-mene-krasnoe-suhoe-125,loco cimbali pinot meunier,loco cimbali,Красное,,,train
loco-cimbali-loco-cimbali-red-kaberne-sovinon-krasnoe-suhoe-135,loco cimbali red,loco cimbali,Красное,,,train
magnatum-blanc-de-blancs,magnatum blanc de blancs,mantra estate,Белое,,,validation
magnatum-cuvee-m-blanc-de-blancs,magnatum cuvee m blanc de blancs,mantra estate,Белое,,,validation
magnatum-rose,magnatum rose,mantra estate,Розовое,,,validation
makitra-selection,makitra selection,кубань-вино,Белое,,,train
vinogradniki-gay-kodzora-malbec-de-gai-kodzor-malbek-krasnoe-suhoe-135,malbec de gai-kodzor,виноградники гай-кодзора,Красное,,,test
belmas-winery-malbec-katya-malbek-rozovoe-suhoe-129,malbec katya,belmas winery,Розовое,,,validation
belmas-winery-malbec-katya-belmas-malbek-rozovoe-suhoe-11,malbec katya belmas,belmas winery,Розовое,,,validation
vinogradniki-gay-kodzora-malbec-red-klen-de-gai-kodzor-malbek-krasnoe-suhoe-135,malbec red klen de gai-kodzor,виноградники гай-кодзора,Красное,,,test
domaine-de-la-vivandiere-malbec-vivandiere-roze-malbek-rozovoe-suhoe-125,malbec vivandiere розе,domaine de la vivandiere,Розовое,,,train
esse-mama-marselan-krasnoe-suhoe-115,mama,esse,Красное,,,validation
mancopia-kaberne-sovinon,mancopia каберне совиньон,mancopia,Красное,,,train
mancopia-meritazh,mancopia меритаж,mancopia,Красное,,,train
mancopia-risling,mancopia рислинг,mancopia,Белое,,,train
mancopia-saperavi,mancopia саперави,mancopia,Красное,,,train
mancopia-sira,mancopia сира,mancopia,Красное,,,train
mantra-blanc-de-blancs,mantra blanc de blancs,mantra estate,Белое,,,validation
wine-1,"margarita, 2022",winemafia,Белое,2022,,train
margarita,"margarita, 2023",winemafia,Белое,2023,,train
usadba-divnomorskoe-maris-blanc-de-blanc-extra-brut-shardone-beloe-ekstra-bryut-105,maris blanc de blanc extra brut,усадьба дивноморское,Белое,,,train
usadba-divnomorskoe-maris-blanc-de-noirs-extra-brut-pino-nuar-beloe-ekstra-bryut-105,maris blanc de noirs extra brut,усадьба дивноморское,Белое,,,train
marquetry-cabernet-franc,marquetry cabernet franc,aya organic wine & vineyards,Красное,,,train
marquetry-syrah,marquetry syrah,aya organic wine & vineyards,Красное,,,train
marquetry-syrah-merlot-cabernet-franc,"marquetry syrah, merlot, cabernet franc",aya organic wine & vineyards,Красное,,,train
usadba-divnomorskoe-marselan-marselan-krasnoe-suhoe-149,marselan,усадьба дивноморское,Красное,,,train
gavras-masour-murvedr-rozovoe-suhoe-12,masour,gavras,Розовое,,,train
usadba-divnomorskoe-merlot-merlo-krasnoe-suhoe-149,merlot,усадьба дивноморское,Красное,,,train
chteau-le-grand-vostock-merlot-merlo-krasnoe-suhoe-14,merlot,château le grand vostock,Красное,,,train
ferrum-winery-merlot-merlo-krasnoe-suhoe-13,merlot,ferrum winery,Красное,,,train
chteau-le-grand-vostock-merlot-reserve-merlo-krasnoe-suhoe-145,merlot reserve,château le grand vostock,Красное,,,train
method-classic-kokur,method classic кокур,винодельня братьев мельниковых,Белое,,,train
millstream-alamak-bryut-beloe,millstream alamak брют белое,millstream,Белое,,,train
millstream-av-igristoe-molodoe-polusuhoe-beloe,millstream av игристое молодое полусухое белое,millstream,Белое,,,train
millstream-av-igristoe-molodoe-suhoe-beloe,"millstream av игристое молодое, сухое, белое",millstream,Белое,,,train
millstream-cellar-blanc-de-blanc-ekstra-bryut-beloe,millstream cellar blanc de blanc игристое экстра брют белое,millstream,Белое,,,train
millstream-cellar-select-blend-avtohtonov,millstream cellar select бленд автохтонов,millstream,Красное,,,train
millstream-cellar-select-kaberne-sovinon,millstream cellar select каберне совиньон,millstream,Красное,,,train
millstream-cellar-select-krasnostop-zolotovskij,millstream cellar select красностоп золотовский,millstream,Красное,,,train
millstream-cellar-select-saperavi,millstream cellar select саперави,millstream,Красное,,,train
millstream-cellar-vyderzhannoe-igristoe-polusuhoe-beloe,millstream cellar выдержанное игристое полусухое белое,millstream,Белое,,,train
millstream-cellar-rezerv-blend-4,millstream cellar резерв бленд no4,millstream,Красное,,,train
miroir-de-talu-merlot-cabernet-sauvignon,miroir de talu merlot cabernet sauvignon,chateau de talu,Красное,,,train
miroir-de-talu-merlot-krasnostop,miroir de talu merlot красностоп,chateau de talu,Красное,,,train
mont-blanc-cuvee,mont blanc cuvée,шато алвиса,Белое,,,train
mont-blanc-blanc-de-blancs,"mont blanc, blanc de blancs",шато алвиса,Белое,,,train
vinodelnya-batrak-monte-di-cammello-nuvola-bianca-risling-beloe-suhoe-12,monte di cammello nuvola bianca,винодельня батрак,Белое,,,train
monte-garu-beloe-bryut,monte garu белое брют,дербент вино,Белое,,,train
monte-garu-beloe-polusladkoe,monte garu белое полусладкое,дербент вино,Белое,,,train
vibes-montepulciano-cabernet-franc-petit-verdot-montepulchano-krasnoe-suhoe-125,montepulciano – cabernet franc – petit verdot,vibes,Красное,,,train
gunko-winery-monumental-bryut-shardone-beloe-12,monumental брют,gunko winery,Белое,,,train
gunko-winery-monumental-saperavi-krasnoe-suhoe-145,monumental саперави,gunko winery,Красное,,,train
agrolayn-mountain-eagle-aleatico-rose-aleatiko-rozovoe-suhoe-125,mountain eagle aleatico rose,агролайн,Розовое,,,test
agrolayn-mountain-eagle-cabernet-sauvignon-kaberne-sovinon-krasnoe-suhoe-135,mountain eagle cabernet sauvignon,агролайн,Красное,,,test
agrolayn-mountain-eagle-chardonnay-shardone-beloe-suhoe-12,mountain eagle chardonnay,агролайн,Белое,,,test
agrolayn-mountain-eagle-marselan-marselan-krasnoe-suhoe-13,mountain eagle marselan,агролайн,Красное,,,test
agrolayn-mountain-eagle-muscat-muskat-beloe-suhoe-125,mountain eagle muscat,агролайн,Белое,,,test
agrolayn-mountain-eagle-pedro-ximenez-pedro-himenes-beloe-suhoe-11,mountain eagle pedro ximenez,агролайн,Белое,,,test
agrolayn-mountain-eagle-saperavi-saperavi-krasnoe-suhoe-135,mountain eagle saperavi,агролайн,Красное,,,test
agrolayn-mountain-eagle-sauvignon-blanc-sovinon-blan-beloe-suhoe-125,mountain eagle sauvignon blanc,агролайн,Белое,,,test
agrolayn-mountain-eagle-semillon-semilon-beloe-suhoe-11,mountain eagle semillon,агролайн,Белое,,,test
agrolayn-mountain-eagle-traminer-traminer-beloe-suhoe-12,mountain eagle traminer,агролайн,Белое,,,test
agrolayn-mountain-eagle-viognier-vione-beloe-suhoe-115,mountain eagle viognier,агролайн,Белое,,,test
agrolayn-mountain-eagle-white-blend-vione-beloe-suhoe-115,mountain eagle white blend,агролайн,Белое,,,test
andryus-yutsis-muscat-blanc-muskat-beloe-suhoe-112,muscat blanc,andryus yutsis,Белое,,,train
vinogradniki-gay-kodzora-muscat-de-gai-kodzor-sladkiy-muskat-aleksandriyskiy-beloe-sladkoe-14,muscat de gai-kodzor сладкий,виноградники гай-кодзора,Белое,,,test
vinogradniki-gay-kodzora-muscat-ga-kodzor-muskat-melkozernistyy-beloe-suhoe-12,muscat gaï-kodzor,виноградники гай-кодзора,Белое,,,test
usadba-divnomorskoe-muscat-ottonel-muskat-ottonel-beloe-sladkoe-135,muscat ottonel,усадьба дивноморское,Белое,,,train
esse-muskat-muskat-belyy-beloe-ekstra-bryut-115,muskat,esse,Белое,,,validation
naomi-2022,"naomi, 2022",winemafia,Розовое,2022,,train
naomi-2023,"naomi, 2023",winemafia,Розовое,2023,,train
nebbiolo,nebbiolo,галицкий и галицкий,Красное,,,train
esse-nectar-muscat-muskat-belyy-beloe-polusuhoe-12,nectar muscat,esse,Белое,,,validation
golubitskoe-estate-noble-selection-red-blend-kaberne-sovinon-krasnoe-suhoe-136,noble selection red blend,golubitskoe estate,Красное,,,train
golubitskoe-estate-noble-selection-white-blend-shardone-beloe-suhoe-135,noble selection white blend,golubitskoe estate,Белое,,,train
pomeste-golubitskoe-noble-selection-pino-nuar-roze-rozovoe-suhoe-132,noble selection. пино нуар розе,golubitskoe estate,Розовое,,,train
nosorog-gold,nosorog gold,winemafia,Красное,,,train
nosorog-night,nosorog night,winemafia,Красное,,,train
esse-odessa-black-odesskiy-chernyy-krasnoe-suhoe-12,odessa black,esse,Красное,,,validation
opium,"opium, 2020",winemafia,Красное,2020,,train
andryus-yutsis-orange-vermentino-beloe-suhoe-112,orange,andryus yutsis,Белое,,,train
orange,"orange, 2023",winemafia,Белое,2023,,train
andryus-yutsis-organic-syrah-sira-krasnoe-suhoe-135,organic syrah,andryus yutsis,Красное,,,train
fanagoriya-par-amour-pervenets-magaracha-beloe-polusladkoe-105-125,par amour,фанагория,Белое,,,train
fanagoriya-par-amour-rubin-golodrigi-krasnoe-polusladkoe-105-125,par amour,фанагория,Красное,,,train
fanagoriya-par-amour-pervenets-magaracha-rozovoe-polusuhoe-105-125,par amour,фанагория,Розовое,,,train
fanagoriya-par-amour-pervenets-magaracha-beloe-polusuhoe-105-125,par amour,фанагория,Белое,,,train
uppa-winery-pavel-shvets-cabernet-sauvignon-merlot-kaberne-sovinon-krasnoe-suhoe-14,pavel shvets. cabernet sauvignon - merlot,uppa winery,Красное,,,train
fanagoriya-pelle-calda-saperavi-krasnoe-suhoe-155,pelle calda,фанагория,Красное,,,train
domaine-lipko-penpalo-cabernet-sauvignon-domaine-lipko-kaberne-sovinon-krasnoe-suhoe-14,penpalo cabernet sauvignon domaine lipko,domaine lipko,Красное,,,train
domaine-lipko-penpalo-chardonnay-domaine-lipko-shardone-beloe-suhoe-122,penpalo chardonnay domaine lipko,domaine lipko,Белое,,,train
domaine-lipko-penpalo-kaberne-sovinon-krasnoe-suhoe-14,penpalo каберне совиньон,domaine lipko,Красное,,,train
vinodelnya-batrak-perfekt-klassik-kaberne-sovinon-krasnoe-suhoe-135,perfekt klassik каберне совиньон,винодельня батрак,Красное,,,train
vinodelnya-batrak-perfekt-klassik-kaberne-fran-krasnoe-suhoe-135,perfekt klassik каберне фран,винодельня батрак,Красное,,,train
vinodelnya-batrak-perfekt-klassik-merlo-krasnoe-suhoe-135,perfekt klassik мерло,винодельня батрак,Красное,,,train
vinodelnya-batrak-perfekt-klassik-muskat-belyy-beloe-suhoe-125,perfekt klassik мускат белый,винодельня батрак,Белое,,,train
vinodelnya-batrak-perfekt-klassik-muskat-rozovyy-rozovoe-suhoe-125,perfekt klassik мускат розовый,винодельня батрак,Розовое,,,train
vinodelnya-batrak-perfekt-klassik-saperavi-krasnoe-suhoe-135,perfekt klassik саперави,винодельня батрак,Красное,,,train
vinodelnya-batrak-perfekt-klassik-sovinon-blan-beloe-suhoe-125,perfekt klassik совиньон блан,винодельня батрак,Белое,,,train
vinodelnya-batrak-perfekt-klassik-pino-nuar-krasnoe-suhoe-12,perfekt klassik. пино нуар,винодельня батрак,Красное,,,train
esse-petit-verdot-pti-verdo-krasnoe-suhoe-13,petit verdot,esse,Красное,,,validation
domaine-lipko-petit-verdot-domaine-lipko-pti-verdo-krasnoe-suhoe-14,petit verdot domaine lipko,domaine lipko,Красное,,,train
petrouchka,petrouchka,галицкий и галицкий,Белое,,,train
belmas-winery-pg-pino-gri-beloe-suhoe-125,pg,belmas winery,Белое,,,validation
zolotaya-balka-pink-sira-rozovoe-suhoe-13,pink,золотая балка,Розовое,,,train
oleg-repin-pinot-blanc-pino-blan-beloe-suhoe-13,pinot blanc,oleg repin,Белое,,,train
andryus-yutsis-pinot-grigio-pino-gri-beloe-suhoe-125,pinot grigio,andryus yutsis,Белое,,,train
belmas-winery-pinot-gris-belmas-pino-gri-beloe-suhoe-122,pinot gris belmas,belmas winery,Белое,,,validation
chteau-le-grand-vostock-pinot-gris-reserve-pino-gri-beloe-suhoe-135,pinot gris reserve,château le grand vostock,Белое,,,train
chteau-le-grand-vostock-pinot-gris-rose-reserve-pino-gri-rozovoe-suhoe-14,pinot gris rose reserve,château le grand vostock,Розовое,,,train
oleg-repin-pinot-noir-pino-nuar-krasnoe-suhoe-135,pinot noir,oleg repin,Красное,,,train
ferrum-winery-pinot-noir-pino-nuar-rozovoe-suhoe-13,pinot noir,ferrum winery,Розовое,,,train
usadba-divnomorskoe-pinot-noir-pino-nuar-krasnoe-suhoe-12,pinot noir,усадьба дивноморское,Красное,,,train
pinot-noir-2024-one-barrel-by-dmitry-maslov-pino-nuar-2024-uan-barrel-dmitrij-maslov,pinot noir 2024 one barrel by dmitry maslov (пино нуар 2024 уан баррел дмитрий маслов),one barrel (уан баррел),Красное,2024,,train
domaine-lipko-pinot-noir-domaine-lipko-pino-nuar-krasnoe-suhoe-133,pinot noir domaine lipko,domaine lipko,Красное,,,train
chteau-le-grand-vostock-pinot-noir-reserve-pino-nuar-krasnoe-suhoe-135,pinot noir reserve,château le grand vostock,Красное,,,train
oleg-repin-pinot-noir-v-pino-nuar-krasnoe-suhoe-125,pinot noir в,oleg repin,Красное,,,train
belmas-winery-pn-pino-nuar-krasnoe-suhoe-135,pn,belmas winery,Красное,,,validation
massandra-premium-sangiovese-sandzhoveze-krasnoe-suhoe-13,premium sangiovese,массандра,Красное,,,train
fanagoriya-primum-alveus-blanc-de-blancs-2017-shardone-igristoe-bryut-beloe-12,primum alveus blanc de blancs 2017,фанагория,Белое,2017,,train
fanagoriya-primum-alveus-blanc-de-blancs-ekstra-bryut-2019-shardone-beloe-11-13,primum alveus blanc de blancs экстра брют 2019,фанагория,Белое,2019,,train
fanagoriya-primum-alveus-brut-2014-shardone-igristoe-bryut-beloe-12,primum alveus brut 2014,фанагория,Белое,2014,,train
fanagoriya-primum-alveus-brut-2016-shardone-igristoe-bryut-beloe-12,primum alveus brut 2016,фанагория,Белое,2016,,train
fanagoriya-primum-alveus-brut-2017-shardone-igristoe-bryut-beloe-12,primum alveus brut 2017,фанагория,Белое,2017,,train
fanagoriya-primum-alveus-extra-brut-2014-pino-nuar-beloe-bryut-12,primum alveus extra brut 2014,фанагория,Белое,2014,,train
fanagoriya-primum-alveus-extra-brut-2016-shardone-beloe-bryut-12,primum alveus extra brut 2016,фанагория,Белое,2016,,train
fanagoriya-primum-alveus-extra-brut-rose-2014-pino-nuar-rozovoe-bryut-12,primum alveus extra brut rose 2014,фанагория,Розовое,2014,,train
fanagoriya-primum-alveus-blanc-de-noirs-meunier-ekstra-bryut-2019-mene-beloe-11-13,primum alveus. blanc de noirs. meunier. экстра брют 2019,фанагория,Белое,2019,,train
fanagoriya-primum-alveus-brut-2021-shardone-beloe-bryut-11-13,primum alveus. brut 2021,фанагория,Белое,2021,,train
fanagoriya-primum-alveus-bryut-2019-pino-nuar-igristoe-bryut-rozovoe-11-13,primum alveus. брют 2019,фанагория,Розовое,2019,,train
fanagoriya-primum-alveus-ekstra-bryut-2017-pino-nuar-beloe-11-13,primum alveus. экстра-брют 2017,фанагория,Белое,2017,,train
aya-organic-wine-vineyards-purity-in-chenin-blanc-shenen-blan-beloe-suhoe-11,purity in chenin blanc,aya organic wine & vineyards,Белое,,,train
aya-organic-wine-vineyards-purity-in-merlot-merlo-rozovoe-suhoe-134,purity in merlot,aya organic wine & vineyards,Розовое,,,train
aya-organic-wine-vineyards-purity-in-syrah-sira-krasnoe-suhoe-146,purity in syrah,aya organic wine & vineyards,Красное,,,train
aya-organic-wine-vineyards-purity-in-syrah-sira-rozovoe-suhoe-132,purity in syrah,aya organic wine & vineyards,Розовое,,,train
aya-organic-wine-vineyards-purity-in-trinity-pino-nuar-rozovoe-suhoe-13,purity in trinity,aya organic wine & vineyards,Розовое,,,train
fanagoriya-q-blanc-sovinon-blan-beloe-suhoe-14,q blanc,фанагория,Белое,,,train
fanagoriya-q-bordeaux-blend-kaberne-sovinon-krasnoe-suhoe-135,q bordeaux blend,фанагория,Красное,,,train
vinodelnya-myshako-quintessence-brut-vione-beloe-bryut-115,quintessence brut. вионье,мысхако,Белое,,,train
vinodelnya-myshako-quintessence-brut-muskat-muskat-belyy-beloe-bryut-12,quintessence brut. мускат,мысхако,Белое,,,train
vinodelnya-myshako-quintessence-new-generation-brut-white-shardone-beloe-bryut-11,quintessence new generation. brut white,мысхако,Белое,,,train
vinodelnya-myshako-quintessence-new-generation-semi-dry-rose-pino-nuar-rozovoe-polusuhoe-11,quintessence new generation. semi-dry rose,мысхако,Розовое,,,train
vinodelnya-myshako-quintessence-new-generation-semi-sweet-white-vione-beloe-polusladkoe-11,quintessence new generation. semi-sweet white,мысхако,Белое,,,train
vinodelnya-myshako-quintessence-new-generation-zinfandel-rozovoe-polusuhoe-115,quintessence new generation. зинфандель,мысхако,Розовое,,,train
vinodelnya-myshako-quintessence-new-generation-risling-zekt-beloe-bryut-125,quintessence new generation. рислинг зект,мысхако,Белое,,,train
vinodelnya-myshako-quintessence-new-generation-sovinon-blan-beloe-suhoe-122,quintessence new generation. совиньон блан,мысхако,Белое,,,train
vinodelnya-myshako-quintessence-new-generation-tempranilo-krasnoe-suhoe-134,quintessence new generation. темпранильо.,мысхако,Красное,,,train
vinodelnya-myshako-quintessence-reserve-pino-nuar-krasnoe-suhoe-148,quintessence reserve. пино нуар,мысхако,Красное,,,train
vinodelnya-myshako-quintessence-reserve-risling-krasnoe-suhoe-131,quintessence reserve. рислинг,мысхако,Красное,,,train
vinodelnya-myshako-quintessence-shtorm-merlo-krasnoe-sladkoe-147,quintessence shtorm. мерло,мысхако,Красное,,,train
vinodelnya-myshako-quintessence-storm-pino-nuar-beloe-suhoe-128,quintessence storm. пино нуар,мысхако,Белое,,,train
vinodelnya-myshako-quintessence-storm-shiraz-krasnoe-polusuhoe-15,quintessence storm. шираз,мысхако,Красное,,,train
vinodelnya-myshako-quintessence-new-generation-kaberne-fran-krasnoe-suhoe-145,quintessence. new generation. каберне фран,мысхако,Красное,,,train
vinodelnya-myshako-quintessence-aligote-beloe-suhoe-128,quintessence. алиготе,мысхако,Белое,,,train
vinodelnya-myshako-quintessence-blaufrankish-rozovoe-bryut-115,quintessence. блауфранкиш,мысхако,Розовое,,,train
vinodelnya-myshako-quintessence-vione-beloe-suhoe-128,quintessence. вионье,мысхако,Белое,,,train
vinodelnya-myshako-quintessence-gevyurtstraminer-beloe-suhoe-128,quintessence. гевюрцтраминер,мысхако,Белое,,,train
vinodelnya-myshako-quintessence-zinfandel-krasnoe-suhoe-155,quintessence. зинфандель,мысхако,Красное,,,train
vinodelnya-myshako-quintessence-kaberne-sovinon-ripasso-krasnoe-suhoe-152,quintessence. каберне совиньон ripasso,мысхако,Красное,,,train
vinodelnya-myshako-quintessence-karmener-krasnoe-suhoe-146,quintessence. карменер,мысхако,Красное,,,train
vinodelnya-myshako-quintessence-sovinon-blan-bryut-beloe-115,quintessence. совиньон блан брют,мысхако,Белое,,,train
usadba-divnomorskoe-rebo-rebo-krasnoe-suhoe-165,rebo,усадьба дивноморское,Красное,,,train
golubitskoe-estate-red-blend-kaberne-sovinon-krasnoe-suhoe-136,red blend,golubitskoe estate,Красное,,,train
esse-ridicule-sira-krasnoe-suhoe-125,ridicule,esse,Красное,,,validation
oleg-repin-riesling-risling-beloe-suhoe-125,riesling,oleg repin,Белое,,,train
ferrum-winery-riesling-risling-reynskiy-beloe-suhoe-11,riesling,ferrum winery,Белое,,,train
vibes-riesling-silvaner-risling-beloe-suhoe-115,riesling - silvaner,vibes,Белое,,,train
belmas-winery-riesling-belmas-risling-beloe-suhoe-135,riesling belmas,belmas winery,Белое,,,validation
belmas-winery-riesling-katya-risling-beloe-suhoe-12,riesling katya,belmas winery,Белое,,,validation
belmas-winery-riesling-katya-belmas-risling-beloe-suhoe-125,riesling katya belmas,belmas winery,Белое,,,validation
domaine-lipko-riesling-m-domaine-lipko-risling-beloe-suhoe-102,riesling m domaine lipko,domaine lipko,Белое,,,train
riesling-dva-petra-2022,riesling два петра 2022,два петра,Белое,2022,,test
riesling,"riesling, 2024",winemafia,Белое,2024,,train
usadba-divnomorskoe-rose-vione-rozovoe-suhoe-125,rose,усадьба дивноморское,Розовое,,,train
esse-rose-sira-rozovoe-suhoe-12,rose,esse,Розовое,,,validation
rose-roze-oleg-repin,rose (розе. олег репин),oleg repin,Розовое,,,train
esse-rose-cuvee-prestige-pino-nuar-rozovoe-bryut-13,rose cuvee prestige,esse,Розовое,,,validation
esse-rose-cuvee-prestige-pino-nuar-rozovoe-bryut-115,rose cuvee prestige,esse,Розовое,,,validation
vinogradniki-gay-kodzora-rose-cuvee-prestige-de-gai-kodzor-murvedr-rozovoe-suhoe-13,rose cuvee prestige de gai-kodzor,виноградники гай-кодзора,Розовое,,,test
vinogradniki-gay-kodzora-rose-de-gai-kodzor-grenash-rozovoe-suhoe-125,rose de gai-kodzor,виноградники гай-кодзора,Розовое,,,test
vinodelnya-myshako-rose-de-noirs-pino-nuar-rozovoe-bryut-123,rose de noirs,мысхако,Розовое,,,train
fanagoriya-rose-kaberne-sovinon-rozovoe-polusuhoe-13,rose. каберне совиньон,фанагория,Розовое,,,train
fanagoriya-rose-kaberne-fran-rozovoe-suhoe-13,rose. каберне фран,фанагория,Розовое,,,train
fanagoriya-rose-saperavi-rozovoe-polusuhoe-125,rose. саперави,фанагория,Розовое,,,train
vinodelnya-myshako-rouge-de-noirs-merlo-krasnoe-bryut-13,rouge de noirs,мысхако,Красное,,,train
fanagoriya-rs-noir-saperavi-krasnoe-polusladkoe-125,rs. noir,фанагория,Красное,,,train
valeriy-zaharin-rubedo-reserve-merlo-krasnoe-suhoe-13,rubedo. reserve,валерий захарьин,Красное,,,train
ruby,"ruby, 2021",winemafia,Красное,2021,,train
sacrum-bryut-beloe,"sacrum, брют, белое",winemafia,Белое,,,train
sacrum-bryut-rozovoe,"sacrum, брют, розовое",winemafia,Розовое,,,train
stn-winery-saignee-sira-rozovoe-suhoe-125,saignee,stn winery,Розовое,,,train
esse-sangiovese-sandzhoveze-krasnoe-suhoe-135,sangiovese,esse,Красное,,,validation
ferrum-winery-saperavi-saperavi-krasnoe-suhoe-12,saperavi,ferrum winery,Красное,,,train
oleg-repin-saperavi-carbonica-saperavi-krasnoe-suhoe-13,saperavi carbonica,oleg repin,Красное,,,train
fanagoriya-saqra-saperavi-krasnoe-suhoe-135,saqra,фанагория,Красное,,,train
chteau-le-grand-vostock-sauvignon-blanc-sovinon-blan-beloe-suhoe-14,sauvignon blanc,château le grand vostock,Белое,,,train
belmas-winery-sauvignon-blanc-belmas-sovinon-blan-beloe-suhoe-13,sauvignon blanc belmas,belmas winery,Белое,,,validation
vinogradniki-gay-kodzora-sauvignon-blanc-de-ga-kodzor-sovinon-blan-beloe-suhoe-12,sauvignon blanc de gaï-kodzor,виноградники гай-кодзора,Белое,,,test
domaine-lipko-sauvignon-blanc-domaine-lipko-sovinon-blan-beloe-suhoe-118,sauvignon blanc domaine lipko,domaine lipko,Белое,,,train
belmas-winery-sauvignon-blanc-katya-sovinon-blan-beloe-suhoe-115,sauvignon blanc katya,belmas winery,Белое,,,validation
belmas-winery-sauvignon-blanc-katya-belmas-sovinon-blan-beloe-suhoe-115,sauvignon blanc katya belmas,belmas winery,Белое,,,validation
chteau-le-grand-vostock-sauvignon-blanc-reserve-sovinon-blan-beloe-suhoe-14,sauvignon blanc reserve,château le grand vostock,Белое,,,train
vinogradniki-gay-kodzora-semillion-de-gai-kodzor-semilon-beloe-sladkoe-12,semillion de gai-kodzor,виноградники гай-кодзора,Белое,,,test
vinodelnya-myshako-sesto-senso-tropicheskiy-vzryv-gevyurtstraminer-beloe-suhoe-12,sesto senso. тропический взрыв,мысхако,Белое,,,train
vinodelnya-myshako-sesto-senso-tropicheskiy-vzryv-sovinon-blan-beloe-suhoe-12,sesto senso. тропический взрыв. совиньон блан,мысхако,Белое,,,train
vinodelnya-myshako-sesto-senso-fruktovyy-vzryv-kaberne-sovinon-krasnoe-suhoe-155,sesto senso. фруктовый взрыв,мысхако,Красное,,,train
vinodelnya-myshako-sesto-senso-yagodnyy-vzryv-merlo-rozovoe-suhoe-122,sesto senso. ягодный взрыв,мысхако,Розовое,,,train
vibes-silvaner-silvaner-beloe-suhoe-125,silvaner,vibes,Белое,,,train
fanagoriya-solera-moscatel-oro-muskat-ottonel-beloe-suhoe-16,solera. moscatel oro,фанагория,Белое,,,train
fanagoriya-solera-porto-negro-saperavi-krasnoe-suhoe-15,solera. porto negro,фанагория,Красное,,,train
fanagoriya-solera-rkatsiteli-ambra-rkatsiteli-beloe-suhoe-15,solera. rkatsiteli ambra,фанагория,Белое,,,train
fanagoriya-solera-saperavi-ruby-saperavi-krasnoe-suhoe-16,solera. saperavi ruby,фанагория,Красное,,,train
inkermanskiy-zmv-special-reserve-rkatsiteli-beloe-suhoe-13,special reserve. ркацители,инкерманский змв,Белое,,,train
abrau-dyurso-spumante-bryut-roze-shardone-rozovoe-12,spumante брют розе,абрау-дюрсо,Розовое,,,train
fanagoriya-sur-lie-chardonnay-shardone-beloe-suhoe-135,sur lie chardonnay,фанагория,Белое,,,train
fanagoriya-sur-lie-clairet-saperavi-krasnoe-suhoe-13,sur lie clairet,фанагория,Красное,,,train
fanagoriya-sur-lie-vi-vi-aligote-beloe-suhoe-125,sur lie vi vi,фанагория,Белое,,,train
stn-winery-syrah-sira-krasnoe-suhoe-13,syrah,stn winery,Красное,,,train
domaine-lipko-syrah-domaine-lipko-sira-krasnoe-suhoe-14,syrah domaine lipko,domaine lipko,Красное,,,train
belmas-winery-syrah-katya-sira-krasnoe-suhoe-125,syrah katya,belmas winery,Красное,,,validation
belmas-winery-syrah-katya-belmas-sira-krasnoe-suhoe-125,syrah katya belmas,belmas winery,Красное,,,validation
tamara-2022,"tamara, 2022",winemafia,Белое,2022,,train
tamara,"tamara, 2023",winemafia,Белое,2023,,train
vinogradniki-gay-kodzora-terroir-blanc-de-ga-kodzor-semilon-beloe-suhoe-13,terroir blanc de gaï-kodzor,виноградники гай-кодзора,Белое,,,test
vinogradniki-gay-kodzora-terroir-de-gai-kodzor-sira-krasnoe-suhoe-14,terroir de gai-kodzor,виноградники гай-кодзора,Красное,,,test
vinogradniki-gay-kodzora-terroir-red-klyon-de-ga-kodzor-sira-krasnoe-suhoe-14,terroir red klеn de gaï-kodzor,виноградники гай-кодзора,Красное,,,test
pomeste-golubitskoe-tte-de-cheval-bryut-risling-reynskiy-beloe-12,tête de cheval брют,golubitskoe estate,Белое,,,train
pomeste-golubitskoe-tte-de-cheval-sladkoe-risling-reynskiy-beloe-12,tête de cheval сладкое,golubitskoe estate,Белое,,,train
pomeste-golubitskoe-tte-de-cheval-sladkoe-roze-pino-gri-rozovoe-115,tête de cheval сладкое розе,golubitskoe estate,Розовое,,,train
pomeste-golubitskoe-tte-de-cheval-blanc-de-blancs-shardone-beloe-bryut-12,tête de cheval blanc de blancs,golubitskoe estate,Белое,,,train
golubitskoe-estate-tte-de-cheval-blanc-de-blancs-shardone-beloe-bryut-12,tête de cheval blanc de blancs,golubitskoe estate,Белое,,,train
golubitskoe-estate-tte-de-cheval-reserve-risling-beloe-bryut-125,tête de cheval reserve,golubitskoe estate,Белое,,,train
golubitskoe-estate-tte-de-cheval-zero-dosage-ekstra-bryut-sovinon-blan-beloe-12,tête de cheval zero dosage экстра брют,golubitskoe estate,Белое,,,train
golubitskoe-estate-tte-de-cheval-bryut-risling-beloe-12,tête de cheval брют,golubitskoe estate,Белое,,,train
golubitskoe-estate-tte-de-chevall-roze-pino-nuar-rozovoe-bryut-12,tête de chevall розе,golubitskoe estate,Розовое,,,train
toile-de-vin-cabernet-sauvignon,toile de vin cabernet sauvignon,aya organic wine & vineyards,Красное,,,train
toile-de-vin-chardonnay,toile de vin chardonnay,aya organic wine & vineyards,Белое,,,train
toile-de-vin-merlot,toile de vin merlot,aya organic wine & vineyards,Красное,,,train
toile-de-vin-pinot-blanc,toile de vin pinot blanc,aya organic wine & vineyards,Белое,,,train
stn-winery-traminer-traminer-beloe-suhoe-13,traminer,stn winery,Белое,,,train
uva-vallis-risling,uva vallis рислинг,uva vallis,Красное,,,train
uva-vallis-sira,uva vallis сира,uva vallis,Красное,,,train
uva-vallis-sovinon-blan,uva vallis совиньон блан,uva vallis,Белое,,,train
uva-vallis-shardone,uva vallis шардоне,uva vallis,Белое,,,train
fanagoriya-velvet-season-risling-beloe-sladkoe-12,velvet season,фанагория,Белое,,,train
fanagoriya-velvet-season-muskat-ottonel-beloe-sladkoe-13,velvet season,фанагория,Белое,,,train
vibes-vermentino-viognier-barrel-fermented-vermentino-beloe-suhoe-115,vermentino – viognier barrel fermented,vibes,Белое,,,train
vermentino-viognier-2022,vermentino-viognier 2022,vibes,Белое,2022,,train
agrolayn-vexillum-blanc-de-blancs-shardone-beloe-bryut-115,vexillum blanc de blancs,агролайн,Белое,,,test
agrolayn-vexillum-blanc-de-noirs-pino-nuar-beloe-bryut-12,vexillum blanc de noirs,агролайн,Белое,,,test
belmas-winery-vi-vione-beloe-suhoe-122,vi,belmas winery,Белое,,,validation
vibes-chardonnay-barrel-fermented-2021,"vibes, chardonnay barrel fermented 2021",vibes,Белое,2021,,train
vibes-glera-col-fondo-2022,"vibes, glera col-fondo 2022",vibes,Белое,2022,,train
vibes-pinot-grigio-2021,"vibes, pinot grigio 2021",vibes,Белое,2021,,train
vibes-riesling-silvaner-2022,"vibes, riesling-silvaner 2022",vibes,Белое,2022,,train
vibes-silvaner-2022,"vibes, silvaner 2022",vibes,Белое,2022,,train
vibes-silvaner-barrel-fermented-2022,"vibes, silvaner barrel fermented 2022",vibes,Белое,2022,,train
silvaner-pet-nat-2022,"vibes, silvaner pet-nat 2022",vibes,Белое,2022,,train
vibes-vermentino-viognier-barrel-fermented-2022,"vibes, vermentino-viognier barrel fermented 2022",vibes,Белое,2022,,train
vibes-montepulchano-kaberne-fran-pti-verdo,"vibes, монтепульчано, каберне фран, пти вердо",vibes,Красное,,,train
abrau-dyurso-victor-dravigny-brut-shardone-beloe-bryut-12,victor dravigny. brut,абрау-дюрсо,Белое,,,train
abrau-dyurso-victor-dravigny-brut-rose-pino-nuar-rozovoe-bryut-12,victor dravigny. brut rose,абрау-дюрсо,Розовое,,,train
abrau-dyurso-victor-dravigny-extra-brut-shardone-beloe-bryut-125,victor dravigny. extra brut,абрау-дюрсо,Белое,,,train
abrau-dyurso-victor-dravigny-koshernoe-bryut-shardone-beloe-125,victor dravigny. кошерное брют,абрау-дюрсо,Белое,,,train
abrau-dyurso-victor-dravigny-krasnoe-polusladkoe-kaberne-sovinon-125,victor dravigny. красное полусладкое,абрау-дюрсо,Красное,,,train
abrau-dyurso-victor-dravigny-polusladkoe-sovinon-blan-beloe-12,victor dravigny. полусладкое,абрау-дюрсо,Белое,,,train
abrau-dyurso-victor-dravigny-polusuhoe-pino-blan-beloe-12,victor dravigny. полусухое,абрау-дюрсо,Белое,,,train
belmas-winery-viogner-katya-vione-beloe-suhoe-135,viogner katya,belmas winery,Белое,,,validation
belmas-winery-viognier-belmas-vione-beloe-suhoe-122,viognier belmas,belmas winery,Белое,,,validation
vinogradniki-gay-kodzora-viognier-de-ga-kodzor-vione-beloe-suhoe-125,viognier de gaï-kodzor,виноградники гай-кодзора,Белое,,,test
belmas-winery-viognier-katya-belmas-vione-beloe-suhoe-135,viognier katya belmas,belmas winery,Белое,,,validation
viognier-special-reserve,viognier special reserve,kalos limen,Белое,,,train
vinodelnya-batrak-vitale-kraft-kaberne-sovinon-krasnoe-suhoe-14,vitale kraft,винодельня батрак,Красное,,,train
domaine-de-la-vivandiere-vn-beloe-aligote-suhoe-131,vn белое,domaine de la vivandiere,Белое,,,train
domaine-de-la-vivandiere-vn-krasnoe-pino-nuar-suhoe-12,vn красное,domaine de la vivandiere,Красное,,,train
chteau-le-grand-vostock-vostock-blanc-sovinon-blan-beloe-suhoe-135,vostock blanc,château le grand vostock,Белое,,,train
usadba-divnomorskoe-west-hill-blend-kaberne-sovinon-krasnoe-suhoe-145,west hill blend,усадьба дивноморское,Красное,,,train
domaine-lipko-white-blend-tsitronnyy-magaracha-beloe-suhoe-115,white blend,domaine lipko,Белое,,,train
domaine-lipko-white-blend-muskat-beloe-polusuhoe-12,white blend,domaine lipko,Белое,,,train
domaine-lipko-white-blend-lipko-muskat-belyy-beloe-polusuhoe-115,white blend lipko,domaine lipko,Белое,,,train
stn-winery-wiess-risling-beloe-suhoe-12,wiess,stn winery,Белое,,,train
winemaker-selection,winemaker selection,инкерманский змв,Белое,,,train
inkermanskiy-zmv-winemakers-selection-saperavi-krasnoe-polusladkoe-12,winemaker s selection саперави,инкерманский змв,Красное,,,train
golubitskoe-estate-winery-series-pino-nuar-rozovoe-suhoe-115,winery series. пино нуар,golubitskoe estate,Розовое,,,train
golubitskoe-estate-winery-series-risling-reynskiy-beloe-suhoe-125,winery series. рислинг рейнский,golubitskoe estate,Белое,,,train
golubitskoe-estate-winery-series-roze-blend-kaberne-sovinon-rozovoe-suhoe-117,winery series. розе бленд,golubitskoe estate,Розовое,,,train
zolotaya-balka-zb-frizzante-dry-risling-beloe-suhoe-10,zb frizzante dry,золотая балка,Белое,,,train
zolotaya-balka-zb-frizzante-semi-dry-rose-risling-rozovoe-polusuhoe-10,zb frizzante semi-dry rose,золотая балка,Розовое,,,train
zolotaya-balka-zb-moscato-semi-sweet-rose-muskat-yantarnyy-rozovoe-polusladkoe-9,zb moscato semi-sweet rose,золотая балка,Розовое,,,train
zolotaya-balka-zb-spumante-brut-risling-beloe-bryut-125,zb spumante brut,золотая балка,Белое,,,train
zolotaya-balka-zb-spumante-semi-dry-risling-beloe-polusuhoe-125,zb spumante semi-dry,золотая балка,Белое,,,train
zb-wine-moscato-beloe-polusladkoe,zb wine moscato белое полусладкое,золотая балка,Белое,,,train
zolotaya-balka-zb-wine-riesling-risling-beloe-polusuhoe-115,zb wine riesling,золотая балка,Белое,,,train
zolotaya-balka-zb-wine-sauvignon-blanc-sovinon-blan-beloe-suhoe-125,zb wine sauvignon blanc,золотая балка,Белое,,,train
abrau-dyurso-udelnoe-vedomstvo-imperatorskoe-beloe-bryut,абрау дюрсо удельное ведомство императорское белое брют,абрау-дюрсо,Белое,,,train
abrau-dyurso-udelnoe-vedomstvo-imperatorskoe-beloe-polusladkoe,абрау дюрсо удельное ведомство императорское белое полусладкое,абрау-дюрсо,Белое,,,train
abrau-dyurso-fizz-beloe-bryut,абрау дюрсо физз белое брют,абрау-дюрсо,Белое,,,train
abrau-dyurso-fizz-beloe-polusladkoe,абрау дюрсо физз белое полусладкое,абрау-дюрсо,Белое,,,train
abrau-dyurso-abrau-kupazh-krasnyy-polsusladkoe-kaberne-sovinon-krasnoe-polusladkoe-11,абрау купаж красный полсусладкое,абрау-дюрсо,Красное,,,train
abrau-dyurso-abrau-kupazh-svetlyy-suhoe-shardone-beloe-125,абрау купаж светлый сухое,абрау-дюрсо,Белое,,,train
abrau-dyurso-abrau-kupazh-tyomnyy-suhoe-kaberne-sovinon-krasnoe-13,абрау купаж темный сухое,абрау-дюрсо,Красное,,,train
abrau-dyurso-victor-dravigny-bryut,абрау-дюрсо victor dravigny брют,абрау-дюрсо,Белое,,,train
abrau-dyurso-abrau-dyurso-pino-nuar-krasnoe-suhoe-13,абрау-дюрсо пино нуар,абрау-дюрсо,Красное,,,train
sober-bash-avrora-2024-krasnostop-zolotovskiy-rozovoe-suhoe-14,аврора 2024,собер баш,Розовое,2024,,validation
valeriy-zaharin-avtorskoe-vino-ot-valeriya-zaharina-aleatiko-rozovoe-suhoe-115,авторское вино от валерия захарьина. алеатико,валерий захарьин,Розовое,,,train
valeriy-zaharin-avtorskoe-vino-ot-valeriya-zaharina-bastardo-bastardo-magarachskiy-krasnoe-suhoe-12,авторское вино от валерия захарьина. бастардо,валерий захарьин,Красное,,,train
valeriy-zaharin-avtorskoe-vino-ot-valeriya-zaharina-krasnoe-pino-nuar-suhoe-125,авторское вино от валерия захарьина. красное,валерий захарьин,Красное,,,train
massandra-avtorskoe-murvedr-krasnoe-suhoe-14,авторское мурведр,массандра,Красное,,,train
avtorskoe-risling,авторское рислинг,olymp winery,Белое,,,train
zimovets-avtohton-tsimlyanskiy-chernyy-krasnoe-suhoe-135,автохтон,зимовец,Красное,,,train
valeriy-zaharin-avtohtonnoe-vino-kryma-ot-valeriya-zaharina-aleatiko-kefesiya-rozovoe-suhoe-11,автохтонное вино крыма от валерия захарьина. алеатико – кефесия,валерий захарьин,Розовое,,,train
valeriy-zaharin-avtohtonnoe-vino-kryma-ot-valeriya-zaharina-bastardo-kefesiya-bastardo-magarachskiy-krasnoe-suhoe-115,автохтонное вино крыма от валерия захарьина. бастардо – кефесия,валерий захарьин,Красное,,,train
valeriy-zaharin-avtohtonnoe-vino-kryma-ot-valeriya-zaharina-kefesiya-rezerv-krasnoe-suhoe-13,автохтонное вино крыма от валерия захарьина. кефесия резерв,валерий захарьин,Красное,,,train
valeriy-zaharin-avtohtonnoe-vino-kryma-ot-valeriya-zaharina-kokur-sary-pandas-kokur-belyy-beloe-suhoe-115,автохтонное вино крыма от валерия захарьина. кокур – сары пандас,валерий захарьин,Белое,,,train
valeriy-zaharin-avtohtonnoe-vino-kryma-avtorskiy-kupazh-bastardo-saperavi-kefesiya-bastardo-magarachskiy-krasnoe-suhoe-12,автохтонное вино крыма. авторский купаж. бастардо – саперави – кефесия,валерий захарьин,Красное,,,train
valeriy-zaharin-avtohtonnoe-vino-kryma-sary-pandas-rezerv-beloe-suhoe-115,автохтонное вино крыма. сары пандас резерв,валерий захарьин,Белое,,,train
vinodelnya-krinitsa-azyur-vione-beloe-suhoe-12,азюр,криница,Белое,,,train
vinodelnya-krinitsa-azyur-risling-beloe-suhoe-127,азюр,криница,Белое,,,train
valeriy-zaharin-aleatiko-kefesiya-avtohtonnoe-vino-kryma-ot-valeriya-zaharina-rozovoe-suhoe-125,алеатико - кефесия. автохтонное вино крыма от валерия захарьина,валерий захарьин,Розовое,,,train
abrau-dyurso-aleksandr-ii-magnum-shardone-beloe-bryut-125,александр ii magnum,абрау-дюрсо,Белое,,,train
chateau-andre-aligote-beloe-suhoe-13,алиготе,chateau andre,Белое,,,train
vaynkraft-aligote-beloe-suhoe-125,алиготе,вайнкрафт,Белое,,,train
belbek-aligote-beloe-suhoe-125,алиготе,бельбек,Белое,,,train
vinodelnya-uzunov-aligote-beloe-suhoe-127,алиготе,винодельня узунов,Белое,,,train
vinabani-aligote-beloe-suhoe-12,алиготе,vinabani,Белое,,,train
shato-pino-aligote-rkatsiteli-beloe-suhoe-12,алиготе - ркацители белое сухое,шато пино,Белое,,,test
shato-pino-aligote-rkatsiteli-suhoe-beloe-12,алиготе - ркацители сухое белое,шато пино,Белое,,,test
vinodelnya-myshako-aligote-vione-kyuve-beloe-polusladkoe-125,алиготе – вионье. кюве,мысхако,Белое,,,train
aligote-avtorskoe,алиготе авторское,массандра,Белое,,,train
aligote-barrel-2025,"алиготе баррель, 2025",коммуналка,Белое,2025,,train
vinodelnya-78-aligote-otbornoe-beloe-suhoe-12,алиготе отборное,винодельня 78,Белое,,,test
aligote-avtorskoe-vino,алиготе. авторское вино,массандра,Белое,,,train
valeriy-zaharin-aligote-avtorskoe-valeriy-zaharin-beloe-bryut-115,алиготе. авторское. валерий захарьин,валерий захарьин,Белое,,,train
valeriy-zaharin-aligote-burlyuk-beloe-bryut-115,алиготе. бурлюк,валерий захарьин,Белое,,,train
valeriy-zaharin-aligote-burlyuk-beloe-suhoe-13,алиготе. бурлюк,валерий захарьин,Белое,,,train
valeriy-zaharin-aligote-valeriy-zaharin-beloe-suhoe-13,алиготе. валерий захарьин,валерий захарьин,Белое,,,train
perovskih_aligote,алиготе. лимитированная серия,усадьба перовских,Красное,,,test
domaine-de-la-vivandiere-alkomishka-malbek-krasnoe-suhoe-123,алкомишка,domaine de la vivandiere,Красное,,,train
alma-valley-alma-graviti-pino-nuar-merlo-kaberne-sovinon-krasnoe-suhoe-14,альма гравити. пино нуар - мерло - каберне совиньон,alma valley,Красное,,,validation
aratti-vremena-goda-saperavi-vyderzhannyj-zima,аратти времена года саперави выдержанный зима,аратти,Красное,,,train
aratti-vremena-goda-saperavi-leto,аратти времена года саперави лето,аратти,Красное,,,train
aratti-vremena-goda-saperavi-merlo-vesna,"аратти времена года саперави, мерло весна",аратти,Красное,,,train
aratti-kaberne-po-belomu,аратти каберне по-белому,аратти,Красное,,,train
aratti-kaberne-po-belomu-1,аратти каберне по-белому,аратти,Розовое,,,train
aratti-kaberne-sovinon-2020-krasnoe-suhoe,аратти каберне совиньон 2020 красное сухое,аратти,Красное,2020,,train
aratti-kaberne-sovinon-2021-krasnoe-suhoe,аратти каберне совиньон 2021 красное сухое,аратти,Красное,2021,,train
aratti-muskat-belyj-polusuhoe,аратти мускат белый полусухое,аратти,Белое,,,train
aratti-muskat-belyj-suhoe,аратти мускат белый сухое,аратти,Белое,,,train
aratti-risling-beloe-polusuhoe,аратти рислинг белое полусухое,аратти,Белое,,,train
aratti-risling-suhoe,аратти рислинг сухое,аратти,Белое,,,train
aratti-sovinon-blan-beloe-polusuhoe,аратти совиньон блан белое полусухое,аратти,Белое,,,train
aratti-shardone-beloe-suhoe,аратти шардоне белое сухое,аратти,Белое,,,train
vinodelnya-krinitsa-arena-sira-krasnoe-suhoe-13,арена,криница,Красное,,,train
gavras-areni-krasnoe-suhoe-13,арени,gavras,Красное,,,train
dva-serdtsa-arinarnoa-kaberne-sovinon-krasnoe-suhoe-135,аринарноа - каберне совиньон,два сердца,Красное,,,test
kuban-vino-aristov-8-byanko-shardone-beloe-suhoe-8,аристов 8 бьянко,кубань-вино,Белое,,,train
kuban-vino-aristov-8-byanko-07-shardone-beloe-suhoe-8,аристов 8 бьянко 0.7,кубань-вино,Белое,,,train
kuban-vino-aristov-8-roze-merlo-rozovoe-suhoe-8,аристов 8 розе,кубань-вино,Розовое,,,train
kuban-vino-aristov-8-roze-07-merlo-rozovoe-suhoe-8,аристов 8 розе 0.7,кубань-вино,Розовое,,,train
aristov-anima-millesimato,аристов anima millesimato,кубань-вино,Розовое,,,train
aristov-anima-millesimato-beloe-bryut,аристов anima millesimato белое брют,кубань-вино,Белое,,,train
aristov-anima-pinot-grigio-blush,аристов anima pinot grigio blush,кубань-вино,Розовое,,,train
kuban-vino-aristov-amata-byanko-shardone-beloe-suhoe-125,аристов амата бьянко,кубань-вино,Белое,,,train
kuban-vino-aristov-amata-roze-kaberne-sovinon-rozovoe-suhoe-13,аристов амата розе,кубань-вино,Розовое,,,train
kuban-vino-aristov-amata-rosso-kaberne-sovinon-krasnoe-suhoe-145,аристов амата россо,кубань-вино,Красное,,,train
kuban-vino-aristov-anima-michela-2023-sandzhoveze-krasnoe-suhoe-115,аристов анима мичела 2023,кубань-вино,Красное,2023,,train
kuban-vino-aristov-anima-pino-gridzhio-beloe-suhoe-12,аристов анима пино гриджио,кубань-вино,Белое,,,train
kuban-vino-aristov-anima-pino-gridzhio-blash-rozovoe-suhoe-125,аристов анима пино гриджио блаш,кубань-вино,Розовое,,,train
kuban-vino-aristov-anima-pino-nero-sandzhoveze-pino-nuar-krasnoe-suhoe-125,аристов анима пино неро санджовезе,кубань-вино,Красное,,,train
kuban-vino-aristov-byanko-shardone-beloe-suhoe-13,аристов бьянко,кубань-вино,Белое,,,train
kuban-vino-aristov-byanko-polusladkoe-shardone-beloe-13,аристов бьянко полусладкое,кубань-вино,Белое,,,train
kuban-vino-aristov-verde-muskat-beloe-polusuhoe-11,аристов верде,кубань-вино,Белое,,,train
kuban-vino-aristov-kaberne-sovinon-krasnoe-suhoe-13,аристов каберне совиньон,кубань-вино,Красное,,,train
kuban-vino-aristov-kaberne-sovinon-roze-rozovoe-suhoe-12,аристов каберне совиньон розе,кубань-вино,Розовое,,,train
kuban-vino-aristov-kaberne-sovinon-roze-2020-rozovoe-suhoe-12,аристов каберне совиньон розе 2020,кубань-вино,Розовое,2020,,train
kuban-vino-aristov-risling-beloe-suhoe-115,аристов рислинг,кубань-вино,Белое,,,train
kuban-vino-aristov-rosso-polusladkoe-saperavi-krasnoe-13,аристов россо полусладкое,кубань-вино,Красное,,,train
kuban-vino-aristov-sandzhoveze-krasnoe-suhoe-13,аристов санджовезе,кубань-вино,Красное,,,train
kuban-vino-aristov-tsvaygelt-320-rozovoe-suhoe-125,аристов цвайгельт 320,кубань-вино,Розовое,,,train
kuban-vino-aristov-shardone-318-beloe-suhoe-115,аристов шардоне 318,кубань-вино,Белое,,,train
kuban-vino-aristov-kyuve-aleksandr-blanc-de-blancs-36-shardone-beloe-ekstra-bryut-12,аристов. кюве александр blanc de blancs 36,кубань-вино,Белое,,,train
kuban-vino-aristov-kyuve-aleksandr-rose-de-pinot-pino-nuar-rozovoe-ekstra-bryut-12,аристов. кюве александр rose de pinot,кубань-вино,Розовое,,,train
aristov-kyuve-aleksandr-blan-de-blan,аристов. кюве александр. блан де блан,кубань-вино,Белое,,,train
aristov-kyuve-aleksandr-blan-de-nuar,аристов. кюве александр. блан де нуар,кубань-вино,Белое,,,train
kuban-vino-aristov-kyuve-aleksandr-millezimato-shardone-beloe-ekstra-bryut-12,аристов. кюве александр. миллезимато,кубань-вино,Белое,,,train
aristov-kyuve-aleksandr-roze-de-pino,аристов. кюве александр. розе де пино,кубань-вино,Розовое,,,train
vinodelnya-krinitsa-aroma-pti-mansen-beloe-sladkoe-137,арома,криница,Белое,,,train
vina-arpachina-arpachino-aligote-ekstra-bryut-beloe-115,арпачино. алиготе экстра брют,вина арпачина,Белое,,,train
vina-arpachina-arpachino-inohodets-puhlyakovskiy-beloe-ekstra-bryut-125,арпачино. иноходец,вина арпачина,Белое,,,train
vina-arpachina-arpachino-inohodets-sibirkovyy-beloe-ekstra-bryut-125,арпачино. иноходец,вина арпачина,Белое,,,train
vina-arpachina-arpachino-inohodets-kumshatskiy-beloe-ekstra-bryut-125,арпачино. иноходец,вина арпачина,Белое,,,train
vina-arpachina-arpachino-inohodets-aligote-beloe-ekstra-bryut-125,арпачино. иноходец,вина арпачина,Белое,,,train
vina-arpachina-arpachino-tsimlyanskiy-chernyy-rozovoe-ekstra-bryut-13,арпачино. цимлянский черный,вина арпачина,Розовое,,,train
stn-winery-arhitektor-sira-krasnoe-suhoe-12,архитектор. сира,stn winery,Красное,,,train
denisov-winery-assamblyazh-rubin-golodrigi-rozovoe-suhoe-12,ассамбляж,denisov winery,Розовое,,,train
vinodelnya-marko-assamblyazh-kaberne-sovinon-krasnoe-suhoe-14,ассамбляж,винодельня марко,Красное,,,train
zmv-koktebel-atmosfera-aligote-rkatsiteli-shardone-beloe-suhoe-11,"атмосфера - алиготе, ркацители, шардоне",змв коктебель,Белое,,,train
zmv-koktebel-atmosfera-kaberne-sovinon-kaberne-fran-merlo-bastardo-magarachskiy-krasnoe-suhoe-13,"атмосфера - каберне совиньон, каберне фран, мерло, бастардо магарачский",змв коктебель,Красное,,,train
zmv-koktebel-atmosfera-kaberne-sovinon-merlo-pino-chernyy-krasnoe-polusladkoe-13,"атмосфера - каберне совиньон, мерло, пино черный",змв коктебель,Красное,,,train
zmv-koktebel-atmosfera-rkatsiteli-aligote-kokur-muskat-belyy-shardone-beloe-polusladkoe-11,"атмосфера - ркацители, алиготе, кокур, мускат белый, шардоне",змв коктебель,Белое,,,train
zmv-koktebel-atmosfera-shardone-merlo-rkatsiteli-muskat-rozovyy-muskat-gamburgskiy-rozovoe-polusuhoe-12,"атмосфера - шардоне, мерло, ркацители, мускат розовый, мускат гамбургский",змв коктебель,Розовое,,,train
sober-bash-afa-kaberne-sovinon-krasnoe-suhoe-125,афа,собер баш,Красное,,,validation
valeriy-zaharin-bakkal-su-aligote-beloe-suhoe-115,баккал су алиготе,валерий захарьин,Белое,,,train
valeriy-zaharin-bakkal-su-kaberne-kaberne-sovinon-krasnoe-suhoe-125,баккал су каберне,валерий захарьин,Красное,,,train
valeriy-zaharin-bakkal-su-saperavi-bastardo-kaberne-sovinon-krasnoe-polusladkoe-11,баккал су саперави - бастардо - каберне совиньон,валерий захарьин,Красное,,,train
valeriy-zaharin-bakkal-su-muskat-ottonel-beloe-polusladkoe-115,баккал су. мускат оттонель,валерий захарьин,Белое,,,train
valeriy-zaharin-bakkal-su-saperavi-kaberne-sovinon-krasnoe-suhoe-12,баккал су. саперави – каберне совиньон,валерий захарьин,Красное,,,train
balaklava-bryut-rezerv,балаклава брют резерв,золотая балка,Белое,,,train
wine,балаклава брют резерв розе,золотая балка,Розовое,,,train
balaklava-muskat,балаклава мускат,золотая балка,Белое,,,train
balaklava-muskat-beloe-polusladkoe,балаклава мускат белое полусладкое,золотая балка,Белое,,,train
balaklava-pino-nuar,балаклава пино нуар,золотая балка,Розовое,,,train
barhat,бархат,winemafia,Красное,,,train
denisov_barynya_kurmyshi,барыня. курмыши,denisov winery,Розовое,,,train
massandra-bastardo-bastardo-magarachskiy-krasnoe-sladkoe-16,бастардо,массандра,Красное,,,train
zmv-koktebel-bastardo-krasnoe-suhoe-14,бастардо,змв коктебель,Красное,,,train
valeriy-zaharin-bastardo-kefesiya-avtohtonnoe-vino-kryma-bastardo-magarachskiy-krasnoe-suhoe-115,бастардо - кефесия. автохтонное вино крыма,валерий захарьин,Красное,,,train
belaya-lvicza,белая львица белое полусладкое,аратти,Белое,,,train
levokumskoe-beloe-rkatsiteli-suhoe-10,белое,левокумское,Белое,,,train
beloe-polusladkoe,белое полусладкое,массандра,Белое,,,train
beloe-suhoe,белое сухое,солнечная долина,Белое,,,validation
belbek-beloe-suhoe-kaberne-sovinon-krasnoe-14,белое сухое,бельбек,Красное,,,train
belbek-belbek-kaberne-fran-krasnoe-suhoe-13,бельбек каберне фран,бельбек,Красное,,,train
belbek-belbek-meritazh-kaberne-sovinon-krasnoe-suhoe-135,бельбек меритаж,бельбек,Красное,,,train
belbek-belbek-merlo-krasnoe-suhoe-129,бельбек мерло,бельбек,Красное,,,train
belbek-belbek-muskat-beloe-suhoe-128,бельбек мускат,бельбек,Белое,,,train
belbek-belbek-pino-nuar-krasnoe-suhoe-13,бельбек пино нуар,бельбек,Красное,,,train
belbek-belbek-pti-verdo-krasnoe-suhoe-121,бельбек пти вердо,бельбек,Красное,,,train
belbek-belbek-risling-beloe-suhoe-128,бельбек рислинг,бельбек,Белое,,,train
belbek-belbek-risling-rezerv-beloe-suhoe-13,бельбек рислинг резерв,бельбек,Белое,,,train
belbek-belbek-rkatsiteli-barrik-beloe-suhoe-13,бельбек ркацители баррик,бельбек,Белое,,,train
belbek-belbek-roze-pino-nuar-rozovoe-suhoe-129,бельбек розе,бельбек,Розовое,,,train
belbek-belbek-sandzhoveze-krasnoe-suhoe-138,бельбек санджовезе,бельбек,Красное,,,train
belbek-belbek-saperavi-rezerv-krasnoe-suhoe-14,бельбек саперави резерв,бельбек,Красное,,,train
belbek-belbek-sira-krasnoe-suhoe-132,бельбек сира,бельбек,Красное,,,train
belbek-belbek-fiolent-muskat-beloe-polusladkoe-125,бельбек фиолент мускат,бельбек,Белое,,,train
chateau-de-talu-blan-semilon-beloe-suhoe-127,блан,chateau de talu,Белое,,,train
blan-de-blan,блан де блан,скалистый берег,Белое,,,train
shato-pino-blan-de-blan-shardone-beloe-ekstra-bryut-12,блан де блан,шато пино,Белое,,,test
perovskih_blan_de_noir,блан де нуар. брют натюр,усадьба перовских,Белое,,,test
zmv-koktebel-blan-aligote-beloe-suhoe-12,"блан, алиготе",змв коктебель,Белое,,,train
vaynkraft-blan-pino-nuar-beloe-suhoe-12,блан. пино нуар,вайнкрафт,Белое,,,train
domaine-lipko-blaufrankish-krasnoe-suhoe-126,блауфранкиш,domaine lipko,Красное,,,train
shato-ay-danil-bomond-aligote-beloe-suhoe-13,бомонд,шато ай-даниль,Белое,,,train
stn-winery-bratstvo-kochergi-pino-nuar-krasnoe-suhoe-12,братство кочерги. пино нуар,stn winery,Красное,,,train
bryut-beloe-zolotaya-balka,брют белое золотая балка,золотая балка,Белое,,,train
rem-akchurin-bryut-roze-pino-nuar-rozovoe-129,брют розе,rem akchurin,Розовое,,,train
gunko-winery-bryut-roze-pino-nuar-rozovoe-12,брют розе,gunko winery,Розовое,,,train
bryut-rozovoe-zolotaya-balka,брют розовое золотая балка,золотая балка,Розовое,,,train
usadba-aleksandrovskaya-bubnovyy-valet-kaberne-sovinon-krasnoe-polusladkoe-13,бубновый валет,усадьба александровская,Красное,,,train
bukovinka,буковинка,табия,Белое,,,train
vinodelnya-uzunov-bunt-tsitronnyy-magaracha-beloe-suhoe-132,бунт,винодельня узунов,Белое,,,train
shato-ay-danil-byanko-da-sole-muskat-belyy-beloe-polusladkoe-13,бьянко да соле,шато ай-даниль,Белое,,,train
b-yu-rne-vinisa-zh-suhoe-beloe,бюрнье.винисаж сухое белое,винодельня бюрнье,Белое,,,train
b-yu-rne-vinisa-zh-suhoe-krasnoe,бюрнье.винисаж сухое красное,винодельня бюрнье,Красное,,,train
b-yu-rne-vinisa-zh-suhoe-rozovoe,бюрнье.винисаж сухое розовое,винодельня бюрнье,Розовое,,,train
vinodelnya-byurne-vione-beloe-suhoe-135,бюрнье.вионье сухое белое,винодельня бюрнье,Белое,,,train
vinodelnya-byurne-kaberne-sovinon-krasnoe-suhoe-135,бюрнье.каберне совиньон сухое красное,винодельня бюрнье,Красное,,,train
vinodelnya-byurne-kaberne-fran-krasnoe-suhoe-135,бюрнье.каберне фран сухое красное,винодельня бюрнье,Красное,,,train
vinodelnya-byurne-krasnostop-krasnoe-suhoe-145,бюрнье.красностоп сухое красное,винодельня бюрнье,Красное,,,train
b-yu-rne-krasnostop-suhoe-krasnoe-classic,бюрнье.красностоп сухое красное classic,винодельня бюрнье,Красное,,,train
vinodelnya-byurne-lyublyu-beloe-shardone-suhoe-135,бюрнье.люблю сухое белое,винодельня бюрнье,Белое,,,train
vinodelnya-byurne-lyublyu-krasnoe-kaberne-fran-suhoe-135,бюрнье.люблю сухое красное,винодельня бюрнье,Красное,,,train
b-yu-rne-l-yu-bl-yu-suhoe-rozovoe,бюрнье.люблю сухое розовое,винодельня бюрнье,Розовое,,,train
b-yu-rne-malbek-krasnoe-suhoe,бюрнье.мальбек красное сухое,винодельня бюрнье,Красное,,,train
vinodelnya-byurne-merlo-krasnoe-suhoe-14,бюрнье.мерло сухое красное,винодельня бюрнье,Красное,,,train
vinodelnya-byurne-byurne-pino-blan-beloe-suhoe-14,бюрнье.пино блан сухое белое,винодельня бюрнье,Белое,,,train
b-yu-rne-pino-gri-beloe-suhoe,бюрнье.пино гри белое сухое,винодельня бюрнье,Белое,,,train
b-yu-rne-pino-gri-pozdnij-sbor-sladkoe-beloe,бюрнье.пино гри поздний сбор сладкое белое,винодельня бюрнье,Белое,,,train
vinodelnya-byurne-saperavi-krasnoe-suhoe-135,бюрнье.саперави сухое красное,винодельня бюрнье,Красное,,,train
b-yu-rne-sira-krasnoe-suhoe-classic,бюрнье.сира красное сухое classic,винодельня бюрнье,Красное,,,train
vinodelnya-byurne-sira-krasnoe-suhoe-135,бюрнье.сира сухое красное,винодельня бюрнье,Красное,,,train
b-yu-rne-sh-ardone-suhoe-beloe,бюрнье.шардоне сухое белое,винодельня бюрнье,Белое,,,train
le-k2-v-glubine-shardone-beloe-suhoe-13,в глубине,le k2,Белое,,,validation
le-k2-v-tumane-sovinon-blan-beloe-suhoe-127,в тумане,le k2,Белое,,,validation
le-k2-v-tumane-sovinon-blan-beloe-suhoe-13,в тумане,le k2,Белое,,,validation
wein-und-wasser-vayn-taym-sira-krym-krasnoe-suhoe-13,вайн тайм сира крым,wein und wasser,Красное,,,validation
wein-und-wasser-vayn-taym-sovinon-blan-krym-beloe-suhoe-12,вайн тайм совиньон блан крым,wein und wasser,Белое,,,validation
valerij-zaharin-kokur-i-ko-beloe-bryut,валерий захарьин кокур и ко белое брют,валерий захарьин,Белое,,,train
valerij-zaharin-kokur-i-ko-beloe-polusladkoe,валерий захарьин кокур и ко белое полусладкое,валерий захарьин,Белое,,,train
le-k2-vassal-risling-reynskiy-beloe-suhoe-14,вассал,le k2,Белое,,,validation
le-k2-vassal-risling-beloe-suhoe-14,вассал,le k2,Белое,,,validation
vinodelnya-vedernikov-vedernikov-gubernatorskoe-golubok-krasnoe-suhoe-115,ведерниковъ губернаторское голубок,ведерниковъ,Красное,,,train
vinodelnya-vedernikov-vedernikov-gubernatorskoe-rezerv-kaberne-sovinon-krasnoe-suhoe-14,ведерниковъ губернаторское резерв,ведерниковъ,Красное,,,train
vinodelnya-vedernikov-vedernikov-dolina-dona-beloe-suhoe-aligote-12,ведерниковъ долина дона белое сухое,ведерниковъ,Белое,,,train
vinodelnya-vedernikov-vedernikov-dolina-dona-krasnoe-suhoe-kaberne-sovinon-125,ведерниковъ долина дона красное сухое,ведерниковъ,Красное,,,train
vinodelnya-vedernikov-vedernikov-kaberne-sovinon-krasnoe-suhoe-145,ведерниковъ каберне совиньон,ведерниковъ,Красное,,,train
vinodelnya-vedernikov-vedernikov-krasnostop-zolotovskiy-krasnoe-suhoe-145,ведерниковъ красностоп золотовский,ведерниковъ,Красное,,,train
vinodelnya-vedernikov-vedernikov-krasnostop-zolotovskiy-magnum-krasnoe-suhoe-145,ведерниковъ красностоп золотовский (магнум),ведерниковъ,Красное,,,train
vinodelnya-vedernikov-vedernikov-pet-nat-golubok-krasnyy-bryut-krasnoe-suhoe-13,ведерниковъ пет-нат голубок красный брют,ведерниковъ,Красное,,,train
vinodelnya-vedernikov-vedernikov-pet-nat-platovskiy-aligote-bryut-beloe-suhoe-10,ведерниковъ пет-нат платовский-алиготе брют,ведерниковъ,Белое,,,train
vinodelnya-vedernikov-vedernikov-puhlyakovskiy-beloe-suhoe-12,ведерниковъ пухляковский,ведерниковъ,Белое,,,train
vinodelnya-vedernikov-vedernikov-tsimlyanskiy-chyornyy-tsimlyanskiy-chernyy-krasnoe-suhoe-14,ведерниковъ цимлянский черный,ведерниковъ,Красное,,,train
vinodelnya-vedernikov-vedernikov-tsimlyanskiy-chyornyy-bryut-tsimlyanskiy-chernyy-beloe-12,ведерниковъ цимлянский черный брют,ведерниковъ,Белое,,,train
vinodelnya-vedernikov-vedernikov-tsimlyanskiy-chyornyy-bryut-roze-tsimlyanskiy-chernyy-rozovoe-12,ведерниковъ цимлянский черный брют розе,ведерниковъ,Розовое,,,train
vinodelnya-vedernikov-vedernikov-tsimlyanskiy-chyornyy-bryut-roze-2-tsimlyanskiy-chernyy-rozovoe-12,ведерниковъ цимлянский черный брют розе 2,ведерниковъ,Розовое,,,train
vinodelnya-marchenko-vermilon-kaberne-azos-krasnoe-suhoe-14,вермильон,винодельня марченко,Красное,,,train
skalistyy-bereg-veter-v-travah-kaberne-fran-krasnoe-suhoe-13,ветер в травах,скалистый берег,Красное,,,train
massandra-vino-avtorskoe-pino-gri-beloe-suhoe-12,вино авторское пино гри,массандра,Белое,,,train
vinodelnya-vedernikov-vinodelnya-vedernikov-pet-nat-roze-tsimlyanskiy-chernyy-rozovoe-suhoe-12,винодельня ведерниковъ пет-нат розе,ведерниковъ,Розовое,,,train
vinodelnya-vedernikov-vinodelnya-vedernikov-tsimlyanskiy-chernyy-sibirkovyy-ekstra-bryut-beloe-13,винодельня ведерниковъ цимлянский черный-сибирьковый экстра брют,ведерниковъ,Белое,,,train
vintazh-premium,винтаж. премиум,литавщук. litavshchuk vineyards & winery,Красное,,,train
andryus-yutsis-vione-beloe-suhoe-112,вионье,andryus yutsis,Белое,,,train
vinodelnya-marko-vione-beloe-suhoe-12,вионье,винодельня марко,Белое,,,train
vinodelnya-krinitsa-vione-beloe-suhoe-133,вионье,криница,Белое,,,train
esse-vione-beloe-suhoe-13,вионье,esse,Белое,,,validation
usadba-mezyb-vione-beloe-suhoe-118,вионье,усадьба мезыбь,Белое,,,train
dva-serdtsa-vione-beloe-suhoe-125,вионье,два сердца,Белое,,,test
loco-cimbali-vione-beloe-suhoe-14,вионье,loco cimbali,Белое,,,train
chateau-cachalot-vione-beloe-suhoe-112,вионье,chateau cachalot,Белое,,,train
oxana-istratova-wine-vione-2023-oranzhevoe-suhoe-119,вионье 2023,oxana istratova wine,Оранжевое,2023,,train
oxana-istratova-wine-vione-2024-oranzhevoe-suhoe-13,вионье 2024,oxana istratova wine,Оранжевое,2024,,train
vinodelnya-zhakov-vostorg-beloe-suhoe-116,восторг,винодельня жаков,Белое,,,train
kuban-vino-vysokiy-bereg-grafit-roze-kaberne-sovinon-rozovoe-suhoe-12,высокий берег графит розе,кубань-вино,Розовое,,,train
kuban-vino-vysokiy-bereg-merlo-krasnoe-suhoe-135,высокий берег мерло,кубань-вино,Красное,,,train
kuban-vino-vysokiy-bereg-myuller-turgau-beloe-suhoe-13,высокий берег мюллер-тургау,кубань-вино,Белое,,,train
vysokij-bereg-risling-zelenaya-seriya-2,высокий берег рислинг. зеленая серия,кубань-вино,Белое,,,train
vysokij-bereg-risling-zelenaya-seriya-1,высокий берег рислинг. зеленая серия,кубань-вино,Белое,,,train
vysokij-bereg-risling-zelenaya-seriya,высокий берег рислинг. зеленая серия,кубань-вино,Белое,,,train
vysokij-bereg-traminer-zelenaya-seriya,высокий берег траминер. зеленая серия,кубань-вино,Белое,,,train
vysokij-bereg-czvajgelt,высокий берег цвайгельт,кубань-вино,Розовое,,,train
gaj-kodzor-rusan,гай-кодзор русан,виноградники гай-кодзора,Белое,,,test
gaj-kodzor-sovinon-blan,гай-кодзор совиньон блан,виноградники гай-кодзора,Белое,,,test
esse-gevyurtstraminer-beloe-suhoe-12,гевюрцтраминер,esse,Белое,,,validation
uppa-winery-gevyurtstraminer-muskat-beloe-suhoe-14,гевюрцтраминер - мускат,uppa winery,Белое,,,train
vinodelnya-myshako-gevyurtstraminer-mode-petnat-beloe-bryut-118,гевюрцтраминер mode петнат,мысхако,Белое,,,train
vinodelnya-myshako-gevyurtstraminer-kyuve-bryut-beloe-123,гевюрцтраминер кюве брют,мысхако,Белое,,,train
vinodelnya-raevskoe-genezis-beloe-risling-suhoe-123,генезис белое,раевское,Белое,,,train
vinodelnya-raevskoe-genezis-krasnoe-kaberne-sovinon-suhoe-13,генезис красное,раевское,Красное,,,train
vinodelnya-raevskoe-genezis-rozovoe-tempranilo-suhoe-117,генезис розовое,раевское,Розовое,,,train
imenie-sikory-gerts-kaberne-sovinon-krasnoe-suhoe-14,герцъ,имение сикоры,Красное,,,train
imenie-sikory-gerts-sikory-kaberne-sovinon-krasnoe-suhoe-14,герцъ сикоры,имение сикоры,Красное,,,train
vinodelnya-marchenko-gechei-zamatosh-beloe-suhoe-135,гечеи заматош,винодельня марченко,Белое,,,train
vinodelnya-uzunov-glad-shardone-beloe-ekstra-bryut-127,гладь,винодельня узунов,Белое,,,train
glera-manno,глера манно,мысхако,Белое,,,train
soyuz-vino-gloriya-de-luna-byanko-sekko-shardone-beloe-suhoe-11,глория де луна бьянко секко,союз-вино,Белое,,,train
soyuz-vino-gloriya-de-luna-byanko-semidolche-shardone-beloe-polusladkoe-11,глория де луна бьянко семидольче,союз-вино,Белое,,,train
soyuz-vino-gloriya-de-luna-rosso-sekko-kaberne-sovinon-krasnoe-suhoe-11,глория де луна россо секко,союз-вино,Красное,,,train
soyuz-vino-gloriya-de-luna-rosso-semidolche-kaberne-sovinon-krasnoe-polusladkoe-11,глория де луна россо семидольче,союз-вино,Красное,,,train
vinodelnya-raevskoe-glou-krasnoe-merlo-suhoe-14,глоу красное,раевское,Красное,,,train
vinodelnya-batrak-glyu-glyu-podarok-magaracha-krasnoe-suhoe-12,глю-глю,винодельня батрак,Красное,,,train
shato-pino-gravitatsiya-kaberne-sovinon-merlo-krasnoe-suhoe-135,гравитация. каберне совиньон - мерло,шато пино,Красное,,,test
alma-valley-graviti-pino-blan-beloe-suhoe-135,гравити,alma valley,Белое,,,validation
alma-valley-graviti-kaberne-sovinon-krasnoe-suhoe-15,гравити,alma valley,Красное,,,validation
zmv-koktebel-grand-kupazh-kaberne-sovinon-krasnoe-suhoe-13,гранд купаж,змв коктебель,Красное,,,train
grand-kyuve,гранд кюве,скалистый берег,Белое,,,train
sober-bash-grani-kumshatskiy-kumshatskiy-belyy-beloe-suhoe-11,грани. кумшацкий,собер баш,Белое,,,validation
sober-bash-grani-muskat-muskat-dzhialo-beloe-suhoe-12,грани. мускат,собер баш,Белое,,,validation
sober-bash-grani-plechistik-krasnoe-suhoe-12,грани. плечистик,собер баш,Красное,,,validation
derbent-vino-graf-vorontsov-beloe-polusladkoe-sovinon-blan-105-125,граф воронцов. белое полусладкое,дербент вино,Белое,,,train
derbent-vino-graf-vorontsov-bryut-beloe-sovinon-blan-105-125,граф воронцов. брют белое,дербент вино,Белое,,,train
derbent-vino-graf-vorontsov-bryut-rozovoe-pervenets-magaracha-105-125,граф воронцов. брют розовое,дербент вино,Розовое,,,train
shato-ay-danil-grenash-krasnoe-suhoe-12,гренаш,шато ай-даниль,Красное,,,train
chateau-andre-gryuner-beloe-suhoe-13,грюнер,chateau andre,Белое,,,train
vinodelnya-vedernikov-gubernatorskiy-rezerv-beloe-risling-suhoe-12,губернаторский резерв. белое,ведерниковъ,Белое,,,train
vinodelnya-vedernikov-gubernatorskiy-rezerv-krasnoe-kaberne-sovinon-suhoe-14,губернаторский резерв. красное,ведерниковъ,Красное,,,train
vinodelnya-vedernikov-gubernatorskoe-golubok-krasnoe-suhoe-11,губернаторское. голубок,ведерниковъ,Красное,,,train
vinodelnya-vedernikov-gubernatorskoe-kaberne-krasnostop-zolotovskiy-krasnoe-suhoe-12,губернаторское. каберне,ведерниковъ,Красное,,,train
vinodelnya-vedernikov-gubernatorskoe-risling-beloe-suhoe-12,губернаторское. рислинг,ведерниковъ,Белое,,,train
vinodelnya-vedernikov-gubernatorskoe-rkatsiteli-beloe-suhoe-13,губернаторское. ркацители,ведерниковъ,Белое,,,train
vinodelnya-vedernikov-gubernatorskoe-rozovoe-tsimlyanskiy-chernyy-suhoe-11,губернаторское. розовое,ведерниковъ,Розовое,,,train
dva-brata-pet-nat-kokur-2024,"два брата пет нат кокур, 2024",винодельня братьев мельниковых,Белое,2024,,train
sober-bash-dve-doliny-auri-mtsvane-kahetinskiy-beloe-suhoe-125,две долины. аури,собер баш,Белое,,,validation
sober-bash-dve-doliny-kaberne-fran-2023-krasnoe-polusuhoe-14,две долины. каберне фран 2023,собер баш,Красное,2023,,validation
sober-bash-dve-doliny-liuri-2023-dostoynyy-rozovoe-suhoe-13,две долины. лиури 2023,собер баш,Розовое,2023,,validation
sober-bash-dve-doliny-myuller-turgau-2023-beloe-suhoe-117,две долины. мюллер тургау 2023,собер баш,Белое,2023,,validation
sober-bash-dve-doliny-saperavi-kachich-krasnoe-polusuhoe-15,две долины. саперави-качич,собер баш,Красное,,,validation
sober-bash-dve-doliny-tsimlyanskiy-2023-tsimlyanskiy-chernyy-krasnoe-suhoe-13,две долины. цимлянский 2023,собер баш,Красное,2023,,validation
fanagoriya-dekanter-chardonnay-2020-shardone-beloe-suhoe-135,декантер chardonnay 2020,фанагория,Белое,2020,,train
fanagoriya-dekanter-riesling-2020-risling-reynskiy-beloe-suhoe-13,декантер riesling 2020,фанагория,Белое,2020,,train
fanagoriya-dekanter-kaberne-sovinon-2018-krasnoe-suhoe-14,декантер. каберне совиньон 2018,фанагория,Красное,2018,,train
fanagoriya-dekanter-kaberne-fran-2019-krasnoe-suhoe-13,декантер. каберне фран 2019,фанагория,Красное,2019,,train
fanagoriya-dekanter-merlo-2018-krasnoe-suhoe-14,декантер. мерло 2018,фанагория,Красное,2018,,train
fanagoriya-dekanter-pino-nuar-2020-krasnoe-suhoe-135,декантер. пино нуар 2020,фанагория,Красное,2020,,train
fanagoriya-dekanter-rkatsiteli-2019-beloe-suhoe-135,декантер. ркацители 2019,фанагория,Белое,2019,,train
fanagoriya-dekanter-saperavi-2017-krasnoe-suhoe-135,декантер. саперави 2017,фанагория,Красное,2017,,train
fanagoriya-dekanter-formula-q-kaberne-sovinon-krasnoe-suhoe-135,декантер. формула q,фанагория,Красное,,,train
derbent-vino-di-kaspiko-merlo-krasnoe-polusladkoe-11,ди каспико,дербент вино,Красное,,,train
derbent-vino-di-kaspiko-rkatsiteli-beloe-polusladkoe-11,ди каспико,дербент вино,Белое,,,train
derbent-vino-di-kaspiko-shardone-beloe-bryut-105-125,ди каспико,дербент вино,Белое,,,train
derbent-vino-di-kaspiko-shardone-beloe-polusladkoe-105-125,ди каспико,дербент вино,Белое,,,train
di-kaspiko-di-caspico-fiori-di-mare-verde,ди каспико (di caspico fiori di mare verde),дербент вино,Белое,,,train
igristoe-vino-bryut-beloe-di-kaspiko-blan-de-blan-di-caspico-blanc-de-blancs,ди каспико блан де блан,дербент вино,Белое,,,train
igristoe-vino-bryut-rozovoe-di-kaspiko-blan-de-nuar-di-caspico-blanc-de-noirs,ди каспико блан де нуар,дербент вино,Розовое,,,train
derbent-vino-di-kaspiko-kaberne-sovinon-krasnoe-suhoe-135,ди каспико каберне совиньон,дербент вино,Красное,,,train
derbent-vino-di-kaspiko-merlo-krasnoe-suhoe-13,ди каспико мерло,дербент вино,Красное,,,train
derbent-vino-di-kaspiko-risling-beloe-suhoe-12,ди каспико рислинг,дербент вино,Белое,,,train
derbent-vino-di-kaspiko-rkatsiteli-beloe-suhoe-12,ди каспико ркацители,дербент вино,Белое,,,train
derbent-vino-di-kaspiko-roze-shardone-rozovoe-suhoe-12,ди каспико розе,дербент вино,Розовое,,,train
derbent-vino-di-kaspiko-saperavi-krasnoe-suhoe-13,ди каспико саперави,дербент вино,Красное,,,train
derbent-vino-di-kaspiko-sovinon-sovinon-blan-beloe-suhoe-12,ди каспико совиньон,дербент вино,Белое,,,train
derbent-vino-di-kaspiko-fiori-di-mare-verde-avgustin-rozovoe-polusuhoe-10,ди каспико фиори ди маре верде,дербент вино,Розовое,,,train
derbent-vino-di-kaspiko-shardone-beloe-suhoe-125,ди каспико шардоне,дербент вино,Белое,,,train
vinodelnya-marko-dikiy-sovinon-sovinon-blan-beloe-suhoe-12,дикий совиньон,винодельня марко,Белое,,,train
shato-pino-dichkaberne-fran-krasnoe-suhoe-14,дичь.каберне фран,шато пино,Красное,,,test
dnk-alleli,днк. аллели,усадьба меркотан,Белое,,,train
dnk-aura,днк. аура,усадьба меркотан,Розовое,,,train
dnk-kaberne-sovinon,днк. каберне совиньон,усадьба меркотан,Красное,,,train
dnk-pokolenie,днк. поколение,усадьба меркотан,Белое,,,train
valeriy-zaharin-dom-zaharinyh-beloe-sary-pandas-suhoe-115,дом захарьиных белое,валерий захарьин,Белое,,,train
valeriy-zaharin-dom-zaharinyh-krasnoe-kaberne-sovinon-suhoe-125,дом захарьиных красное,валерий захарьин,Красное,,,train
sober-bash-dostoynyy-krasnoe-suhoe-14,достойный,собер баш,Красное,,,validation
cloudy-winery-dubrovskiy-bordeaux-blend-kaberne-fran-krasnoe-suhoe-14,дубровский. bordeaux blend,cloudy winery,Красное,,,train
cloudy-winery-dubrovskiy-orange-rkatsiteli-beloe-suhoe-125,дубровский. orange,cloudy winery,Белое,,,train
skalistyy-bereg-dyhanie-voln-shardone-beloe-suhoe-121,дыхание волн,скалистый берег,Белое,,,train
derbent-vino-desono-kaberne-sovinon-krasnoe-suhoe-125,дэсоно каберне совиньон,дербент вино,Красное,,,train
derbent-vino-desono-kaberne-fran-krasnoe-suhoe-125,дэсоно каберне фран,дербент вино,Красное,,,train
derbent-vino-desono-merlo-krasnoe-suhoe-125,дэсоно мерло,дербент вино,Красное,,,train
derbent-vino-desono-risling-beloe-suhoe-125,дэсоно рислинг,дербент вино,Белое,,,train
derbent-vino-desono-risling-ekstra-bryut-beloe-105-125,дэсоно рислинг экстра брют,дербент вино,Белое,,,train
derbent-vino-desono-rkatsiteli-oranzh-beloe-suhoe-125,дэсоно ркацители оранж,дербент вино,Белое,,,train
derbent-vino-desono-saperavi-krasnoe-suhoe-125,дэсоно саперави,дербент вино,Красное,,,train
derbent-vino-desono-saperavi-roze-rozovoe-suhoe-125,дэсоно саперави розе,дербент вино,Розовое,,,train
derbent-vino-desono-sovinon-ekstra-bryut-sovinon-blan-beloe-105-125,дэсоно совиньон экстра брют,дербент вино,Белое,,,train
derbent-vino-desono-shardone-beloe-suhoe-125,дэсоно шардоне,дербент вино,Белое,,,train
zhemchuzhnaya-9-aligote-czitron,"жемчужная 9 алиготе, цитрон",аратти,Белое,,,train
zhemchuzhnaya-9-kaberne-sovinon-pino-nuar-1,"жемчужная 9 каберне совиньон, пино нуар",аратти,Розовое,,,train
zhemchuzhnaya-9-kaberne-sovinon-pino-nuar,"жемчужная 9 каберне совиньон, пино нуар",аратти,Розовое,,,train
zhemchuzhnaya-9-merlo-kaberne-sovinon,"жемчужная 9 мерло, каберне совиньон",аратти,Красное,,,train
zhemchuzhnaya-9-muskat-rozovyj-kaberne-sovinon,"жемчужная 9 мускат розовый, каберне совиньон",аратти,Розовое,,,train
zhemchuzhnaya-9-muskat-rozovyj-pino-gri,"жемчужная 9 мускат розовый, пино гри",аратти,Розовое,,,train
zhemchuzhnaya-9-pino-gri-pino-nuar,"жемчужная 9 пино гри, пино нуар",аратти,Розовое,,,train
zhemchuzhnaya-9-pino-nuar-muskat-rozovyj-2,"жемчужная 9 пино нуар, мускат розовый",аратти,Розовое,,,train
zhemchuzhnaya-9-pino-nuar-muskat-rozovyj-1,"жемчужная 9 пино нуар, мускат розовый",аратти,Розовое,,,train
zhemchuzhnaya-9-pino-nuar-muskat-rozovyj,"жемчужная 9 пино нуар, мускат розовый",аратти,Розовое,,,train
zhemchuzhnaya-9-risling-sovinon-blan,"жемчужная 9 рислинг,совиньон блан",аратти,Белое,,,train
zhemchuzhnaya-9-sovinon-blan-aligote,"жемчужная 9 совиньон блан, алиготе",аратти,Белое,,,train
czitronnyj-magaracha-sovinon-blan,"жемчужная 9 цитрон, совиньон блан",аратти,Белое,,,train
zhemchuzhnaya-9-czitron-shardone-1,"жемчужная 9 цитрон, шардоне",аратти,Белое,,,train
zhemchuzhnaya-9-czitron-shardone,"жемчужная 9 цитрон, шардоне",аратти,Белое,,,train
zakat-denisov-vajneri,закат. денисов вайнери,denisov winery,Розовое,,,train
belbek-zakat-merlo-sira-krasnoe-suhoe-132,закат. мерло сира,бельбек,Красное,,,train
zb-vajn-vajt-suhoe-beloe,зб вайн вайт сухое белое,золотая балка,Белое,,,train
zb-vajn-moskato-polusladkoe-beloe,зб вайн москато полусладкое белое,золотая балка,Белое,,,train
zb-vajn-moskato-polusladkoe-rozovoe,зб вайн москато полусладкое розовое,золотая балка,Розовое,,,train
zb-vajn-risling-polusuhoe-beloe,зб вайн рислинг полусухое белое,золотая балка,Белое,,,train
zb-vajn-roze-suhoe-rozovoe,зб вайн розе сухое розовое,золотая балка,Розовое,,,train
zb-vajn-spumante-bryut-rozovoe,зб вайн спуманте брют розовое,золотая балка,Розовое,,,train
zb-vajn-spumante-polusuhoe-beloe,зб вайн спуманте полусухое белое,золотая балка,Белое,,,train
soyuz-vino-zelyonaya-dolina-kaberne-sovinon-krasnoe-suhoe-12,зеленая долина каберне совиньон,союз-вино,Красное,,,train
soyuz-vino-zelyonaya-dolina-kaberne-merlo-kaberne-sovinon-krasnoe-polusladkoe-12,зеленая долина каберне-мерло,союз-вино,Красное,,,train
soyuz-vino-zelyonaya-dolina-kaberne-merlo-v-banke-kaberne-sovinon-krasnoe-polusladkoe-12,зеленая долина каберне-мерло в банке,союз-вино,Красное,,,train
soyuz-vino-zelyonaya-dolina-pino-blan-v-banke-beloe-polusladkoe-115,зеленая долина пино блан в банке,союз-вино,Белое,,,train
soyuz-vino-zelyonaya-dolina-pino-nuar-krasnoe-suhoe-12,зеленая долина пино нуар,союз-вино,Красное,,,train
soyuz-vino-zelyonaya-dolina-pino-nuar-v-banke-krasnoe-suhoe-12,зеленая долина пино нуар в банке,союз-вино,Красное,,,train
soyuz-vino-zelyonaya-dolina-sovinon-blan-polusladkoe-beloe-12,зеленая долина совиньон блан полусладкое,союз-вино,Белое,,,train
soyuz-vino-zelyonaya-dolina-sovinon-blan-suhoe-beloe-12,зеленая долина совиньон блан сухое,союз-вино,Белое,,,train
soyuz-vino-zelyonaya-dolina-shardone-beloe-suhoe-12,зеленая долина шардоне,союз-вино,Белое,,,train
soyuz-vino-zelyonaya-dolina-shardone-v-banke-beloe-suhoe-12,зеленая долина шардоне в банке,союз-вино,Белое,,,train
fanagoriya-zelyonoe-vino-risling-tsitronnyy-magaracha-beloe-polusuhoe-11,зеленое вино. рислинг - цитронный магарача,фанагория,Белое,,,train
fanagoriya-zelyonoe-vino-risling-tsitronnyy-magaracha-merlo-rozovoe-polusuhoe-11,зеленое вино. рислинг - цитронный магарача - мерло,фанагория,Розовое,,,train
vinodelnya-myshako-zinfandel-mode-krasnoe-suhoe-148,зинфандель mode,мысхако,Красное,,,train
vinodelnya-myshako-zinfandel-mode-petnat-rozovoe-polusuhoe-12,зинфандель mode петнат,мысхако,Розовое,,,train
znoj-denisov-vajneri,зной. денисов вайнери,denisov winery,Белое,,,train
zolotaya-balka-igristoe-krasnoe-polusladkoe,золотая балка игристое красное полусладкое,золотая балка,Красное,,,train
igristoe-vino-bryut-beloe-di-caspico,игристое вино брют белое di caspico,дербент вино,Белое,,,train
novyy-svet-dom-shampanskih-vin-igristoe-vino-vyderzhannoe-bryut-krasnoe-novyy-svet-kaberne-sovinon-135,игристое вино выдержанное брют красное новый свет. каберне совиньон,новый свет. дом шампанских вин,Красное,,,train
novyy-svet-dom-shampanskih-vin-igristoe-vino-vyderzhannoe-bryut-rozovoe-novyy-svet-pino-nuar-125,игристое вино выдержанное брют розовое новый свет. пино нуар,новый свет. дом шампанских вин,Розовое,,,train
novyy-svet-dom-shampanskih-vin-igristoe-vino-vyderzhannoe-bryut-rozovoe-novyy-svet-pino-fran-135,игристое вино выдержанное брют розовое новый свет. пино фран,новый свет. дом шампанских вин,Розовое,,,train
novyy-svet-dom-shampanskih-vin-igristoe-vino-vyderzhannoe-polusladkoe-krasnoe-novyy-svet-kaberne-sovinon-12,игристое вино выдержанное полусладкое красное новый свет. каберне совиньон,новый свет. дом шампанских вин,Красное,,,train
novyy-svet-dom-shampanskih-vin-igristoe-vino-vyderzhannoe-polusladkoe-rozovoe-novyy-svet-pino-fran-135,игристое вино выдержанное полусладкое розовое новый свет. пино фран,новый свет. дом шампанских вин,Розовое,,,train
igristoe-vino-ekstra-bryut-beloe-di-caspico,игристое вино экстра брют белое di caspico,дербент вино,Белое,,,train
igristoe-zhemchuzhnoe-vino-polusladkoe-beloe-di-kaspiko-fiori-di-mare-di-caspico-fiori-di-mare,игристое жемчужное вино полусладкое белое ди каспико фиори ди маре (di caspico fiori di mare),дербент вино,Белое,,,train
igristoe-zhemchuzhnoe-vino-polusladkoe-rozovoe-di-kaspiko-fiori-di-mare-di-caspico-fiori-di-mare,игристое жемчужное вино полусладкое розовое ди каспико фиори ди маре (di caspico fiori di mare),дербент вино,Розовое,,,train
igristoe-zhemchuzhnoe-vino-polusuhoe-krasnoe-di-kaspiko-fiori-di-mare-di-caspico-fiori-di-mare,игристое жемчужное вино полусухое красное ди каспико фиори ди маре (di caspico fiori di mare),дербент вино,Красное,,,train
igristoe-krasnoe-sladkoe-czimlyanskoe,игристое красное сладкое цимлянское,цимлянские вина,Красное,,,validation
soyuz-vino-izola-del-sole-beloe-v-banke-shardone-suhoe-11,изола дель соле белое в банке,союз-вино,Белое,,,train
soyuz-vino-izola-del-sole-roze-v-banke-krasnostop-rozovoe-suhoe-11,изола дель соле розе в банке,союз-вино,Розовое,,,train
abrau-dyurso-imperatorskoe-bryut-shardone-beloe-12,императорское брют,абрау-дюрсо,Белое,,,train
abrau-dyurso-imperatorskoe-polusladkoe-shardone-beloe-12,императорское полусладкое,абрау-дюрсо,Белое,,,train
abrau-dyurso-imperatorskoe-polusuhoe-shardone-beloe-12,императорское полусухое,абрау-дюрсо,Белое,,,train
abrau-dyurso-imperial-brut-lart-nouveau-shardone-beloe-bryut-105,империал brut l art nouveau,абрау-дюрсо,Белое,,,train
abrau-dyurso-imperial-brut-rose-pino-nuar-rozovoe-bryut-12,империал brut rose,абрау-дюрсо,Розовое,,,train
abrau-dyurso-imperial-kyuve-pino-nuar-rozovoe-bryut-125,империал кюве,абрау-дюрсо,Розовое,,,train
abrau-dyurso-imperial-brut-vintage-shardone-beloe-bryut-12,империал. brut vintage,абрау-дюрсо,Белое,,,train
inkermanskiy-zmv-inkerman-bryut-rkatsiteli-beloe-12,инкерман брют,инкерманский змв,Белое,,,train
inkermanskiy-zmv-inkerman-muskat-polusladkoe-beloe-13,инкерман мускат полусладкое,инкерманский змв,Белое,,,train
inkermanskiy-zmv-inkerman-pino-blan-zero-dozazh-beloe-ekstra-bryut-12,инкерман пино блан зеро дозаж,инкерманский змв,Белое,,,train
inkermanskiy-zmv-inkerman-polusladkoe-rkatsiteli-beloe-13,инкерман полусладкое,инкерманский змв,Белое,,,train
inkermanskiy-zmv-inkerman-roze-zero-dozazh-kokur-rozovoe-ekstra-bryut-12,инкерман розе зеро дозаж,инкерманский змв,Розовое,,,train
inkermanskiy-zmv-inkerman-rozovoe-polusladkoe-rkatsiteli-12,инкерман розовое полусладкое,инкерманский змв,Розовое,,,train
inkerman-shato-blan,инкерман шато блан,инкерманский змв,Белое,,,train
semeynaya-vinodelnya-mihaila-kolesnikova-ispanets-kaberne-sovinon-krasnoe-suhoe-148,испанец,семейная винодельня михаила колесникова,Красное,,,train
vinodelnya-berdyaeva-kaberne-kaberne-sovinon-krasnoe-suhoe-138,каберне,винодельня бердяева,Красное,,,validation
kuban-vino-kaberne-de-tamane-kaberne-sovinon-krasnoe-suhoe-125,каберне де тамань,кубань-вино,Красное,,,train
vinodelnya-batrak-kaberne-kortis-krasnoe-suhoe-12,каберне кортис,винодельня батрак,Красное,,,train
vinodelnya-myshako-kaberne-myshako-grand-rezerv-kaberne-sovinon-krasnoe-suhoe-125,каберне мысхако гранд резерв,мысхако,Красное,,,train
esse-kaberne-otbornoe-kaberne-sovinon-krasnoe-suhoe-12,каберне отборное,esse,Красное,,,validation
loco-cimbali-kaberne-sovinon-krasnoe-suhoe-146,каберне совиньон,loco cimbali,Красное,,,train
villa-sofiya-kaberne-sovinon-krasnoe-suhoe-133,каберне совиньон,вилла софия,Красное,,,validation
esse-kaberne-sovinon-krasnoe-suhoe-14,каберне совиньон,esse,Красное,,,validation
abrau-dyurso-kaberne-sovinon-krasnoe-suhoe-125,каберне совиньон,абрау-дюрсо,Красное,,,train
mons-albus-kaberne-sovinon-krasnoe-suhoe-14,каберне совиньон,mons albus,Красное,,,validation
vinodelnya-batrak-kaberne-sovinon-krasnoe-suhoe-14,каберне совиньон,винодельня батрак,Красное,,,train
twopeters_kaberne_sovinion,каберне совиньон,два петра,Красное,,,test
kaberne-sovinon-1,каберне совиньон,галицкий и галицкий,Красное,,,train
vinodelnya-berdyaeva-kaberne-sovinon-krasnoe-suhoe-145,каберне совиньон,винодельня бердяева,Красное,,,validation
golubitskoe-estate-kaberne-sovinon-krasnoe-suhoe-137,каберне совиньон,golubitskoe estate,Красное,,,train
vinodelnya-vedernikov-kaberne-sovinon-krasnoe-suhoe-14,каберне совиньон,ведерниковъ,Красное,,,train
chateau-andre-kaberne-sovinon-krasnoe-suhoe-13,каберне совиньон,chateau andre,Красное,,,train
vinodelnya-myshako-kaberne-sovinon-krasnoe-suhoe-138,каберне совиньон,мысхако,Красное,,,train
shato-pino-kaberne-sovinon-krasnoe-suhoe-14,каберне совиньон,шато пино,Красное,,,test
vinodelnya-marchenko-kaberne-sovinon-krasnoe-suhoe-14,каберне совиньон,винодельня марченко,Красное,,,train
belbek-kaberne-sovinon-krasnoe-suhoe-138,каберне совиньон,бельбек,Красное,,,train
vaynkraft-kaberne-sovinon-krasnoe-suhoe-14,каберне совиньон,вайнкрафт,Красное,,,train
vinodelnya-begildeeva-kaberne-sovinon-krasnoe-suhoe-14,каберне совиньон,винодельня бегильдеева,Красное,,,train
kaberne-sovinon-2,каберне совиньон,табия,Красное,,,train
bogovich-wine-vineyard-kaberne-sovinon-krasnoe-suhoe-125,каберне совиньон,bogovich wine & vineyard,Красное,,,train
kaberne-sovinon,каберне совиньон,массандра,Красное,,,train
vinodelnya-bratev-melnikovyh-kaberne-sovinon-kaberne-fran-dva-brata-krasnoe-suhoe-145,каберне совиньон - каберне фран. два брата,винодельня братьев мельниковых,Красное,,,train
shato-pino-kaberne-sovinon-merlo-krasnoe-suhoe-135,каберне совиньон - мерло,шато пино,Красное,,,test
vinnyy-kooperativ-intuitsiya-kaberne-sovinon-merlo-saperavi-krasnoe-suhoe-128,каберне совиньон - мерло,винный кооператив интуиция,Красное,,,train
domaine-lipko-kaberne-sovinon-merlo-pomeste-trenzina-krasnoe-suhoe-15,каберне совиньон - мерло. поместье трензина,domaine lipko,Красное,,,train
vinodelnya-begildeeva-kaberne-sovinon-merlo-krasnoe-suhoe-14,каберне совиньон – мерло,винодельня бегильдеева,Красное,,,train
vinodelnya-myshako-kaberne-sovinon-merlo-kyuve-krasnoe-suhoe-142,каберне совиньон – мерло. кюве,мысхако,Красное,,,train
usadba-perovskih-kaberne-sovinon-merlo-1890-krasnoe-suhoe-13,каберне совиньон & мерло 1890,усадьба перовских,Красное,,,test
kaberne-sovinon-appasimento,каберне совиньон appassimento,галицкий и галицкий,Красное,,,train
golubitskoe-estate-kaberne-sovinon-noble-selection-krasnoe-suhoe-133,каберне совиньон noble selection,golubitskoe estate,Красное,,,train
villa-urkusta-kaberne-sovinon-blan-de-nuar-beloe-suhoe-13,каберне совиньон блан де нуар,вилла уркуста,Белое,,,train
artvin-kaberne-sovinon-grand-rezerv-krasnoe-suhoe-13,каберне совиньон гранд резерв,артвин,Красное,,,train
villa-urkusta-kaberne-sovinon-klaret-rozovoe-polusuhoe-15,каберне совиньон кларет,вилла уркуста,Розовое,,,train
villa-urkusta-kaberne-sovinon-klassik-krasnoe-suhoe-12,каберне совиньон классик,вилла уркуста,Красное,,,train
villa-urkusta-kaberne-sovinon-klassik-krasnoe-suhoe-139,каберне совиньон классик,вилла уркуста,Красное,,,train
golubitskoe-estate-kaberne-sovinon-rezerv-krasnoe-suhoe-125,каберне совиньон резерв,golubitskoe estate,Красное,,,train
alma-valley-kaberne-sovinon-rezerv-krasnoe-suhoe-15,каберне совиньон резерв,alma valley,Красное,,,validation
chateau-de-talu-kaberne-sovinon-rezerv-krasnoe-suhoe-14,каберне совиньон резерв,chateau de talu,Красное,,,train
usadba-markoth-kaberne-sovinon-rezerv-krasnoe-suhoe-13,каберне совиньон резерв,усадьба маркотх,Красное,,,train
pomeste-golubitskoe-kaberne-sovinon-rezerv-krasnoe-suhoe-143,каберне совиньон резерв,golubitskoe estate,Красное,,,train
villa-urkusta-kaberne-sovinon-rezerva-krasnoe-suhoe-15,каберне совиньон резерва,вилла уркуста,Красное,,,train
villa-urkusta-kaberne-sovinon-roze-de-sene-rozovoe-suhoe-13,каберне совиньон розе де сенье,вилла уркуста,Розовое,,,train
jd_winery_kaberne_souvignon,каберне совиньон тихое,jd winery,Красное,,,train
villa-di-alma-kaberne-sovinon-ekstra-bryut-rozovoe-125,каберне совиньон экстра брют,villa di alma,Розовое,,,test
vinodelnya-myshako-kaberne-sovinon-black-out-krasnoe-polusuhoe-16,каберне совиньон. black out,мысхако,Красное,,,train
imenie-sikory-kaberne-sovinon-semeynyy-rezerv-krasnoe-suhoe-14,каберне совиньон. семейный резерв,имение сикоры,Красное,,,train
vinodelnya-berdyaeva-kaberne-fran-krasnoe-suhoe-115,каберне фран,винодельня бердяева,Красное,,,validation
bakla-vines-kaberne-fran-krasnoe-suhoe-143,каберне фран,bakla vines,Красное,,,test
belbek-kaberne-fran-krasnoe-suhoe-134,каберне фран,бельбек,Красное,,,train
bogovich-wine-vineyard-kaberne-fran-krasnoe-suhoe-135,каберне фран,bogovich wine & vineyard,Красное,,,train
sober-bash-kaberne-fran-krasnoe-suhoe-127,каберне фран,собер баш,Красное,,,validation
kaberne-fran,каберне фран,mantra estate,Красное,,,validation
sober-bash-kaberne-fran-rozovoe-suhoe-12,каберне фран,собер баш,Розовое,,,validation
radiowine-kaberne-fran-krasnoe-suhoe-14,каберне фран,radio wine,Красное,,,train
dva-serdtsa-kaberne-fran-krasnoe-suhoe-14,каберне фран,два сердца,Красное,,,test
donskoe-vinodelcheskoe-hozyaystvo-elbuzd-kaberne-fran-krasnoe-suhoe-13,каберне фран,донское винодельческое хозяйство эльбузд,Красное,,,train
viktor-stashko-kaberne-fran-krasnoe-suhoe-145,каберне фран,виктор сташко,Красное,,,validation
esse-kaberne-fran-krasnoe-suhoe-13,каберне фран,esse,Красное,,,validation
alma-valley-kaberne-fran-krasnoe-suhoe-145,каберне фран,alma valley,Красное,,,validation
vinodelnya-myshako-kaberne-fran-krasnoe-suhoe-142,каберне фран,мысхако,Красное,,,train
ferrum-winery-kaberne-fran-krasnoe-suhoe-12,каберне фран,ferrum winery,Красное,,,train
sober-bash-kaberne-fran-krasnoe-suhoe-13,каберне фран,собер баш,Красное,,,validation
chateau-andre-kaberne-fran-krasnoe-suhoe-14,каберне фран,chateau andre,Красное,,,train
shato-pino-kaberne-fran-kaberne-sovinon-krasnoe-suhoe-135,каберне фран - каберне совиньон,шато пино,Красное,,,test
semeynaya-vinodelnya-mihaila-kolesnikova-kaberne-fran-merlo-krasnostop-krasnoe-suhoe-148,каберне фран - мерло - красностоп,семейная винодельня михаила колесникова,Красное,,,train
usadba-perovskih-kaberne-fran-1890-krasnoe-suhoe-13,каберне фран 1890,усадьба перовских,Красное,,,test
gunko-winery-kaberne-fran-gunko-winery-krasnoe-suhoe-135,каберне фран gunko winery,gunko winery,Красное,,,train
vinodelnya-myshako-kaberne-fran-avtorskaya-tehnologiya-krasnoe-suhoe-142,каберне фран авторская технология,мысхако,Красное,,,train
perovskih_kaberne_fran_reserve,каберне фран резерв,усадьба перовских,Красное,,,test
alma-valley-kaberne-fran-rezerv-krasnoe-suhoe-15,каберне фран резерв,alma valley,Красное,,,validation
chateau-de-talu-kaberne-fran-rezerv-krasnoe-suhoe-13,каберне фран резерв,chateau de talu,Красное,,,train
imenie-sikory-kaberne-fran-roze-rozovoe-suhoe-13,каберне фран розе,имение сикоры,Розовое,,,train
imenie-sikory-kaberne-fran-sikory-rozovoe-suhoe-13,каберне фран сикоры,имение сикоры,Розовое,,,train
valeriy-zaharin-kaberne-fran-burlyuk-krasnoe-suhoe-13,каберне фран. бурлюк,валерий захарьин,Красное,,,train
kaberne-avtorskoe-vino,каберне. авторское вино,массандра,Красное,,,train
derbent-vino-kavkazian-rkatsiteli-beloe-bryut-105-125,кавказиан,дербент вино,Белое,,,train
derbent-vino-kavkazian-merlo-krasnoe-polusladkoe-105-125,кавказиан,дербент вино,Красное,,,train
derbent-vino-kavkazian-dzharauli-moldova-krasnoe-polusladkoe-11,кавказиан джараули,дербент вино,Красное,,,train
derbent-vino-kavkazian-rkatsiteli-beloe-suhoe-12,кавказиан ркацители,дербент вино,Белое,,,train
derbent-vino-kavkazian-saperavi-krasnoe-suhoe-105-125,кавказиан саперави,дербент вино,Красное,,,train
zmv-koktebel-kagor-vysshego-kachestva-kaberne-sovinon-krasnoe-sladkoe-16,кагор высшего качества,змв коктебель,Красное,,,train
massandra-kagor-gurzuf-saperavi-krasnoe-sladkoe-16,кагор гурзуф,массандра,Красное,,,train
massandra-kagor-yuzhnoberezhnyy-saperavi-krasnoe-sladkoe-16,кагор южнобережный,массандра,Красное,,,train
dacha-serdyuka-kazache-krasnostop-zolotovskiy-krasnoe-suhoe-135,казачье,дача сердюка,Красное,,,validation
le-k2-kamenolomnya-sira-krasnoe-suhoe-145,каменоломня,le k2,Красное,,,validation
bakla-vines-kangun-beloe-suhoe-12,кангун,bakla vines,Белое,,,test
bakla-vines-kangun-ps-beloe-suhoe-128,кангун p.s.,bakla vines,Белое,,,test
bakla-vines-kangun-oranzh-beloe-suhoe-119,кангун оранж,bakla vines,Белое,,,test
soyuz-vino-kanonicheskie-traditsii-krasnoe-polusladkoe-kaberne-sovinon-115,канонические традиции красное полусладкое,союз-вино,Красное,,,train
soyuz-vino-kanonicheskie-traditsii-krasnoe-sladkoe-kaberne-sovinon-115,канонические традиции красное сладкое,союз-вино,Красное,,,train
shato-ay-danil-kapriz-muskat-belyy-beloe-suhoe-135,каприз,шато ай-даниль,Белое,,,train
vinodelnya-zhakov-karbon-saperavi-krasnoe-suhoe-126,карбон,винодельня жаков,Красное,,,train
karbon-glyu-2024,"карбон глю, 2024",коммуналка,Красное,2024,,train
soyuz-vino-kartuli-supris-saperavi-krasnoe-polusladkoe-11,картули суприс саперави,союз-вино,Красное,,,train
soyuz-vino-kartuli-supris-saperavi-suhoe-krasnoe-11,картули суприс саперави сухое,союз-вино,Красное,,,train
soyuz-vino-kartuli-supris-shereuli-saperavi-krasnoe-polusladkoe-11,картули суприс шереули,союз-вино,Красное,,,train
valeriy-zaharin-kefesiya-valeriy-zaharin-krasnoe-suhoe-12,кефесия. валерий захарьин,валерий захарьин,Красное,,,train
vinodelnya-konstantina-dzitoeva-kion-kaberne-sovinon-krasnoe-suhoe-145,кион,винодельня константина дзитоева,Красное,,,train
vinodelnya-batrak-klaret-podarok-magaracha-rozovoe-suhoe-12,кларет,винодельня батрак,Розовое,,,train
bogovich-wine-vineyard-klaret-pino-nuar-krasnoe-suhoe-119,кларет,bogovich wine & vineyard,Красное,,,train
bogovich-wine-vineyard-klassika-pino-nuar-krasnoe-suhoe-125,классика. пино нуар,bogovich wine & vineyard,Красное,,,train
chateau-de-talu-klere-sira-rozovoe-suhoe-136,клере,chateau de talu,Розовое,,,train
koktebel-casa-belyj-kupazh,коктебель casa белый купаж,змв коктебель,Белое,,,train
yaiyla-winery-kokur-kokur-belyy-beloe-suhoe-13,кокур,yaiyla winery,Белое,,,validation
winepark-kokur-kokur-belyy-beloe-suhoe-13,кокур,winepark,Белое,,,train
dva-serdtsa-kokur-beloe-suhoe-125,кокур,два сердца,Белое,,,test
belbek-kokur-kokur-belyy-beloe-suhoe-13,кокур,бельбек,Белое,,,train
twopeters_kokur,кокур,два петра,Красное,,,test
uppa-winery-kokur-kokur-belyy-beloe-suhoe-12,кокур,uppa winery,Белое,,,train
alma-valley-kokur-beloe-suhoe-14,кокур,alma valley,Белое,,,validation
kokur-avtorskoe,кокур авторское,массандра,Белое,,,train
vinnyy-fort-adagum-kokur-belyy-beloe-suhoe-12,кокур белый,винный форт адагум,Белое,,,train
inkermanskiy-zmv-kokur-belyy-ekstra-bryut-beloe-135,кокур белый экстра брют,инкерманский змв,Белое,,,train
zmv-koktebel-kokur-bryut-beloe-11,кокур брют,змв коктебель,Белое,,,train
massandra-kokur-desertnyy-surozh-beloe-sladkoe-16,кокур десертный сурож,массандра,Белое,,,train
valeriy-zaharin-kokur-klassika-kokur-belyy-beloe-bryut-115,кокур классика,валерий захарьин,Белое,,,train
perovskih_kokur_orange,кокур оранж,усадьба перовских,Белое,,,test
kokur-premium,кокур премиум,массандра,Белое,,,train
kokur-suhoe,кокур сухое,массандра,Белое,,,train
kokur-suhoe-2025,"кокур сухое, 2025",винодельня братьев мельниковых,Белое,2025,,train
kokur-2025,"кокур, 2025",винодельня братьев мельниковых,Белое,2025,,train
valeriy-zaharin-kokur-valeriy-zaharin-kokur-belyy-beloe-polusladkoe-125,кокур. валерий захарьин,валерий захарьин,Белое,,,train
vinodelnya-zhakov-kokurkod-beloe-suhoe-118,кокуркод,винодельня жаков,Белое,,,train
koldun-beloe-suhoe,колдун белое сухое,шато пино,Белое,,,test
shato-pino-koldun-belyy-shardone-beloe-suhoe-12,колдун белый,шато пино,Белое,,,test
shato-pino-koldun-krasnyy-merlo-krasnoe-suhoe-14,колдун красный,шато пино,Красное,,,test
shato-pino-koldun-rezerv-kaberne-sovinon-krasnoe-suhoe-14,колдун резерв,шато пино,Красное,,,test
vinodelnya-krinitsa-kollin-sira-krasnoe-suhoe-13,коллин,криница,Красное,,,train
alma-valley-kolombar-beloe-polusuhoe-135,коломбар,alma valley,Белое,,,validation
soyuz-vino-konfessa-pino-gridzhio-beloe-polusladkoe-11,конфесса пино гриджио,союз-вино,Белое,,,train
soyuz-vino-konfessa-sandzhoveze-krasnoe-suhoe-11,конфесса санджовезе,союз-вино,Красное,,,train
soyuz-vino-konfessa-sandzhoveze-polusladkoe-krasnoe-11,конфесса санджовезе полусладкое,союз-вино,Красное,,,train
sober-bash-korvina-krasnostop-zolotovskiy-krasnoe-suhoe-14,корвина,собер баш,Красное,,,validation
vinodelnya-uzunov-krasa-kaberne-sovinon-krasnoe-suhoe-125,краса,винодельня узунов,Красное,,,train
sober-bash-krasnostop-krasnostop-zolotovskiy-krasnoe-suhoe-14,красностоп,собер баш,Красное,,,validation
nesterov-winery-krasnostop-rubin-klere-krasnostop-zolotovskiy-rozovoe-suhoe-11,красностоп - рубин клэрэ,nesterov winery,Розовое,,,train
sober-bash-krasnostop-amfora-krasnostop-zolotovskiy-krasnoe-suhoe-13,красностоп амфора,собер баш,Красное,,,validation
kuban-vino-krasnostop-de-tamane-krasnostop-anapskiy-krasnoe-suhoe-13,красностоп де тамань,кубань-вино,Красное,,,train
vinodelnya-vedernikov-krasnostop-zolotovskiy-krasnoe-suhoe-13,красностоп золотовский,ведерниковъ,Красное,,,train
vinodelnya-molchanova-krasnostop-zolotovskiy-krasnoe-suhoe-13,красностоп золотовский,винодельня молчанова,Красное,,,train
vinodelnya-marchenko-krasnostop-zolotovskiy-krasnoe-suhoe-14,красностоп золотовский,винодельня марченко,Красное,,,train
vinodelnya-molchanova-krasnostop-zolotovskiy-krasnoe-suhoe-135,красностоп золотовский,винодельня молчанова,Красное,,,train
krasnostop-zolotovskij,красностоп золотовский,галицкий и галицкий,Красное,,,train
nesterov-winery-krasnostop-zolotovskiy-krasnoe-suhoe-12,красностоп золотовский,nesterov winery,Красное,,,train
vinodelnya-vedernikov-krasnostop-zolotovskiy-rezerv-krasnoe-suhoe-15,красностоп золотовский резерв,ведерниковъ,Красное,,,train
vinodelnya-vedernikov-krasnostop-zolotovskiy-roze-rozovoe-suhoe-12,красностоп золотовский розе,ведерниковъ,Розовое,,,train
imenie-sikory-krasnostop-zolotovskiy-na-terrasah-rozovoe-suhoe-13,красностоп золотовский. на террасах,имение сикоры,Розовое,,,train
imenie-sikory-krasnostop-zolotovskiy-na-terrasah-krasnoe-suhoe-14,красностоп золотовский. на террасах,имение сикоры,Красное,,,train
imenie-sikory-krasnostop-zolotovskiy-pozdniy-sbor-rozovoe-sladkoe-13,красностоп золотовский. поздний сбор,имение сикоры,Розовое,,,train
chateau-de-talu-krasnostop-rezerv-krasnostop-anapskiy-krasnoe-suhoe-137,красностоп резерв,chateau de talu,Красное,,,train
chateau-le-grand-vostock-krasnostop-rezerv-krasnoe-suhoe-145,красностоп резерв,château le grand vostock,Красное,,,train
domaine-de-la-vivandiere-krasnostop-roze-rozovoe-suhoe-134,красностоп розе,domaine de la vivandiere,Розовое,,,train
krasnostop-shato-taman,красностоп. шато тамань,кубань-вино,Розовое,,,train
gunko-winery-krasnye-gliny-kaberne-fran-krasnoe-suhoe-14,красные глины,gunko winery,Красное,,,train
cloudy-winery-krash-cabernet-sauvignon-kaberne-sovinon-krasnoe-suhoe-14,краш. cabernet sauvignon,cloudy winery,Красное,,,train
cloudy-winery-krash-super-bryut-shardone-beloe-ekstra-bryut-85,краш. супер брют,cloudy winery,Белое,,,train
tsimlyanskie-vina-krepost-sarkel-krasnostop-zolotovskiy-krasnoe-suhoe-145,крепость саркел. красностоп золотовский,цимлянские вина,Красное,,,validation
soyuz-vino-kubanskoe-traditsionnoe-beloe-polusladkoe-belye-sorta-vinograda-11,кубанское традиционное белое полусладкое,союз-вино,Белое,,,train
soyuz-vino-kubanskoe-traditsionnoe-beloe-polusladkoe-07-belye-sorta-vinograda-11,кубанское традиционное белое полусладкое 0.7,союз-вино,Белое,,,train
soyuz-vino-kubanskoe-traditsionnoe-beloe-suhoe-belye-sorta-vinograda-11,кубанское традиционное белое сухое,союз-вино,Белое,,,train
soyuz-vino-kubanskoe-traditsionnoe-beloe-suhoe-07-belye-sorta-vinograda-11,кубанское традиционное белое сухое 0.7,союз-вино,Белое,,,train
soyuz-vino-kubanskoe-traditsionnoe-krasnoe-polusladkoe-krasnye-sorta-vinograda-11,кубанское традиционное красное полусладкое,союз-вино,Красное,,,train
soyuz-vino-kubanskoe-traditsionnoe-krasnoe-polusladkoe-07-krasnye-sorta-vinograda-11,кубанское традиционное красное полусладкое 0.7,союз-вино,Красное,,,train
soyuz-vino-kubanskoe-traditsionnoe-krasnoe-suhoe-krasnye-sorta-vinograda-11,кубанское традиционное красное сухое,союз-вино,Красное,,,train
soyuz-vino-kubanskoe-traditsionnoe-krasnoe-suhoe-07-krasnye-sorta-vinograda-11,кубанское традиционное красное сухое 0.7,союз-вино,Красное,,,train
sober-bash-kumshatskiy-kumshatskiy-belyy-beloe-suhoe-11,кумшацкий,собер баш,Белое,,,validation
chateau-de-talu-kupazh-132-kaberne-sovinon-krasnoe-suhoe-146,купаж 132,chateau de talu,Красное,,,train
loco-cimbali-kuprin-bastardo-magarachskiy-krasnoe-suhoe-138,куприн,loco cimbali,Красное,,,train
winepark-kuchuk-isar-kaberne-sovinon-krasnoe-suhoe-135,кучук-исар,winepark,Красное,,,train
cock-test-belle-kyuve-1-blanc-de-blancs-shardone-beloe-ekstra-bryut-12,кюве no1. blanc de blancs,cock t est belle,Белое,,,train
cock-test-belle-kyuve-2-blan-de-nuar-pino-mene-beloe-ekstra-bryut-12,кюве no2 блан де нуар,cock t est belle,Белое,,,train
cock-test-belle-kyuve-5-roze-shardone-rozovoe-ekstra-bryut-12,кюве no5. розе,cock t est belle,Розовое,,,train
usadba-markoth-kyuve-blan-shardone-beloe-suhoe-12,кюве блан,усадьба маркотх,Белое,,,train
chateau-le-grand-vostock-kyuve-karsov-rezerv-shardone-beloe-suhoe-14,кюве карсов резерв,château le grand vostock,Белое,,,train
kyuve-czimlyanskij-chernyj-i-krasnostop-zolotoj,кюве цимлянский черный и красностоп золотовский,цимлянские вина,Красное,,,validation
soyuz-vino-lavetti-beloe-polusladkoe-belye-sorta-vinograda-11,лаветти белое полусладкое,союз-вино,Белое,,,train
soyuz-vino-lavetti-beloe-suhoe-belye-sorta-vinograda-11,лаветти белое сухое,союз-вино,Белое,,,train
soyuz-vino-lavetti-krasnoe-polusladkoe-krasnye-sorta-vinograda-11,лаветти красное полусладкое,союз-вино,Красное,,,train
soyuz-vino-lavetti-krasnoe-suhoe-krasnye-sorta-vinograda-11,лаветти красное сухое,союз-вино,Красное,,,train
soyuz-vino-lavetti-rozovoe-polusladkoe-krasnye-sorta-vinograda-11,лаветти розовое полусладкое,союз-вино,Розовое,,,train
soyuz-vino-lak-dazyur-blan-moellyo-belye-sorta-vinograda-beloe-polusladkoe-11,лак д азюр блан моэлле,союз-вино,Белое,,,train
soyuz-vino-lak-dazyur-blan-sek-belye-sorta-vinograda-beloe-suhoe-11,лак д азюр блан сек,союз-вино,Белое,,,train
soyuz-vino-lak-dazyur-ruzh-moellyo-belye-sorta-vinograda-krasnoe-polusladkoe-11,лак д азюр руж моэлле,союз-вино,Красное,,,train
soyuz-vino-lak-dazyur-ruzh-sek-krasnye-sorta-vinograda-krasnoe-suhoe-11,лак д азюр руж сек,союз-вино,Красное,,,train
massandra-lakrima-kristi-aleatiko-krasnoe-sladkoe-16,лакрима кристи,массандра,Красное,,,train
lebedushka,лебедушка,le k2,Белое,,,validation
gavras-levokumskiy-krasnoe-suhoe-12,левокумский,gavras,Красное,,,train
legato-legato-kaberne-fran-krasnoe-suhoe-14,легато каберне фран,legato,Красное,,,train
legato-legato-merlo-krasnoe-suhoe-135,легато мерло,legato,Красное,,,train
legato-legato-pino-nuar-krasnoe-suhoe-135,легато пино нуар,legato,Красное,,,train
legato-legato-saperavi-krasnoe-suhoe-14,легато саперави,legato,Красное,,,train
legato-legato-sovinon-blan-beloe-suhoe-125,легато совиньон блан,legato,Белое,,,train
legato-legato-sovinon-blan-mtsvane-beloe-suhoe-125,легато совиньон блан мцване,legato,Белое,,,train
legato-legato-shardone-beloe-suhoe-135,легато шардоне,legato,Белое,,,train
fanagoriya-ledyanoe-vino-muskat-muskat-ottonel-beloe-sladkoe-11,ледяное вино. мускат,фанагория,Белое,,,train
soyuz-vino-lenty-izabella-krymskaya-krasnoe-polusladkoe-11,ленты изабелла крымская,союз-вино,Красное,,,train
soyuz-vino-lenty-kaberne-krymskoe-kaberne-sovinon-krasnoe-polusladkoe-11,ленты каберне крымское,союз-вино,Красное,,,train
soyuz-vino-lenty-shardone-krymskoe-beloe-polusladkoe-11,ленты шардоне крымское,союз-вино,Белое,,,train
lesnaya-proseka,лесная просека,кубань-вино,Белое,,,train
lefkadiya-beloe,лефкадия белое,долина лефкадия,Белое,,,train
lefkadiya-krasnoe,лефкадия красное,долина лефкадия,Красное,,,train
vinodelnya-zhakov-logovo-saperavi-krasnoe-suhoe-126,логово саперави,винодельня жаков,Красное,,,train
lorio-bryut-belyj,лорио. брют белое игристое,лорио - семейная винодельня логуновых,Белое,,,test
lorio-bryut-rozovoe-igristoe,лорио. брют розовое игристое,лорио - семейная винодельня логуновых,Розовое,,,test
lorio-kaberne-sovinon,лорио. каберне совиньон,лорио - семейная винодельня логуновых,Красное,,,test
lorio-kaberne-sovinon-i-pino-nuar,лорио. каберне совиньон и пино нуар,лорио - семейная винодельня логуновых,Красное,,,test
lorio-pino-nuar,лорио. пино нуар,лорио - семейная винодельня логуновых,Красное,,,test
lorio-rozovoe,лорио. розовое,лорио - семейная винодельня логуновых,Розовое,,,test
lorio-sovinon-blan-2024,лорио. совиньон блан 2024,лорио - семейная винодельня логуновых,Белое,2024,,test
lorio-sovinon-blan-2025,лорио. совиньон блан 2025,лорио - семейная винодельня логуновых,Белое,2025,,test
lorio-sovinon-blan-i-shardone-1,лорио. совиньон блан и шардоне,лорио - семейная винодельня логуновых,Белое,,,test
lorio-shardone,лорио. шардоне,лорио - семейная винодельня логуновых,Белое,,,test
zmv-koktebel-madera-albilo-beloe-sladkoe-19,мадера,змв коктебель,Белое,,,train
madera-krymskaya,мадера крымская,массандра,Белое,,,train
chateau-andre-mado-pino-nuar-rozovoe-suhoe-13,мадо,chateau andre,Розовое,,,train
gunko-winery-malbek-krasnoe-suhoe-14,мальбек,gunko winery,Красное,,,train
aromatnoe-malbek-rezerv-krasnoe-suhoe-125,мальбек резерв,ароматное,Красное,,,train
cellar-master-malvaziya-beloe-suhoe-13,мальвазия,cellar master,Белое,,,validation
esse-mama-marselan-krasnoe-suhoe-135,мама,esse,Красное,,,validation
vinodelnya-pokrovskaya-marinka-marinovskiy-rozovoe-suhoe-123,маринка,винодельня покровская,Розовое,,,train
vinodelnya-myshako-marselan-krasnoe-suhoe-144,марселан,мысхако,Красное,,,train
vinodelnya-myshako-marselan-krasnoe-suhoe-143,марселан,мысхако,Красное,,,train
shato-pino-marselan-merlo-krasnoe-suhoe-13,марселан - мерло,шато пино,Красное,,,test
vinodelnya-myshako-marselan-mode-krasnoe-suhoe-145,марселан mode,мысхако,Красное,,,train
vinodelnya-myshako-marselan-mode-appassimento-krasnoe-suhoe-146,марселан mode appassimento,мысхако,Красное,,,train
vinodelnya-myshako-marselan-avtorskaya-tehnologiya-krasnoe-suhoe-144,марселан. авторская технология,мысхако,Красное,,,train
massandra-kokur,массандра кокур,массандра,Белое,,,train
massandra-muskat,массандра мускат,массандра,Белое,,,train
massandra-rozovoe-suhoe,массандра розовое сухое,массандра,Розовое,,,train
massandra-heres,массандра херес,массандра,Белое,,,train
massandra-massandra-heres-oreadna-aligote-beloe-suhoe-16,массандра херес ореадна,массандра,Белое,,,train
solnechnaya-dolina-meganom-blanc-de-blancs-kokur-beloe-bryut-11,меганом blanc de blancs,солнечная долина,Белое,,,validation
solnechnaya-dolina-meganom-beloe-aligote-suhoe-13,меганом белое,солнечная долина,Белое,,,validation
solnechnaya-dolina-meganom-kyuve-shardone-beloe-bryut-11,меганом кюве,солнечная долина,Белое,,,validation
katharon-mezenka-kaberne-fran,мезенка: каберне фран,katharon,Красное,,,train
katharon-mezenka-kaberne-fran-merlo,мезенка: каберне фран - мерло,katharon,Розовое,,,train
katharon-mezenka-merlo,мезенка: мерло,katharon,Красное,,,train
katharon-mezenka-risling-polusuhoe,мезенка: рислинг полусухое,katharon,Белое,,,train
katharon-mezenka-risling-suhoe,мезенка: рислинг сухое,katharon,Белое,,,train
katharon-mezenka-sira,мезенка: сира,katharon,Красное,,,train
katharon-mezenka-sovinon-blan,мезенка: совиньон блан,katharon,Белое,,,train
usadba-mezyb-mezyb-kaberne-sovinon-krasnoe-suhoe-145,мезыбь каберне совиньон,усадьба мезыбь,Красное,,,train
usadba-mezyb-mezyb-merlo-krasnoe-suhoe-145,мезыбь мерло,усадьба мезыбь,Красное,,,train
usadba-mezyb-mezyb-vione-beloe-suhoe-13,мезыбь. вионье,усадьба мезыбь,Белое,,,train
usadba-mezyb-mezyb-kaberne-sovinon-kaberne-fran-krasnoe-suhoe-14,"мезыбь. каберне совиньон, каберне фран",усадьба мезыбь,Красное,,,train
usadba-mezyb-mezyb-kaberne-sovinon-kaberne-fran-vione-rozovoe-suhoe-133,"мезыбь. каберне совиньон, каберне фран, вионье",усадьба мезыбь,Розовое,,,train
skalistyy-bereg-melodiya-leta-krasnostop-zolotovskiy-rozovoe-suhoe-126,мелодия лета,скалистый берег,Розовое,,,train
belbek-meritazh-kaberne-sovinon-krasnoe-suhoe-136,меритаж,бельбек,Красное,,,train
golubitskoe-estate-merlo-krasnoe-suhoe-135,мерло,golubitskoe estate,Красное,,,train
zmv-koktebel-merlo-krasnoe-suhoe-13,мерло,змв коктебель,Красное,,,train
alma-valley-merlo-krasnoe-suhoe-13,мерло,alma valley,Красное,,,validation
esse-merlo-krasnoe-suhoe-135,мерло,esse,Красное,,,validation
bogovich-wine-vineyard-merlo-krasnoe-suhoe-14,мерло,bogovich wine & vineyard,Красное,,,train
chateau-andre-merlo-krasnoe-suhoe-14,мерло,chateau andre,Красное,,,train
vinodelnya-begildeeva-merlo-krasnoe-suhoe-14,мерло,винодельня бегильдеева,Красное,,,train
vinodelnya-batrak-merlo-rozovoe-suhoe-13,мерло,винодельня батрак,Розовое,,,train
orlov_merlo,мерло,винодельня орлова,Красное,,,train
loco-cimbali-merlo-krasnoe-suhoe-138,мерло,loco cimbali,Красное,,,train
stn-winery-merlo-krasnoe-suhoe-14,мерло,stn winery,Красное,,,train
perovskih_merlo,мерло,усадьба перовских,Розовое,,,test
mons-albus-merlo-rozovoe-suhoe-132,мерло,mons albus,Розовое,,,validation
belbek-merlo-krasnoe-suhoe-13,мерло,бельбек,Красное,,,train
vinodelnya-marko-merlo-krasnoe-suhoe-14,мерло,винодельня марко,Красное,,,train
vinodelnya-marchenko-merlo-krasnoe-suhoe-14,мерло,винодельня марченко,Красное,,,train
merlo,мерло,галицкий и галицкий,Красное,,,train
merlo-1,мерло,mantra estate,Красное,,,validation
donskoe-vinodelcheskoe-hozyaystvo-elbuzd-merlo-krasnoe-suhoe-13,мерло,донское винодельческое хозяйство эльбузд,Красное,,,train
villa-sofiya-merlo-kaberne-sovinon-krasnoe-suhoe-14,мерло - каберне совиньон,вилла софия,Красное,,,validation
vinodelnya-myshako-merlo-zinfandel-kyuve-rozovoe-suhoe-128,мерло – зинфандель. кюве,мысхако,Розовое,,,train
vinodelnya-myshako-merlo-tempranilo-kyuve-krasnoe-polusladkoe-135,мерло – темпранильо. кюве,мысхако,Красное,,,train
vinodelnya-myshako-merlo-grand-rezerv-krasnoe-suhoe-142,мерло гранд резерв,мысхако,Красное,,,train
merlo-litavshhuk,мерло литавщук,литавщук. litavshchuk vineyards & winery,Красное,,,train
esse-merlo-otbornoe-krasnoe-suhoe-13,мерло отборное,esse,Красное,,,validation
usadba-markoth-merlo-rezerv-krasnoe-suhoe-13,мерло резерв,усадьба маркотх,Красное,,,train
golubitskoe-estate-merlo-rezerv-krasnoe-suhoe-135,мерло резерв,golubitskoe estate,Красное,,,train
chateau-de-talu-merlo-rezerv-krasnoe-suhoe-14,мерло резерв,chateau de talu,Красное,,,train
alma-valley-merlo-rezerv-krasnoe-suhoe-15,мерло резерв,alma valley,Красное,,,validation
alma-valley-merlo-rezerv-krasnoe-suhoe-14,мерло резерв,alma valley,Красное,,,validation
dubinin-winery-merlo-roze-rozovoe-suhoe-125,мерло розе,dubinin winery,Розовое,,,train
imenie-sikory-merlo-sikory-krasnoe-suhoe-13,мерло сикоры,имение сикоры,Красное,,,train
vinodelnya-myshako-merlo-black-out-krasnoe-sladkoe-14,мерло. black out,мысхако,Красное,,,train
imenie-sikory-merlo-semeynyy-rezerv-krasnoe-suhoe-14,мерло. семейный резерв,имение сикоры,Красное,,,train
molodoe-shato-taman-1,молодое. шато тамань,кубань-вино,Красное,,,train
molodoe-shato-taman,молодое. шато тамань,кубань-вино,Белое,,,train
vinodelnya-uzunov-mono-kaberne-sovinon-krasnoe-suhoe-139,моно. каберне совиньон,винодельня узунов,Красное,,,train
vinodelnya-uzunov-mono-krasnostop-krasnostop-zolotovskiy-krasnoe-suhoe-139,моно. красностоп,винодельня узунов,Красное,,,train
vinodelnya-uzunov-mono-saperavi-krasnoe-suhoe-139,моно. саперави,винодельня узунов,Красное,,,train
soyuz-vino-mosavali-rkatsiteli-beloe-polusladkoe-11,мосавали ркацители,союз-вино,Белое,,,train
soyuz-vino-mosavali-saperavi-polusladkoe-krasnoe-11,мосавали саперави полусладкое,союз-вино,Красное,,,train
soyuz-vino-mosavali-saperavi-suhoe-krasnoe-11,мосавали саперави сухое,союз-вино,Красное,,,train
stn-winery-muskat-beloe-suhoe-115,мускат,stn winery,Белое,,,train
esse-muskat-muskat-belyy-beloe-suhoe-115,мускат,esse,Белое,,,validation
perovskih_muskat,мускат,усадьба перовских,Белое,,,test
belbek-muskat-muskat-belyy-beloe-suhoe-127,мускат,бельбек,Белое,,,train
dva-serdtsa-muskat-muskat-belyy-beloe-polusuhoe-12,мускат,два сердца,Белое,,,test
chateau-de-talu-muskat-beloe-suhoe-13,мускат,chateau de talu,Белое,,,train
radiowine-muskat-amber-muskat-ottonel-beloe-suhoe-13,мускат амбер,radio wine,Белое,,,train
rem-akchurin-muskat-belyy-beloe-suhoe-135,мускат белый,rem akchurin,Белое,,,train
esse-muskat-belyy-beloe-suhoe-135,мускат белый,esse,Белое,,,validation
massandra-muskat-belyy-krasnogo-kamnya-beloe-sladkoe-13,мускат белый красного камня,массандра,Белое,,,train
massandra-muskat-belyy-pozdnego-sbora-beloe-sladkoe-10,мускат белый позднего сбора,массандра,Белое,,,train
massandra-muskat-belyy-yuzhnoberezhnyy-beloe-sladkoe-16,мускат белый южнобережный,массандра,Белое,,,train
chateau-cachalot-muskat-blan-muskat-belyy-beloe-suhoe-117,мускат блан,chateau cachalot,Белое,,,train
andryus-yutsis-muskat-blan-vione-beloe-suhoe-117,"мускат блан, вионье",andryus yutsis,Белое,,,train
zmv-koktebel-muskat-desertnyy-rozovoe-sladkoe-16,мускат десертный,змв коктебель,Розовое,,,train
perovskih_muskat_orange,мускат оранж,усадьба перовских,Белое,,,test
esse-muskat-oranzh-muskat-belyy-beloe-suhoe-115,мускат оранж,esse,Белое,,,validation
rem-akchurin-muskat-oranzh-oranzhevoe-suhoe-115,мускат оранж,rem akchurin,Оранжевое,,,train
belbek-muskat-oranzh-muskat-belyy-oranzhevoe-suhoe-125,мускат оранж,бельбек,Оранжевое,,,train
bogovich-wine-vineyard-muskat-oranzh-muskat-belyy-beloe-suhoe-125,мускат оранж,bogovich wine & vineyard,Белое,,,train
vinodelnya-78-muskat-otbornyy-muskat-yantarnyy-beloe-suhoe-125,мускат отборный,винодельня 78,Белое,,,test
blagolyubov-muskat-ottonel-beloe-suhoe-125,мускат оттонель,благолюбов,Белое,,,train
muskat-ottonel-gusev,мускат оттонель гусевъ,гусевъ,Белое,,,train
jd_winery_muskat_ottonel,мускат оттонель тихое,jd winery,Белое,,,train
massandra-muskat-pozdnego-sbora-muskat-belyy-beloe-sladkoe-16,мускат позднего сбора,массандра,Белое,,,train
muskat-pozdnego-sbora-rozovyj,мускат позднего сбора розовый,массандра,Розовое,,,train
vinodelnya-78-muskat-polusladkoe-muskat-ottonel-beloe-115,мускат полусладкое,винодельня 78,Белое,,,test
massandra-muskat-rozovyy-pozdnego-sbora-rozovoe-sladkoe-10,мускат розовый позднего сбора,массандра,Розовое,,,train
dva-serdtsa-muskat-suhoy-muskat-belyy-beloe-suhoe-12,мускат сухой,два сердца,Белое,,,test
zmv-koktebel-muskat-yantarnyy-desertnyy-beloe-sladkoe-16,мускат янтарный десертный,змв коктебель,Белое,,,train
vinodelnya-myshako-muskat-avtorskaya-tehnologiya-mono-beloe-suhoe-128,мускат. авторская технология. моно,мысхако,Белое,,,train
muskat-avtorskoe-vino,мускат. авторское вино,массандра,Белое,,,train
valeriy-zaharin-muskat-valeriy-zaharin-muskat-ottonel-beloe-polusladkoe-12,мускат. валерий захарьин,валерий захарьин,Белое,,,train
domaine-lipko-muskat-pomeste-trenzina-muskat-belyy-beloe-suhoe-119,мускат. поместье трензина,domaine lipko,Белое,,,train
muskat-premium,мускат. премиум,литавщук. litavshchuk vineyards & winery,Белое,,,train
massandra-muskatel-belyy-belye-sorta-vinograda-beloe-sladkoe-16,мускатель белый,массандра,Белое,,,train
massandra-muskatel-rozovyy-belye-sorta-vinograda-rozovoe-sladkoe-16,мускатель розовый,массандра,Розовое,,,train
massandra-muskatel-chernyy-krasnye-sorta-vinograda-krasnoe-sladkoe-16,мускатель черный,массандра,Красное,,,train
solnechnaya-dolina-muskatnoe-festivalnoe-muskat-belyy-rozovoe-sladkoe-16,мускатное фестивальное,солнечная долина,Розовое,,,validation
muskatnoe-shato-taman,мускатное. шато тамань,кубань-вино,Белое,,,train
vinodelnya-marchenko-mtsvane-mtsvane-kahetinskiy-beloe-suhoe-135,мцване,винодельня марченко,Белое,,,train
myshako-green-cape-shardone-beloe-bryut,мысхако green cape шардоне белое брют,мысхако,Белое,,,train
myshako-igristoe-beloe-bryut,мысхако игристое белое брют,мысхако,Белое,,,train
myshako-igristoe-beloe-polusladkoe,мысхако игристое белое полусладкое,мысхако,Белое,,,train
vinodelnya-myshako-myshako-kyuve-rozovoe-pino-nuar-bryut-123,мысхако кюве розовое,мысхако,Розовое,,,train
uppa-winery-nebbiolo-krasnoe-suhoe-14,неббиоло,uppa winery,Красное,,,train
nebo-rossii-glera,небо россии глера,kalos limen,Белое,,,train
vinodelnya-zhakov-neoranzh-vostorg-beloe-suhoe-123,неоранж,винодельня жаков,Белое,,,train
novyj-svet-vyderzhannoe-bryut,новый свет выдержанное брют,новый свет. дом шампанских вин,Белое,,,train
novyj-svet-kollekczionnoe-bryut,новый свет коллекционное брют,новый свет. дом шампанских вин,Белое,,,train
novyj-svet-polusladkoe,новый свет полусладкое,новый свет. дом шампанских вин,Белое,,,train
novyy-svet-dom-shampanskih-vin-novyy-svet-polusladkoe-roze-shardone-rozovoe-115,новый свет полусладкое розе,новый свет. дом шампанских вин,Розовое,,,train
novyj-svet-polusuhoe-kollekczionnoe,новый свет полусухое коллекционное,новый свет. дом шампанских вин,Белое,,,train
novyj-svet-aligote,новый свет. алиготе,новый свет. дом шампанских вин,Белое,,,train
novyj-svet-blan-de-nuar,новый свет. блан де нуар,новый свет. дом шампанских вин,Белое,,,train
novyj-svet-zolotoj-risling,новый свет. золотой рислинг,новый свет. дом шампанских вин,Белое,,,train
novyj-svet-kaberne,новый свет. каберне,новый свет. дом шампанских вин,Розовое,,,train
novyj-svet-kaberne-sovinon,новый свет. каберне совиньон,новый свет. дом шампанских вин,Красное,,,train
novyj-svet-kaberne-sovinon-polusladkoe,новый свет. каберне совиньон полусладкое,новый свет. дом шампанских вин,Красное,,,train
novyy-svet-dom-shampanskih-vin-novyy-svet-kokur-kokur-belyy-beloe-ekstra-bryut-12,новый свет. кокур,новый свет. дом шампанских вин,Белое,,,train
novyy-svet-dom-shampanskih-vin-novyy-svet-kyuve-ekstra-bryut-shardone-beloe-135,новый свет. кюве экстра брют,новый свет. дом шампанских вин,Белое,,,train
novyj-svet-paradizio,новый свет. парадизио,новый свет. дом шампанских вин,Белое,,,train
novyj-svet-pino-gri-millezim,новый свет. пино гри миллезим,новый свет. дом шампанских вин,Розовое,,,train
novyy-svet-dom-shampanskih-vin-novyy-svet-pino-nuar-rozovoe-bryut-13,новый свет. пино нуар,новый свет. дом шампанских вин,Розовое,,,train
novyj-svet-risling-kyuve-de-prestizh,новый свет. рислинг кюве де престиж,новый свет. дом шампанских вин,Белое,,,train
novyj-svet-shardone,новый свет. шардоне,новый свет. дом шампанских вин,Белое,,,train
novyj-svet-shardone-kyuve-de-prestizh,новый свет. шардоне кюве де престиж,новый свет. дом шампанских вин,Белое,,,train
novyj-svet-shardone-kyuve-de-prestizh-1,новый свет. шардоне кюве де престиж,новый свет. дом шампанских вин,Белое,,,train
vinodelnya-uzunov-nrav-krasnostop-zolotovskiy-krasnoe-suhoe-132,нрав,винодельня узунов,Красное,,,train
vinodelnya-uzunov-nrav-rezerv-krasnostop-zolotovskiy-krasnoe-suhoe-139,нрав резерв,винодельня узунов,Красное,,,train
artvin-odesskiy-chernyy-rezerv-krasnoe-suhoe-13,одесский черный резерв,артвин,Красное,,,train
perovskih_odesskiy_chernyi,одесский черный. лимитированная серия,усадьба перовских,Красное,,,test
oleg,олег,табия,Белое,,,train
olymp-winery-olimp-avtorskoe-kaberne-sovinon-krasnoe-suhoe-11,олимп авторское каберне совиньон,olymp winery,Красное,,,train
ona-skazala-da,она сказала да!,фанагория,Розовое,,,train
loco-cimbali-oranzh-muskat-oranzhevoe-suhoe-127,оранж,loco cimbali,Оранжевое,,,train
loco-cimbali-oranzh-muskat-belyy-beloe-suhoe-129,оранж,loco cimbali,Белое,,,train
zmv-koktebel-oranzh-rkatsiteli-beloe-suhoe-125,"оранж, ркацители",змв коктебель,Белое,,,train
vinodelnya-myshako-oranzhevoe-iz-belogo-gevyurtstraminer-krasnoe-suhoe-142,оранжевое из белого,мысхако,Красное,,,train
andryus-yutsis-organik-risling-beloe-suhoe-115,органик рислинг,andryus yutsis,Белое,,,train
denisov_pazori_risling,пазори рислинг,denisov winery,Белое,,,train
vinodelnya-raevskoe-parfyum-de-terruar-blansh-vione-beloe-suhoe-12,парфюм де терруар. бланш,раевское,Белое,,,train
vinodelnya-raevskoe-parfyum-de-terruar-muskat-muskat-zheltyy-beloe-suhoe-123,парфюм де терруар. мускат,раевское,Белое,,,train
vinodelnya-raevskoe-parfyum-de-terruar-risling-beloe-suhoe-12,парфюм де терруар. рислинг,раевское,Белое,,,train
vinodelnya-raevskoe-parfyum-de-terruar-roze-tempranilo-rozovoe-suhoe-116,парфюм де терруар. розе,раевское,Розовое,,,train
vinodelnya-raevskoe-parfyum-de-terruar-ruzh-tempranilo-krasnoe-suhoe-13,парфюм де терруар. руж,раевское,Красное,,,train
vinodelnya-raevskoe-parfyum-de-terruar-sovinon-blan-beloe-suhoe-121,парфюм де терруар. совиньон блан,раевское,Белое,,,train
valeriy-zaharin-paterum-bastardo-saperavi-kefesiya-bastardo-magarachskiy-krasnoe-suhoe-12,патерум. бастардо – саперави – кефесия,валерий захарьин,Красное,,,train
denisov_pereplyas_kurmyshi,перепляс. курмыши,denisov winery,Розовое,,,train
skalistyy-bereg-pesn-holmov-merlo-krasnoe-suhoe-145,песнь холмов,скалистый берег,Красное,,,train
pet-nat-sosedi-2024,"пет нат соседи, 2024",коммуналка,Розовое,2024,,train
denisov_pet_nat_rubin,пет-нат рубин,denisov winery,Розовое,,,train
denisov_pet_nat_citron_rkaciteli,пет-нат цитрон-ркацители,denisov winery,Белое,,,train
alma-valley-petit-arvin-beloe-suhoe-13,петит арвин,alma valley,Белое,,,validation
golubitskoe-estate-petnat-white-risling-reynskiy-beloe-suhoe-115,петнат white,golubitskoe estate,Белое,,,train
shato-pino-petnat-oranzh-vione-beloe-ekstra-bryut-11,петнат оранж,шато пино,Белое,,,test
shato-pino-petnat-pino-gri-beloe-ekstra-bryut-11,петнат пино гри,шато пино,Белое,,,test
shato-pino-petnat-pino-gri-rozovoe-ekstra-bryut-11,петнат пино гри,шато пино,Розовое,,,test
shato-pino-petnat-pino-nuar-rozovoe-ekstra-bryut-11,петнат пино нуар,шато пино,Розовое,,,test
denisov-winery-petnat-risling-beloe-ekstra-bryut-10,петнат рислинг,denisov winery,Белое,,,train
denisov-winery-petnat-rkatsiteli-beloe-ekstra-bryut-107,петнат ркацители,denisov winery,Белое,,,train
denisov-winery-petnat-saperavi-severnyy-rozovoe-ekstra-bryut-105,петнат саперави северный,denisov winery,Розовое,,,train
shato-pino-petnat-sovinon-blan-beloe-ekstra-bryut-11,петнат совиньон блан,шато пино,Белое,,,test
denisov-winery-petnat-tsitron-risling-tsitronnyy-magaracha-beloe-ekstra-bryut-102,петнат цитрон - рислинг,denisov winery,Белое,,,train
alma-valley-pino-blan-beloe-suhoe-14,пино блан,alma valley,Белое,,,validation
loco-cimbali-pino-blan-beloe-suhoe-13,пино блан,loco cimbali,Белое,,,train
winepark-pino-blan-beloe-suhoe-125,пино блан,winepark,Белое,,,train
alma-valley-pino-blan-rezerv-beloe-suhoe-14,пино блан резерв,alma valley,Белое,,,validation
pino-glyu-2025,"пино глю, 2025",коммуналка,Красное,2025,,train
esse-pino-gri-beloe-suhoe-12,пино гри,esse,Белое,,,validation
massandra-pino-gri-beloe-sladkoe-16,пино гри,массандра,Белое,,,train
sober-bash-pino-gri-beloe-suhoe-11,пино гри,собер баш,Белое,,,validation
esse-pino-gri-beloe-suhoe-135,пино гри,esse,Белое,,,validation
alma-valley-pino-gri-beloe-polusuhoe-15,пино гри,alma valley,Белое,,,validation
chateau-andre-pino-gri-beloe-suhoe-14,пино гри,chateau andre,Белое,,,train
esse-pino-gri-blush-rozovoe-suhoe-115,пино гри blush,esse,Розовое,,,validation
pino-gri-avtorskoe,пино гри авторское,массандра,Белое,,,train
esse-pino-gri-blash-rozovoe-suhoe-125,пино гри блаш,esse,Розовое,,,validation
zmv-koktebel-pino-gri-desertnoe-beloe-sladkoe-16,пино гри десертное,змв коктебель,Белое,,,train
shato-pino-pino-gri-roze-rozovoe-ekstra-bryut-12,пино гри розе,шато пино,Розовое,,,test
vinodelnya-myshako-pino-gridzhio-beloe-polusuhoe-123,пино гриджио,мысхако,Белое,,,train
shato-pino-pino-gridzhio-beloe-suhoe-12,пино гриджио,шато пино,Белое,,,test
loco-cimbali-pino-mene-krasnoe-suhoe-115,пино менье,loco cimbali,Красное,,,train
belbek-pino-mene-krasnoe-suhoe-128,пино менье,бельбек,Красное,,,train
loco-cimbali-pino-nuar-krasnoe-suhoe-126,пино нуар,loco cimbali,Красное,,,train
bakla-vines-pino-nuar-krasnoe-suhoe-125,пино нуар,bakla vines,Красное,,,test
bogovich-wine-vineyard-pino-nuar-krasnoe-suhoe-125,пино нуар,bogovich wine & vineyard,Красное,,,train
andryus-yutsis-pino-nuar-krasnoe-suhoe-12,пино нуар,andryus yutsis,Красное,,,train
belbek-pino-nuar-krasnoe-suhoe-133,пино нуар,бельбек,Красное,,,train
chateau-andre-pino-nuar-krasnoe-suhoe-14,пино нуар,chateau andre,Красное,,,train
a-gordienko-m-nikolaev-pino-nuar-krasnoe-suhoe-135,пино нуар,а. гордиенко & м. николаев,Красное,,,validation
denisov-winery-pino-nuar-rozovoe-suhoe-125,пино нуар,denisov winery,Розовое,,,train
chateau-cachalot-pino-nuar-krasnoe-suhoe-12,пино нуар,chateau cachalot,Красное,,,train
abrau-dyurso-pino-nuar-krasnoe-suhoe-125,пино нуар,абрау-дюрсо,Красное,,,train
esse-pino-nuar-krasnoe-suhoe-115,пино нуар,esse,Красное,,,validation
belmas-winery-pino-nuar-krasnoe-suhoe-135,пино нуар,belmas winery,Красное,,,validation
stn-winery-pino-nuar-krasnoe-suhoe-12,пино нуар,stn winery,Красное,,,train
domaine-lipko-pino-nuar-krasnoe-suhoe-12,пино нуар,domaine lipko,Красное,,,train
alma-valley-pino-nuar-krasnoe-suhoe-13,пино нуар,alma valley,Красное,,,validation
abrau-dyurso-pino-nuar-krasnoe-suhoe-12,пино нуар,абрау-дюрсо,Красное,,,train
alma-valley-pino-nuar-beloe-ekstra-bryut-115,пино нуар,alma valley,Белое,,,validation
shato-pino-pino-nuar-krasnoe-suhoe-135,пино нуар,шато пино,Красное,,,test
tempelhof-winery-pino-nuar-krasnoe-suhoe-125,пино нуар,tempelhof winery,Красное,,,test
nikolaev-i-synovya-pino-nuar-krasnoe-suhoe-125,пино нуар,николаев и сыновья,Красное,,,train
vaynkraft-pino-nuar-krasnoe-suhoe-13,пино нуар,вайнкрафт,Красное,,,train
pino-nuar,пино нуар,галицкий и галицкий,Красное,,,train
donskoe-vinodelcheskoe-hozyaystvo-elbuzd-pino-nuar-krasnoe-suhoe-13,пино нуар,донское винодельческое хозяйство эльбузд,Красное,,,train
vinodelnya-myshako-pino-nuar-karmener-reserve-krasnoe-suhoe-138,пино нуар - карменер reserve,мысхако,Красное,,,train
shato-pino-pino-nuar-pino-gri-rozovoe-suhoe-115,пино нуар - пино гри,шато пино,Розовое,,,test
shato-pino-pino-nuar-saperavi-krasnoe-suhoe-13,пино нуар - саперави,шато пино,Красное,,,test
denisov-winery-pino-nuar-shardone-ekstra-bryut-beloe-125,пино нуар - шардоне экстра брют,denisov winery,Белое,,,train
bogovich-wine-vineyard-pino-nuar-2-krasnoe-suhoe-12,пино нуар 2,bogovich wine & vineyard,Красное,,,train
zmv-koktebel-pino-nuar-bryut-rozovoe-11,пино нуар брют,змв коктебель,Розовое,,,train
dubinin-winery-pino-nuar-bryut-roze-rozovoe-ekstra-bryut-125,пино нуар брют розе,dubinin winery,Розовое,,,train
pino-nuar-dzhavaga,пино нуар джавага,галицкий и галицкий,Красное,,,train
denisov_pino_noir_klaret,пино нуар кларет. красная стрелка,denisov winery,Розовое,,,train
le-k2-pino-nuar-pi-krasnoe-suhoe-133,пино нуар пи,le k2,Красное,,,validation
novyy-svet-dom-shampanskih-vin-pino-nuar-polusuhoe-rozovoe-135,пино нуар полусухое,новый свет. дом шампанских вин,Розовое,,,train
belbek-pino-nuar-rezerv-krasnoe-suhoe-135,пино нуар резерв,бельбек,Красное,,,train
usadba-perovskih-pino-nuar-rezerv-krasnoe-suhoe-122,пино нуар резерв,усадьба перовских,Красное,,,test
alma-valley-pino-nuar-rezerv-krasnoe-suhoe-14,пино нуар резерв,alma valley,Красное,,,validation
chateau-le-grand-vostock-pino-nuar-rezerv-krasnoe-suhoe-14,пино нуар резерв,château le grand vostock,Красное,,,train
golubitskoe-estate-pino-nuar-rezerv-krasnoe-suhoe-132,пино нуар резерв,golubitskoe estate,Красное,,,train
shato-pino-pino-nuar-roze-rozovoe-ekstra-bryut-115,пино нуар розе,шато пино,Розовое,,,test
domaine-de-la-vivandiere-pino-nuar-roze-rozovoe-suhoe-122,пино нуар розе,domaine de la vivandiere,Розовое,,,train
vinabani-pino-nuar-roze-rozovoe-suhoe-12,пино нуар розе,vinabani,Розовое,,,train
chateau-andre-pino-nuar-roze-rozovoe-suhoe-13,пино нуар розе,chateau andre,Розовое,,,train
belbek-pino-nuar-roze-rozovoe-suhoe-115,пино нуар розе,бельбек,Розовое,,,train
imenie-sikory-pino-nuar-sikory-krasnoe-suhoe-14,пино нуар сикоры,имение сикоры,Красное,,,train
pino-nuar-2025,"пино нуар, 2025",винодельня братьев мельниковых,Розовое,2025,,train
valeriy-zaharin-pino-nuar-valeriy-zaharin-krasnoe-polusladkoe-105,пино нуар. валерий захарьин,валерий захарьин,Красное,,,train
pino-nuar-premium,пино нуар. премиум,литавщук. litavshchuk vineyards & winery,Красное,,,train
imenie-sikory-pino-nuar-semeynyy-rezerv-krasnoe-suhoe-14,пино нуар. семейный резерв,имение сикоры,Красное,,,train
vinodelnya-bratev-melnikovyh-pino-dva-brata-pino-gri-rozovoe-suhoe-13,пино. два брата,винодельня братьев мельниковых,Розовое,,,train
cloudy-winery-plohaya-devochka-pryanyy-traminer-traminer-beloe-suhoe-12,плохая девочка. пряный traminer,cloudy winery,Белое,,,train
cloudy-winery-plohaya-devochka-pryanyy-blend-byanka-beloe-suhoe-125,плохая девочка. пряный бленд,cloudy winery,Белое,,,train
cloudy-winery-plohaya-devochka-sochnyy-pino-noir-pino-nuar-krasnoe-suhoe-12,плохая девочка. сочный pino noir,cloudy winery,Красное,,,train
pobeda,победа,табия,Красное,,,train
v2r-podnyat-parusa-kaberne-sovinon-krasnoe-suhoe-125,поднять паруса!,в2р,Красное,,,train
pozdnij-sbor-beloe,"поздний сбор, белое",литавщук. litavshchuk vineyards & winery,Белое,,,train
pozdnij-sbor-krasnoe,"поздний сбор, красное",литавщук. litavshchuk vineyards & winery,Красное,,,train
vinodelnya-pokrovskaya-pokrovskoe-krasnoe-kaberne-sovinon-suhoe-14,покровское красное,винодельня покровская,Красное,,,train
vinodelnya-pokrovskaya-pokrovskoe-sladkoe-krasnoe-kaberne-sovinon-13,покровское сладкое красное,винодельня покровская,Красное,,,train
perovskih_polusladkoe_beloe,полусладкое белое,усадьба перовских,Белое,,,test
polusladkoe-beloe-zolotaya-balka,полусладкое белое золотая балка,золотая балка,Белое,,,train
perovskih_polusladkoe_krasnoe,полусладкое красное,усадьба перовских,Красное,,,test
polusladkoe-krasnoe-zb-vajn-frizzante,полусладкое красное зб вайн фриззанте,золотая балка,Красное,,,train
polusladkoe-krasnoe-zolotaya-balka,полусладкое красное золотая балка,золотая балка,Красное,,,train
perovskih_polusladkoe_rosovoe,полусладкое розовое,усадьба перовских,Розовое,,,test
polusladkoe-rozovoe-zolotaya-balka,полусладкое розовое золотая балка,золотая балка,Розовое,,,train
polusuhoe-beloe-zolotaya-balka,полусухое белое золотая балка,золотая балка,Белое,,,train
perovskih_polusuhoe_krasnoe,полусухое красное,усадьба перовских,Красное,,,test
polusuhoe-rozovoe-zb-vajn-frizzante,полусухое розовое зб вайн фриззанте,золотая балка,Розовое,,,train
dacha-serdyuka-porechnoe-kaberne-sovinon-krasnoe-suhoe-13,поречное,дача сердюка,Красное,,,validation
zmv-koktebel-portveyn-beloe-kreplyonoe-aligote-sladkoe-17,портвейн - белое крепленое,змв коктебель,Белое,,,train
zmv-koktebel-portveyn-krasnoe-kreplyonoe-kaberne-sovinon-sladkoe-17,портвейн - красное крепленое,змв коктебель,Красное,,,train
massandra-portveyn-belyy-alushta-belye-sorta-vinograda-beloe-sladkoe-17,портвейн белый алушта,массандра,Белое,,,train
massandra-portveyn-belyy-gurzuf-kokur-belyy-beloe-sladkoe-135,портвейн белый гурзуф,массандра,Белое,,,train
massandra-portveyn-belyy-krymskiy-kokur-beloe-sladkoe-18,портвейн белый крымский,массандра,Белое,,,train
massandra-portveyn-krasnyy-alushta-krasnye-sorta-vinograda-krasnoe-sladkoe-17,портвейн красный алушта,массандра,Красное,,,train
massandra-portveyn-krasnyy-livadiya-kaberne-sovinon-krasnoe-sladkoe-185,портвейн красный ливадия,массандра,Красное,,,train
portvejn-krymskij,портвейн крымский,солнечная долина,Белое,,,validation
portvejn-surozh,портвейн сурож,массандра,Белое,,,train
solnechnaya-dolina-porto-solnechnoy-doliny-kokur-belyy-beloe-sladkoe-175,порто солнечной долины,солнечная долина,Белое,,,validation
potenczial-2026,"потенциал 2026, 2014",winemafia,Красное,2026,,train
vinodelnya-vedernikov-pravoberezhnoe-beloe-aligote-suhoe-13,правобережное белое,ведерниковъ,Белое,,,train
vinodelnya-vedernikov-pravoberezhnoe-krasnoe-kaberne-sovinon-suhoe-145,правобережное красное,ведерниковъ,Красное,,,train
shato-ay-danil-presto-rezerv-kaberne-sovinon-krasnoe-suhoe-135,престо резерв,шато ай-даниль,Красное,,,train
privat,приват,солнечная долина,Красное,,,validation
solnechnaya-dolina-privat-kaberne-sovinon-krasnoe-sladkoe-155,приват,солнечная долина,Красное,,,validation
vinodelnya-batrak-prikumskoe-sonnenschein-shardone-beloe-suhoe-12,прикумское sonnenschein,винодельня батрак,Белое,,,train
vinodelnya-batrak-prikumskoe-vitale-kraft-kaberne-sovinon-krasnoe-suhoe-135,прикумское vitale kraft,винодельня батрак,Красное,,,train
vinodelnya-myshako-primitivo-blaufrankish-reserve-krasnoe-suhoe-142,примитиво - блауфранкиш reserve,мысхако,Красное,,,train
esse-prirodno-polusladkoe-beloe-risling-125,природно полусладкое белое,esse,Белое,,,validation
esse-prirodno-polusladkoe-krasnoe-merlo-13,природно полусладкое красное,esse,Красное,,,validation
villa-di-alma-pti-verdo-krasnoe-suhoe-125,пти вердо,villa di alma,Красное,,,test
domaine-lipko-pti-verdo-krasnoe-suhoe-14,пти вердо,domaine lipko,Красное,,,train
sober-bash-puhlyakovskiy-beloe-suhoe-12,пухляковский,собер баш,Белое,,,validation
vinodelnya-uzunov-rash-risling-beloe-suhoe-127,раш,винодельня узунов,Белое,,,train
vinodelnya-uzunov-rash-rezerv-risling-reynskiy-beloe-suhoe-127,раш резерв,винодельня узунов,Белое,,,train
rebo,ребо,cellar master,Красное,,,validation
rebo-rezerv,ребо резерв,cellar master,Красное,,,validation
relikta-relikta-antey-magarachskiy-muskat-belyy-rozovoe-polusuhoe-11,"реликта антей магарачский, мускат белый",реликта,Розовое,,,train
relikta-relikta-varvary-antey-magarachskiy-krasnoe-suhoe-13-15,реликта варвары,реликта,Красное,,,train
relikta-relikta-dekabrskiy-krasnoe-polusladkoe-125,реликта декабрьский,реликта,Красное,,,train
relikta-relikta-kaberne-sovinon-krasnoe-suhoe-135,реликта каберне совиньон,реликта,Красное,,,train
relikta-relikta-merlo-krasnoe-suhoe-135,реликта мерло,реликта,Красное,,,train
relikta-relikta-merlo-kaberne-sovinon-krasnoe-suhoe-135,"реликта мерло, каберне совиньон",реликта,Красное,,,train
relikta-relikta-muskat-beloe-polusuhoe-12,реликта мускат,реликта,Белое,,,train
relikta-relikta-muskat-belyy-beloe-suhoe-12,реликта мускат белый,реликта,Белое,,,train
relikta-relikta-pervenets-pervenets-magaracha-beloe-suhoe-12,реликта первенец,реликта,Белое,,,train
relikta-relikta-pervenets-muskat-pervenets-magaracha-beloe-polusladkoe-125,реликта первенец мускат,реликта,Белое,,,train
relikta-relikta-petnat-antey-magarachskiy-rozovoe-ekstra-bryut-11,реликта петнат,реликта,Розовое,,,train
relikta-relikta-risling-beloe-suhoe-12,реликта рислинг,реликта,Белое,,,train
relikta-relikta-sira-krasnoe-suhoe-13,реликта сира,реликта,Красное,,,train
relikta-relikta-sira-kaberne-fran-krasnoe-suhoe-13,"реликта сира, каберне фран",реликта,Красное,,,train
relikta-relikta-traminer-beloe-suhoe-11,реликта траминер,реликта,Белое,,,train
relikta-relikta-shardone-beloe-suhoe-12,реликта шардоне,реликта,Белое,,,train
relikta-relikta-ekstra-bryut-shardone-beloe-105,реликта экстра брют,реликта,Белое,,,train
rem-akchurin-rem-akchurin-pino-nuar-roze-rozovoe-suhoe-14,рем акчурин пино нуар розе,rem akchurin,Розовое,,,train
vinodelnya-raevskoe-renessans-beloe-shardone-suhoe-126,ренессанс белое,раевское,Белое,,,train
vinodelnya-raevskoe-renessans-belyy-blend-risling-beloe-suhoe-121,ренессанс белый бленд,раевское,Белое,,,train
vinodelnya-raevskoe-renessans-blaufrankish-krasnoe-suhoe-128,ренессанс блауфранкиш,раевское,Красное,,,train
vinodelnya-raevskoe-renessans-vione-beloe-suhoe-122,ренессанс вионье,раевское,Белое,,,train
vinodelnya-raevskoe-renessans-karmener-krasnoe-suhoe-12,ренессанс карменер,раевское,Красное,,,train
vinodelnya-raevskoe-renessans-krasnoe-kaberne-sovinon-suhoe-13,ренессанс красное,раевское,Красное,,,train
vinodelnya-raevskoe-renessans-pino-nuar-krasnoe-suhoe-125,ренессанс пино нуар,раевское,Красное,,,train
vinodelnya-raevskoe-renessans-pti-verdo-krasnoe-suhoe-145,ренессанс пти вердо,раевское,Красное,,,train
vinodelnya-raevskoe-renessans-rozovoe-tempranilo-suhoe-12,ренессанс розовое,раевское,Розовое,,,train
vinodelnya-raevskoe-renessans-tempranilo-krasnoe-suhoe-135,ренессанс темпранильо,раевское,Красное,,,train
vinodelnya-raevskoe-renessans-shardone-beloe-suhoe-128,ренессанс шардоне,раевское,Белое,,,train
vinodelnya-raevskoe-renessans-shardone-beloe-suhoe-127,ренессанс шардоне,раевское,Белое,,,train
vinodelnya-krinitsa-rivazh-kaberne-sovinon-krasnoe-suhoe-13,риваж,криница,Красное,,,train
alma-valley-rislaner-beloe-polusladkoe-125,рисланер,alma valley,Белое,,,validation
winepark-risling-beloe-suhoe-125,рислинг,winepark,Белое,,,train
andryus-yutsis-risling-beloe-suhoe-12,рислинг,andryus yutsis,Белое,,,train
bakla-vines-risling-beloe-polusuhoe-125,рислинг,bakla vines,Белое,,,test
esse-risling-beloe-suhoe-115,рислинг,esse,Белое,,,validation
chateau-andre-risling-beloe-suhoe-13,рислинг,chateau andre,Белое,,,train
belbek-risling-risling-reynskiy-beloe-suhoe-12,рислинг,бельбек,Белое,,,train
vinodelnya-myshako-risling-beloe-suhoe-123,рислинг,мысхако,Белое,,,train
gunko-winery-risling-beloe-suhoe-135,рислинг,gunko winery,Белое,,,train
chateau-cachalot-risling-beloe-suhoe-115,рислинг,chateau cachalot,Белое,,,train
golubitskoe-estate-risling-beloe-suhoe-125,рислинг,golubitskoe estate,Белое,,,train
domaine-de-la-vivandiere-risling-beloe-suhoe-122,рислинг,domaine de la vivandiere,Белое,,,train
villa-sofiya-risling-beloe-suhoe-12,рислинг,вилла софия,Белое,,,validation
domaine-lipko-risling-beloe-polusuhoe-124,рислинг,domaine lipko,Белое,,,train
dubinin-winery-risling-beloe-suhoe-12,рислинг,dubinin winery,Белое,,,train
loco-cimbali-risling-beloe-suhoe-125,рислинг,loco cimbali,Белое,,,train
denisov-winery-risling-beloe-suhoe-115,рислинг,denisov winery,Белое,,,train
vinodelnya-krinitsa-risling-beloe-suhoe-13,рислинг,криница,Белое,,,train
vinodelnya-marko-risling-beloe-suhoe-12,рислинг,винодельня марко,Белое,,,train
abrau-dyurso-risling-beloe-suhoe-12,рислинг,абрау-дюрсо,Белое,,,train
rem-akchurin-risling-beloe-suhoe-125,рислинг,rem akchurin,Белое,,,train
vinodelnya-berdyaeva-risling-beloe-polusuhoe-108,рислинг,винодельня бердяева,Белое,,,validation
vinodelnya-berdyaeva-risling-risling-reynskiy-beloe-suhoe-121,рислинг,винодельня бердяева,Белое,,,validation
v2r-risling-risling-reynskiy-beloe-suhoe-122,рислинг,в2р,Белое,,,train
belmas-winery-risling-beloe-suhoe-135,рислинг,belmas winery,Белое,,,validation
loco-cimbali-risling-risling-reynskiy-beloe-suhoe-13,рислинг,loco cimbali,Белое,,,train
vaynkraft-risling-beloe-suhoe-123,рислинг,вайнкрафт,Белое,,,train
rem-akchurin-risling-beloe-polusuhoe-12,рислинг,rem akchurin,Белое,,,train
risling-1,рислинг,табия,Белое,,,train
abrau-dyurso-risling-beloe-suhoe-13,рислинг,абрау-дюрсо,Белое,,,train
alma-valley-risling-beloe-polusuhoe-125,рислинг,alma valley,Белое,,,validation
sober-bash-risling-risling-reynskiy-beloe-suhoe-11,рислинг,собер баш,Белое,,,validation
donskoe-vinodelcheskoe-hozyaystvo-elbuzd-risling-beloe-suhoe-12,рислинг,донское винодельческое хозяйство эльбузд,Белое,,,train
risling,рислинг,галицкий и галицкий,Белое,,,train
tempelhof-winery-risling-risling-reynskiy-beloe-suhoe-115,рислинг,tempelhof winery,Белое,,,test
villa-sofiya-risling-beloe-suhoe-131,рислинг,вилла софия,Белое,,,validation
twopeters_risling,рислинг,два петра,Красное,,,test
sober-bash-risling-risling-reynskiy-beloe-suhoe-12,рислинг,собер баш,Белое,,,validation
vinodelnya-myshako-risling-mode-kabinett-beloe-polusuhoe-126,рислинг mode kabinett,мысхако,Белое,,,train
vinodelnya-myshako-risling-kyuve-bryut-beloe-126,рислинг кюве брют,мысхако,Белое,,,train
golubitskoe-estate-risling-oranzh-risling-reynskiy-oranzhevoe-suhoe-13,рислинг оранж,golubitskoe estate,Оранжевое,,,train
jd_winery_risling_orange,рислинг оранж тихое,jd winery,Белое,,,train
gunko-winery-risling-rezerv-beloe-suhoe-135,рислинг резерв,gunko winery,Белое,,,train
nesterov-winery-risling-reynskiy-beloe-suhoe-12,рислинг рейнский,nesterov winery,Белое,,,train
imenie-sikory-risling-sikory-beloe-suhoe-13,рислинг сикоры,имение сикоры,Белое,,,train
jd_winery_risling,рислинг тихое,jd winery,Белое,,,train
risling-2024,"рислинг, 2024",винодельня братьев мельниковых,Белое,2024,,train
vinodelnya-myshako-risling-blanc-out-beloe-suhoe-145,рислинг. blanc out,мысхако,Белое,,,train
valeriy-zaharin-risling-valeriy-zaharin-risling-reynskiy-beloe-polusladkoe-125,рислинг. валерий захарьин,валерий захарьин,Белое,,,train
imenie-sikory-risling-pozdniy-sbor-beloe-sladkoe-13,рислинг. поздний сбор,имение сикоры,Белое,,,train
belbek-risling-pozdniy-sbor-risling-reynskiy-beloe-sladkoe-117,рислинг. поздний сбор,бельбек,Белое,,,train
vinodelnya-pokrovskaya-risling-pokrovskoe-risling-reynskiy-beloe-suhoe-13,рислинг. покровское,винодельня покровская,Белое,,,train
imenie-sikory-risling-semeynyy-rezerv-beloe-suhoe-13,рислинг. семейный резерв,имение сикоры,Белое,,,train
imenie-sikory-risling-semeynyy-rezerv-risling-reynskiy-beloe-suhoe-13,рислинг. семейный резерв,имение сикоры,Белое,,,train
risling-shato-taman,рислинг. шато тамань,кубань-вино,Белое,,,train
sober-bash-rkatsiteli-beloe-suhoe-14,ркацители,собер баш,Белое,,,validation
zmv-koktebel-rkatsiteli-beloe-sladkoe-135,ркацители,змв коктебель,Белое,,,train
esse-rkatsiteli-beloe-suhoe-125,ркацители,esse,Белое,,,validation
vinodelnya-marchenko-rkatsiteli-beloe-suhoe-135,ркацители,винодельня марченко,Белое,,,train
loco-cimbali-rkatsiteli-oranzhevoe-suhoe-13,ркацители,loco cimbali,Оранжевое,,,train
mons-albus-rkatsiteli-beloe-suhoe-124,ркацители,mons albus,Белое,,,validation
vinodelnya-vedernikov-rkatsiteli-beloe-suhoe-13,ркацители,ведерниковъ,Белое,,,train
belbek-rkatsiteli-beloe-suhoe-13,ркацители,бельбек,Белое,,,train
denisov-winery-rkatsiteli-beloe-suhoe-112,ркацители,denisov winery,Белое,,,train
levokumskoe-rkatsiteli-beloe-suhoe-10,ркацители,левокумское,Белое,,,train
usadba-perovskih-rkatsiteli-beloe-suhoe-13,ркацители,усадьба перовских,Белое,,,test
vinodelnya-pokrovskaya-rkatsiteli-shardone-pokrovskoe-beloe-suhoe-13,ркацители - шардоне. покровское,винодельня покровская,Белое,,,train
oxana-istratova-wine-rkatsiteli-2023-oranzhevoe-suhoe-113,ркацители 2023,oxana istratova wine,Оранжевое,2023,,train
oxana-istratova-wine-rkatsiteli-2024-oranzhevoe-suhoe-12,ркацители 2024,oxana istratova wine,Оранжевое,2024,,train
sober-bash-rkatsiteli-amfora-beloe-suhoe-135,ркацители амфора,собер баш,Белое,,,validation
belbek-rkatsiteli-barrik-beloe-suhoe-13,ркацители баррик,бельбек,Белое,,,train
rkacziteli-beloe-suhoe,ркацители белое сухое,ведерниковъ,Белое,,,train
zmv-koktebel-rkatsiteli-desertnoe-beloe-sladkoe-16,ркацители десертное,змв коктебель,Белое,,,train
vaynkraft-rkatsiteli-oranzh-oranzhevoe-suhoe-12,ркацители оранж,вайнкрафт,Оранжевое,,,train
esse-rkatsiteli-oranzh-beloe-suhoe-12,ркацители оранж,esse,Белое,,,validation
bogovich-wine-vineyard-rkatsiteli-oranzh-beloe-suhoe-125,ркацители оранж,bogovich wine & vineyard,Белое,,,train
perovskih_rkaciteli_orange,ркацители оранж,усадьба перовских,Белое,,,test
esse-rkatsiteli-syur-li-beloe-suhoe-125,ркацители сюр ли,esse,Белое,,,validation
vinodelnya-zhakov-rkatsiteli-eskeyp-krasnoe-suhoe-119,ркацители эскейп,винодельня жаков,Красное,,,train
roze-2,розе,табия,Розовое,,,train
v2r-roze-kaberne-sovinon-rozovoe-polusuhoe-13,розе,в2р,Розовое,,,train
perovskih_rose,розе,усадьба перовских,Розовое,,,test
gunko-winery-roze-kaberne-fran-rozovoe-suhoe-135,розе,gunko winery,Розовое,,,train
chateau-de-talu-roze-kaberne-sovinon-rozovoe-suhoe-14,розе,chateau de talu,Розовое,,,train
esse-roze-kaberne-sovinon-rozovoe-suhoe-135,розе,esse,Розовое,,,validation
roze-1,розе,галицкий и галицкий,Розовое,,,train
roze,розе,chateau semiray,Розовое,,,test
dubinin-winery-roze-kaberne-fran-rozovoe-suhoe-13,розе,dubinin winery,Розовое,,,train
roze-malbek,розе мальбек,долина лефкадия,Розовое,,,train
domaine-lipko-roze-sira-rozovoe-suhoe-135,розе сира,domaine lipko,Розовое,,,train
belbek-roze-sira-rozovoe-suhoe-125,розе сира,бельбек,Розовое,,,train
vinodelnya-uzunov-roze-ekstra-bryut-kaberne-sovinon-rozovoe-127,розе экстра брют,винодельня узунов,Розовое,,,train
zmv-koktebel-roze-merlo-rozovoe-suhoe-12,"розе, мерло",змв коктебель,Розовое,,,train
roze-avtorskoe-vino,розе. авторское вино,массандра,Розовое,,,train
roze-premium,розе. премиум,литавщук. litavshchuk vineyards & winery,Розовое,,,train
vinodelnya-zhakov-rozeo-saperavi-rozovoe-suhoe-115,розео,винодельня жаков,Розовое,,,train
rozovaya-pantera,розовая пантера полусладкое розовое,аратти,Розовое,,,train
vinodelnya-pokrovskaya-rozovoe-marinovskiy-suhoe-135,розовое,винодельня покровская,Розовое,,,train
dva-serdtsa-rozovoe-kaberne-sovinon-suhoe-13,розовое,два сердца,Розовое,,,test
rozovoe-bryut-1,розовое брют,золотая балка,Розовое,,,train
rozovoe-bryut,розовое брют monte garu,дербент вино,Розовое,,,train
rozovoe-bryut-spumante,розовое брют спуманте,золотая балка,Розовое,,,train
rozovoe-zoloto,розовое золото,табия,Розовое,,,train
rozovoe-polusladkoe-2,розовое полусладкое,абрау-дюрсо,Розовое,,,train
rozovoe-polusladkoe,розовое полусладкое,фанагория,Розовое,,,train
rozovoe-polusladkoe-1,розовое полусладкое,золотая балка,Розовое,,,train
novyy-svet-dom-shampanskih-vin-rossiyskoe-shampanskoe-vyderzhannoe-bryut-beloe-novyy-svet-shardone-125,российское шампанское выдержанное брют белое новый свет,новый свет. дом шампанских вин,Белое,,,train
novyy-svet-dom-shampanskih-vin-rossiyskoe-shampanskoe-vyderzhannoe-bryut-rozovoe-novyy-svet-kaberne-kaberne-sovinon-11,российское шампанское выдержанное брют розовое новый свет. каберне,новый свет. дом шампанских вин,Розовое,,,train
novyy-svet-dom-shampanskih-vin-rossiyskoe-shampanskoe-vyderzhannoe-polusladkoe-rozovoe-novyy-svet-shardone-125,российское шампанское выдержанное полусладкое розовое новый свет,новый свет. дом шампанских вин,Розовое,,,train
novyy-svet-dom-shampanskih-vin-rossiyskoe-shampanskoe-vyderzhannoe-ekstra-bryut-beloe-novyy-svet-aligote-13,российское шампанское выдержанное экстра брют белое новый свет. алиготе,новый свет. дом шампанских вин,Белое,,,train
novyy-svet-dom-shampanskih-vin-rossiyskoe-shampanskoe-vyderzhannoe-ekstra-bryut-beloe-novyy-svet-kokur-11,российское шампанское выдержанное экстра брют белое новый свет. кокур,новый свет. дом шампанских вин,Белое,,,train
novyy-svet-dom-shampanskih-vin-rossiyskoe-shampanskoe-kollektsionnoe-bryut-beloe-novyy-svet-zolotoy-risling-suhoe-13,российское шампанское коллекционное брют белое новый свет. золотой рислинг,новый свет. дом шампанских вин,Белое,,,train
novyy-svet-dom-shampanskih-vin-rossiyskoe-shampanskoe-kollektsionnoe-bryut-beloe-novyy-svet-kyuve-de-prestizh-pino-gri-millezim-rozovoe-125,российское шампанское коллекционное брют белое новый свет. кюве де престиж пино гри миллезим,новый свет. дом шампанских вин,Розовое,,,train
novyy-svet-dom-shampanskih-vin-rossiyskoe-shampanskoe-kollektsionnoe-bryut-beloe-novyy-svet-paradizio-shardone-125,российское шампанское коллекционное брют белое новый свет. парадизио,новый свет. дом шампанских вин,Белое,,,train
novyy-svet-dom-shampanskih-vin-rossiyskoe-shampanskoe-kollektsionnoe-bryut-beloe-novyy-svet-yubileynoe-risling-13,российское шампанское коллекционное брют белое новый свет. юбилейное,новый свет. дом шампанских вин,Белое,,,train
novyy-svet-dom-shampanskih-vin-rossiyskoe-shampanskoe-kollektsionnoe-bryut-rozovoe-novyy-svet-pino-nuar-135,российское шампанское коллекционное брют розовое новый свет. пино нуар,новый свет. дом шампанских вин,Розовое,,,train
novyy-svet-dom-shampanskih-vin-rossiyskoe-shampanskoe-kollektsionnoe-polusuhoe-beloe-novyy-svet-shardone-13,российское шампанское коллекционное полусухое белое новый свет,новый свет. дом шампанских вин,Белое,,,train
novyy-svet-dom-shampanskih-vin-rossiyskoe-shampanskoe-kollektsionnoe-polusuhoe-beloe-novyy-svet-risling-125,российское шампанское коллекционное полусухое белое новый свет,новый свет. дом шампанских вин,Белое,,,train
novyy-svet-dom-shampanskih-vin-rossiyskoe-shampanskoe-kollektsionnoe-polusuhoe-rozovoe-novyy-svet-pino-nuar-125,российское шампанское коллекционное полусухое розовое новый свет. пино нуар,новый свет. дом шампанских вин,Розовое,,,train
novyy-svet-dom-shampanskih-vin-rossiyskoe-shampanskoe-kollektsionnoe-ekstra-bryut-beloe-novyy-svet-blan-de-nuar-pino-nuar-13,российское шампанское коллекционное экстра брют белое новый свет. блан де нуар,новый свет. дом шампанских вин,Белое,,,train
novyy-svet-dom-shampanskih-vin-rossiyskoe-shampanskoe-kollektsionnoe-ekstra-bryut-beloe-novyy-svet-kyuve-de-prestizh-shardone-125,российское шампанское коллекционное экстра брют белое новый свет. кюве де престиж шардоне,новый свет. дом шампанских вин,Белое,,,train
novyy-svet-dom-shampanskih-vin-rossiyskoe-shampanskoe-kollektsionnoe-ekstra-bryut-beloe-novyy-svet-kyuve-risling-125,российское шампанское коллекционное экстра брют белое новый свет. кюве,новый свет. дом шампанских вин,Белое,,,train
novyy-svet-dom-shampanskih-vin-rossiyskoe-shampanskoe-kollektsionnoe-ekstra-bryut-beloe-novyy-svet-risling-kyuve-de-prestizh-125,российское шампанское коллекционное экстра брют белое новый свет. рислинг кюве де престиж,новый свет. дом шампанских вин,Белое,,,train
novyy-svet-dom-shampanskih-vin-rossiyskoe-shampanskoe-kollektsionnoe-ekstra-bryut-beloe-novyy-svet-shardone-125,российское шампанское коллекционное экстра брют белое новый свет,новый свет. дом шампанских вин,Белое,,,train
vinodelnya-marchenko-rubin-rubin-azos-krasnoe-suhoe-14,рубин,винодельня марченко,Красное,,,train
sober-bash-rubin-rubin-rubin-azos-krasnoe-suhoe-14,рубин & рубин,собер баш,Красное,,,validation
nesterov-winery-rubin-golodrigi-krasnoe-suhoe-11,рубин голодриги,nesterov winery,Красное,,,train
rubin-golodrigi,рубин голодриги,табия,Красное,,,train
denisov_rubin_klaret_krasnaya_strelka,рубин кларет . красная стрелка,denisov winery,Розовое,,,train
rubin-premium,рубин. премиум,литавщук. litavshchuk vineyards & winery,Красное,,,train
esse-rubinovyy-rubinovyy-magaracha-krasnoe-suhoe-12,рубиновый,esse,Красное,,,validation
chateau-de-talu-ruzh-kaberne-sovinon-krasnoe-suhoe-14,руж,chateau de talu,Красное,,,train
zmv-koktebel-ruzh-rubinovyy-magaracha-krasnoe-suhoe-135,"руж, рубиновый магарача",змв коктебель,Красное,,,train
abrau-dyurso-russkoe-igristoe-koshernoe-bryut-shardone-beloe-13,русское игристое кошерное брют,абрау-дюрсо,Белое,,,train
abrau-dyurso-russkoe-igristoe-koshernoe-polusladkoe-shardone-beloe-12,русское игристое кошерное полусладкое,абрау-дюрсо,Белое,,,train
abrau-dyurso-russkoe-igristoe-polusladkoe-shardone-beloe-12,русское игристое полусладкое,абрау-дюрсо,Белое,,,train
abrau-dyurso-russkoe-igristoe-polusladkoe-krasnoe-kaberne-sovinon-12,русское игристое полусладкое красное,абрау-дюрсо,Красное,,,train
abrau-dyurso-russkoe-igristoe-polusuhoe-shardone-beloe-12,русское игристое полусухое,абрау-дюрсо,Белое,,,train
abrau-dyurso-russkoe-igristoe-polusuhoe-rozovoe-pino-nuar-12,русское игристое полусухое розовое,абрау-дюрсо,Розовое,,,train
rustok-glera-ru-140,русток глера ru 140,мысхако,Белое,,,train
vinodelnya-pokrovskaya-ryzhest-rkatsiteli-beloe-suhoe-11,рыжесть,винодельня покровская,Белое,,,train
ferrum-winery-sabernet-sauvignon-kaberne-sovinon-krasnoe-suhoe-14,сabernet sauvignon,ferrum winery,Красное,,,train
ferrum-winery-sabernet-sauvignon-cabernet-franc-kaberne-sovinon-krasnoe-suhoe-12,сabernet sauvignon - cabernet franc,ferrum winery,Красное,,,train
cellar-master-sandzhoveze-krasnoe-suhoe-125,санджовезе,cellar master,Красное,,,validation
belbek-sandzhoveze-krasnoe-suhoe-14,санджовезе,бельбек,Красное,,,train
sand-zh-oveze-rezerv,санджовезе резерв,cellar master,Красное,,,validation
valeriy-zaharin-sandzhoveze-burlyuk-krasnoe-suhoe-13,санджовезе. бурлюк,валерий захарьин,Красное,,,train
twopeters_saperavi,саперави,два петра,Красное,,,test
belbek-saperavi-krasnoe-suhoe-137,саперави,бельбек,Красное,,,train
vinodelnya-zhakov-saperavi-krasnoe-suhoe-126,саперави,винодельня жаков,Красное,,,train
vinabani-saperavi-krasnoe-suhoe-135,саперави,vinabani,Красное,,,train
vinodelnya-78-saperavi-krasnoe-suhoe-135,саперави,винодельня 78,Красное,,,test
dacha-serdyuka-saperavi-saperavi-severnyy-krasnoe-suhoe-14,саперави,дача сердюка,Красное,,,validation
nesterov-winery-saperavi-krasnoe-suhoe-135,саперави,nesterov winery,Красное,,,train
dva-serdtsa-saperavi-krasnoe-suhoe-135,саперави,два сердца,Красное,,,test
esse-saperavi-krasnoe-suhoe-13,саперави,esse,Красное,,,validation
sober-bash-saperavi-krasnoe-suhoe-13,саперави,собер баш,Красное,,,validation
valeriy-zaharin-saperavi-kaberne-sovinon-bakkal-su-krasnoe-suhoe-12,саперави - каберне совиньон. баккал су,валерий захарьин,Красное,,,train
oxana-istratova-wine-saperavi-2023-krasnoe-suhoe-13,саперави 2023,oxana istratova wine,Красное,2023,,train
vinodelnya-zhakov-saperavi-escape-krasnoe-suhoe-127,саперави escape,винодельня жаков,Красное,,,train
gunko-winery-saperavi-gunko-winery-krasnoe-suhoe-135,саперави gunko winery,gunko winery,Красное,,,train
esse-saperavi-heaven-krasnoe-suhoe-13,саперави heaven,esse,Красное,,,validation
sober-bash-saperavi-amfora-krasnoe-suhoe-14,саперави амфора,собер баш,Красное,,,validation
vinodelnya-zhakov-saperavi-vyderzhannoe-krasnoe-suhoe-115,саперави выдержанное,винодельня жаков,Красное,,,train
kuban-vino-saperavi-de-tamane-krasnoe-suhoe-125,саперави де тамань,кубань-вино,Красное,,,train
belbek-saperavi-rezerv-krasnoe-suhoe-14,саперави резерв,бельбек,Красное,,,train
dubinin-winery-saperavi-fresh-krasnoe-suhoe-135,саперави фреш,dubinin winery,Красное,,,train
saperavi-premium,саперави. премиум,литавщук. litavshchuk vineyards & winery,Красное,,,train
sary-pandas-vyderzhannoe,сары пандас выдержанное,солнечная долина,Белое,,,validation
valeriy-zaharin-sary-pandas-valeriy-zaharin-beloe-suhoe-125,сары пандас. валерий захарьин,валерий захарьин,Белое,,,train
satera-satera-esse-krasnyy-blend-15-kaberne-sovinon-krasnoe-suhoe-13,сатера эссе красный бленд 15,сатера,Красное,,,train
vinodelnya-marchenko-svezhiy-veter-mtsvane-mtsvane-kahetinskiy-beloe-suhoe-135,свежий ветер. мцване,винодельня марченко,Белое,,,train
imenie-sikory-semeynoe-nasledie-kaberne-sovinon-krasnoe-suhoe-14,семейное наследие,имение сикоры,Красное,,,train
alma-valley-semilon-beloe-suhoe-135,семильон,alma valley,Белое,,,validation
vinodelnya-myshako-semilon-aligote-reserve-beloe-suhoe-126,семильон - алиготе reserve,мысхако,Белое,,,train
perovskih_semilion_reserv,семильон резерв,усадьба перовских,Белое,,,test
belbek-semilon-rezerv-beloe-suhoe-127,семильон резерв,бельбек,Белое,,,train
domaine-de-la-vivandiere-senso-roze-rozovoe-suhoe-126,сенсо розе,domaine de la vivandiere,Розовое,,,train
dacha-serdyuka-sibirkovyy-beloe-suhoe-135,сибирьковый,дача сердюка,Белое,,,validation
vinodelnya-vedernikov-sibirkovyy-beloe-suhoe-11,сибирьковый,ведерниковъ,Белое,,,train
blagolyubov-sibirkovyy-beloe-suhoe-115,сибирьковый,благолюбов,Белое,,,train
domaine-de-la-vivandiere-sibirkovyy-sur-lies-beloe-suhoe-121,сибирьковый sur lies,domaine de la vivandiere,Белое,,,train
dacha-serdyuka-sibirkovyy-oranzh-beloe-suhoe-135,сибирьковый оранж,дача сердюка,Белое,,,validation
domaine-de-la-vivandiere-sibirkovyy-fresh-beloe-suhoe-125,сибирьковый фреш,domaine de la vivandiere,Белое,,,train
vinodelnya-vedernikov-sibirkovyy-ekstra-bryut-beloe-117,сибирьковый экстра брют,ведерниковъ,Белое,,,train
vinodelnya-vedernikov-sibirkovyy-aligote-beloe-bryut-117,сибирьковый-алиготе,ведерниковъ,Белое,,,train
viktor-stashko-sira-krasnoe-suhoe-14,сира,виктор сташко,Красное,,,validation
bakla-vines-sira-krasnoe-suhoe-135,сира,bakla vines,Красное,,,test
sira,сира,mantra estate,Красное,,,validation
chateau-cachalot-sira-krasnoe-suhoe-12,сира,chateau cachalot,Красное,,,train
gavras-sira-krasnoe-suhoe-135,сира,gavras,Красное,,,train
vinodelnya-myshako-sira-marselan-kyuve-krasnoe-suhoe-136,сира – марселан. кюве,мысхако,Красное,,,train
a-gordienko-m-nikolaev-sira-nuvo-krasnoe-suhoe-115,сира нуво,а. гордиенко & м. николаев,Красное,,,validation
belbek-sira-rezerv-krasnoe-suhoe-132,сира резерв,бельбек,Красное,,,train
mantra-estate-sira-roze-rozovoe-suhoe-12,сира розе,mantra estate,Розовое,,,validation
valeriy-zaharin-sira-valeriy-zaharin-krasnoe-polusladkoe-125,сира. валерий захарьин,валерий захарьин,Красное,,,train
vinodelnya-krinitsa-sirakyuz-krasnoe-suhoe-13,сиракюз,криница,Красное,,,train
skalistyj-bereg-shepot-czvetov,скалистый берег шепот цветов,скалистый берег,Белое,,,train
skalistyy-bereg-skalistyy-bereg-kaberne-sovinon-krasnoe-suhoe-15,скалистый берег. каберне совиньон,скалистый берег,Красное,,,train
skalistyy-bereg-skalistyy-bereg-kaberne-fran-krasnoe-suhoe-15,скалистый берег. каберне фран,скалистый берег,Красное,,,train
skalistyy-bereg-skalistyy-bereg-krasnaya-kniga-glava-1-kaberne-sovinon-krasnoe-suhoe-147,скалистый берег. красная книга. глава 1,скалистый берег,Красное,,,train
skalistyy-bereg-skalistyy-bereg-krasnaya-kniga-glava-2-merlo-krasnoe-suhoe-15,скалистый берег. красная книга. глава 2,скалистый берег,Красное,,,train
skalistyy-bereg-skalistyy-bereg-krasnostop-zolotovskiy-krasnoe-suhoe-133,скалистый берег. красностоп золотовский,скалистый берег,Красное,,,train
skalistyy-bereg-skalistyy-bereg-pino-nuar-krasnoe-suhoe-13,скалистый берег. пино нуар,скалистый берег,Красное,,,train
skalistyy-bereg-skalistyy-bereg-risling-beloe-suhoe-113,скалистый берег. рислинг,скалистый берег,Белое,,,train
skalistyy-bereg-skalistyy-bereg-sovinon-blan-beloe-suhoe-12,скалистый берег. совиньон блан,скалистый берег,Белое,,,train
skalistyy-bereg-skalistyy-bereg-shardone-beloe-suhoe-135,скалистый берег. шардоне,скалистый берег,Белое,,,train
shato-ay-danil-skarlatto-da-sole-saperavi-krasnoe-polusladkoe-13,скарлатто да соле,шато ай-даниль,Красное,,,train
skalistyy-bereg-skb-blan-de-nuar-pino-nuar-beloe-ekstra-bryut-118,скб. блан де нуар,скалистый берег,Белое,,,train
skalistyy-bereg-skb-roze-pino-nuar-beloe-ekstra-bryut-122,скб. розе,скалистый берег,Белое,,,train
twopeters_sauvignon,совиньон,два петра,Красное,,,test
vinodelnya-uzunov-sovinon-blan-beloe-suhoe-125,совиньон блан,винодельня узунов,Белое,,,train
golubitskoe-estate-sovinon-blan-beloe-suhoe-11,совиньон блан,golubitskoe estate,Белое,,,train
alma-valley-sovinon-blan-beloe-suhoe-14,совиньон блан,alma valley,Белое,,,validation
belbek-sovinon-blan-beloe-suhoe-12,совиньон блан,бельбек,Белое,,,train
chateau-andre-sovinon-blan-beloe-suhoe-13,совиньон блан,chateau andre,Белое,,,train
villa-sofiya-sovinon-blan-beloe-suhoe-14,совиньон блан,вилла софия,Белое,,,validation
esse-sovinon-blan-beloe-suhoe-12,совиньон блан,esse,Белое,,,validation
denisov-winery-sovinon-blan-beloe-suhoe-115,совиньон блан,denisov winery,Белое,,,train
mantra-estate-sauvignon-blanc-sovinon-blan-beloe-suhoe-133,совиньон блан,mantra estate,Белое,,,validation
v2r-sovinon-blan-beloe-suhoe-13,совиньон блан,в2р,Белое,,,train
blagolyubov-sovinon-blan-beloe-suhoe-125,совиньон блан,благолюбов,Белое,,,train
villa-sofiya-sovinon-blan-beloe-suhoe-123,совиньон блан,вилла софия,Белое,,,validation
levokumskoe-sovinon-blan-beloe-suhoe-10,совиньон блан,левокумское,Белое,,,train
dubinin-winery-sovinon-blan-beloe-suhoe-12,совиньон блан,dubinin winery,Белое,,,train
donskoe-vinodelcheskoe-hozyaystvo-elbuzd-sovinon-blan-beloe-suhoe-12,совиньон блан,донское винодельческое хозяйство эльбузд,Белое,,,train
vaynkraft-sovinon-blan-beloe-suhoe-13,совиньон блан,вайнкрафт,Белое,,,train
domaine-lipko-sovinon-blan-beloe-suhoe-118,совиньон блан,domaine lipko,Белое,,,train
vinodelnya-myshako-sovinon-blan-beloe-suhoe-122,совиньон блан,мысхако,Белое,,,train
orlov_sauvignon_blan,совиньон блан,винодельня орлова,Белое,,,train
sovinon-blan-krasnaya-gorka,совиньон блан,галицкий и галицкий,Белое,,,train
shato-pino-sovinon-blan-semilon-beloe-suhoe-115,совиньон блан - семильон,шато пино,Белое,,,test
vinodelnya-myshako-sovinon-blan-vione-kyuve-beloe-suhoe-125,совиньон блан – вионье. кюве,мысхако,Белое,,,train
ferrum-winery-sovinon-blan-blush-beloe-suhoe-104,совиньон блан blush,ferrum winery,Белое,,,train
gunko-winery-sovinon-blan-gunko-winery-beloe-suhoe-135,совиньон блан gunko winery,gunko winery,Белое,,,train
vinodelnya-myshako-sovinon-blan-mode-cold-style-beloe-suhoe-122,совиньон блан mode cold style,мысхако,Белое,,,train
vinodelnya-myshako-sovinon-blan-mode-petnat-beloe-bryut-12,совиньон блан mode петнат,мысхако,Белое,,,train
vinodelnya-myshako-sovinon-blan-kyuve-beloe-suhoe-134,совиньон блан кюве,мысхако,Белое,,,train
alma-valley-sovinon-blan-rezerv-beloe-suhoe-14,совиньон блан резерв,alma valley,Белое,,,validation
uppa-winery-sovinon-blan-rezerva-beloe-suhoe-12,совиньон блан резерва,uppa winery,Белое,,,train
imenie-sikory-sovinon-blan-sikory-beloe-suhoe-13,совиньон блан сикоры,имение сикоры,Белое,,,train
esse-sovinon-blan-fyume-beloe-suhoe-128,совиньон блан фюме,esse,Белое,,,validation
vinodelnya-myshako-sovinon-blan-blanc-out-beloe-suhoe-138,совиньон блан. blanc out,мысхако,Белое,,,train
vinodelnya-myshako-sovinon-blan-avtorskaya-tehnologiya-mono-beloe-suhoe-128,совиньон блан. авторская технология. моно,мысхако,Белое,,,train
valeriy-zaharin-sovinon-blan-valeriy-zaharin-beloe-polusladkoe-105,совиньон блан. валерий захарьин,валерий захарьин,Белое,,,train
vinodelnya-pokrovskaya-sovinon-blan-pokrovskoe-beloe-suhoe-12,совиньон блан. покровское,винодельня покровская,Белое,,,train
imenie-sikory-sovinon-blan-semeynyy-rezerv-beloe-suhoe-13,совиньон блан. семейный резерв,имение сикоры,Белое,,,train
vinodelnya-uzunov-sovinon-kukuoba-sovinon-blan-beloe-ekstra-bryut-12,совиньон кукуоба,винодельня узунов,Белое,,,train
vinodelnya-myshako-sovinon-semilon-kyuve-sovinon-blan-beloe-suhoe-132,совиньон семильон кюве,мысхако,Белое,,,train
valeriy-zaharin-sovinon-valeriy-zaharin-beloe-polusladkoe-125,совиньон. валерий захарьин,валерий захарьин,Белое,,,train
usadba-divnomorskoe-solist-marselan-rozovoe-suhoe-115,солист,усадьба дивноморское,Розовое,,,train
solnechnaya-dolina-meganom-kokur-beloe-bryut,солнечная долина меганом кокур белое брют,солнечная долина,Белое,,,validation
usadba-divnomorskoe-solnechnyy-veter-shardone-beloe-suhoe-125,солнечный ветер,усадьба дивноморское,Белое,,,train
alma-valley-solntse-vozduh-vinograd-sira-shiraz-rozovoe-polusladkoe-12,"солнце, воздух, виноград",alma valley,Розовое,,,validation
alma-valley-solntse-vozduh-vinograd-sira-shiraz-krasnoe-polusuhoe-135,"солнце, воздух, виноград",alma valley,Красное,,,validation
alma-valley-solntse-vozduh-vinograd-merlo-krasnoe-polusladkoe-14,"солнце, воздух, виноград",alma valley,Красное,,,validation
alma-valley-solntse-vozduh-vinograd-shardone-beloe-polusuhoe-13,"солнце, воздух, виноград",alma valley,Белое,,,validation
alma-valley-solntse-vozduh-vinograd-kokur-beloe-polusladkoe-13,"солнце, воздух, виноград",alma valley,Белое,,,validation
nesterov-winery-solyaris-beloe-suhoe-14,солярис,nesterov winery,Белое,,,train
sosedi-aligote-shardone-2025,соседи алиготе/шардоне 2025,коммуналка,Белое,2025,,train
soyuz-vino-soyuz-vino-evropak-shiraz-krasnoe-polusladkoe-11,союз-вино европак шираз,союз-вино,Красное,,,train
soyuz-vino-soyuz-vino-izabella-krasnoe-polusladkoe-11,союз-вино изабелла,союз-вино,Красное,,,train
soyuz-vino-soyuz-vino-izabella-beg-in-boks-krasnoe-polusladkoe-11,союз-вино изабелла бэг-ин-бокс,союз-вино,Красное,,,train
soyuz-vino-soyuz-vino-kaberne-sovinon-krasnoe-suhoe-12,союз-вино каберне совиньон,союз-вино,Красное,,,train
soyuz-vino-soyuz-vino-kaberne-sovinon-beg-in-boks-krasnoe-suhoe-11,союз-вино каберне совиньон бэг-ин-бокс,союз-вино,Красное,,,train
soyuz-vino-soyuz-vino-kaberne-sovinon-polusladkoe-beg-in-boks-krasnoe-12,союз-вино каберне совиньон полусладкое бэг-ин-бокс,союз-вино,Красное,,,train
soyuz-vino-soyuz-vino-muskat-beloe-polusladkoe-11,союз-вино мускат,союз-вино,Белое,,,train
soyuz-vino-soyuz-vino-muskat-beg-in-boks-beloe-polusladkoe-11,союз-вино мускат бэг-ин-бокс,союз-вино,Белое,,,train
soyuz-vino-soyuz-vino-shardone-beloe-polusladkoe-beg-in-boks-12,союз-вино шардоне белое полусладкое бэг-ин-бокс,союз-вино,Белое,,,train
soyuz-vino-soyuz-vino-shardone-suhoe-beloe-11,союз-вино шардоне сухое,союз-вино,Белое,,,train
soyuz-vino-soyuz-vino-shardone-suhoe-beg-in-boks-beloe-11,союз-вино шардоне сухое бэг-ин-бокс,союз-вино,Белое,,,train
blagolyubov-stanichnoe-stanichnyy-beloe-suhoe-12,станичное,благолюбов,Белое,,,train
usadba-mezyb-staraya-doroga-na-dzhanhot-kaberne-sovinon-krasnoe-suhoe-144,старая дорога на джанхот,усадьба мезыбь,Красное,,,train
usadba-mezyb-staraya-doroga-na-dzhanhot-kaberne-sovinon-kaberne-fran-krasnoe-suhoe-144,"старая дорога на джанхот. каберне совиньон, каберне фран",усадьба мезыбь,Красное,,,train
suhoe-beloe-zb-vajn-frizzante,сухое белое зб вайн фриззанте,золотая балка,Белое,,,train
vinodelnya-zhakov-tavkveri-escape-krasnoe-suhoe-117,тавквери escape,винодельня жаков,Красное,,,train
valeriy-zaharin-tangovoe-manto-pino-nuar-krasnoe-suhoe-13,танговое манто. пино нуар,валерий захарьин,Красное,,,train
valeriy-zaharin-tangovoe-manto-sovinon-sovinon-blan-beloe-suhoe-125,танговое манто. совиньон,валерий захарьин,Белое,,,train
twopeters_tandem,тандем,два петра,Красное,,,test
alma-valley-tba-sovinon-sovinon-blan-beloe-sladkoe-75,тба совиньон,alma valley,Белое,,,validation
temelion-blanc-de-blancs,темелион blanc de blancs,долина лефкадия,Белое,,,train
avtorskij-gid-artura-sarkisyana,темелион брют,долина лефкадия,Белое,,,train
temelion-bryut-roze,темелион брют розе,долина лефкадия,Розовое,,,train
le-k2-temnaya-roza-sira-rozovoe-suhoe-13,темная роза,le k2,Розовое,,,validation
vinodelnya-myshako-tempranilo-rozovoe-suhoe-134,темпранильо,мысхако,Розовое,,,train
alma-valley-tempranilo-krasnoe-suhoe-13,темпранильо,alma valley,Красное,,,validation
alma-valley-tempranilo-rezerv-krasnoe-suhoe-14,темпранильо резерв,alma valley,Красное,,,validation
soyuz-vino-terra-pia-kaldera-blend-risling-reynskiy-beloe-suhoe-11,терра пиа кальдера бленд,союз-вино,Белое,,,train
soyuz-vino-terra-pia-lava-blend-merlo-krasnoe-suhoe-12,терра пиа лава бленд,союз-вино,Красное,,,train
shato-ay-danil-tokkata-saperavi-krasnoe-suhoe-14,токката,шато ай-даниль,Красное,,,train
fanagoriya-tochka-saperavi-krasnoe-suhoe-14,точка,фанагория,Красное,,,train
vaynkraft-traminer-traminer-rozovyy-beloe-suhoe-14,траминер,вайнкрафт,Белое,,,train
chateau-andre-traminer-beloe-suhoe-135,траминер,chateau andre,Белое,,,train
alma-valley-traminer-beloe-suhoe-125,траминер,alma valley,Белое,,,validation
zmv-koktebel-traminer-desertnoe-beloe-sladkoe-16,траминер десертное,змв коктебель,Белое,,,train
vaynkraft-traminer-oranzh-traminer-rozovyy-oranzhevoe-suhoe-125,траминер оранж,вайнкрафт,Оранжевое,,,train
vaynkraft-traminer-oranzh-2-traminer-rozovyy-oranzhevoe-suhoe-125,траминер оранж 2,вайнкрафт,Оранжевое,,,train
valeriy-zaharin-traminer-burlyuk-traminer-rozovyy-beloe-suhoe-135,траминер. бурлюк,валерий захарьин,Белое,,,train
valeriy-zaharin-traminer-valeriy-zaharin-traminer-rozovyy-beloe-polusladkoe-105,траминер. валерий захарьин,валерий захарьин,Белое,,,train
shato-ay-danil-tramonto-kaberne-sovinon-krasnoe-suhoe-14,трамонто,шато ай-даниль,Красное,,,train
sober-bash-trezvaya-golova-kaberne-fran-krasnostop-krasnoe-suhoe-13,трезвая голова. каберне фран + красностоп,собер баш,Красное,,,validation
sober-bash-trezvaya-golova-risling-risling-reynskiy-beloe-suhoe-10,трезвая голова. рислинг,собер баш,Белое,,,validation
sober-bash-trezvaya-golova-rkatsiteli-beloe-suhoe-12,трезвая голова. ркацители,собер баш,Белое,,,validation
sober-bash-trezvaya-golova-rozovoe-krasnostop-zolotovskiy-suhoe-115,трезвая голова. розовое,собер баш,Розовое,,,validation
sober-bash-trezvaya-golova-saperavi-krasnoe-suhoe-14,трезвая голова. саперави,собер баш,Красное,,,validation
sober-bash-trezvaya-golova-sibirkovyypino-gri-beloe-suhoe-11,трезвая голова. сибирьковый+пино гри,собер баш,Белое,,,validation
sober-bash-trezvaya-golova-tsimlyanskiygolubok-tsimlyanskiy-chernyy-krasnoe-suhoe-135,трезвая голова. цимлянский+голубок,собер баш,Красное,,,validation
stn-winery-trio-aligote-beloe-suhoe-13,трио алиготе,stn winery,Белое,,,train
villa-sofiya-trio-beloe-risling-suhoe-123,трио белое,вилла софия,Белое,,,validation
villa-sofiya-trio-beloe-risling-suhoe-12,трио белое,вилла софия,Белое,,,validation
villa-sofiya-trio-krasnoe-merlo-suhoe-135,трио красное,вилла софия,Красное,,,validation
villa-sofiya-trio-roze-pino-nuar-rozovoe-suhoe-14,трио розе,вилла софия,Розовое,,,validation
chateau-de-talu-uroki-frantsuzskogo-shardone-beloe-suhoe-124,уроки французского шардоне,chateau de talu,Белое,,,train
chateau-de-talu-uroki-frantsuzskogo-sovinon-blan-beloe-suhoe-115,уроки французского. совиньон блан,chateau de talu,Белое,,,train
chateau-de-talu-uroki-frantsuzskogo-kaberne-sovinon-krasnoe-suhoe-14,уроки французского. каберне совиньон,chateau de talu,Красное,,,train
chateau-de-talu-uroki-frantsuzskogo-kaberne-fran-krasnoe-suhoe-14,уроки французского. каберне фран,chateau de talu,Красное,,,train
chateau-de-talu-uroki-frantsuzskogo-krasnostop-krasnostop-anapskiy-krasnoe-suhoe-145,уроки французского. красностоп,chateau de talu,Красное,,,train
chateau-de-talu-uroki-frantsuzskogo-merlo-krasnoe-suhoe-147,уроки французского. мерло,chateau de talu,Красное,,,train
chateau-de-talu-uroki-frantsuzskogo-sira-krasnoe-suhoe-13,уроки французского. сира,chateau de talu,Красное,,,train
usadba-mezyb-usadba-mezyb-vione-beloe-suhoe-118,усадьба мезыбь. вионье,усадьба мезыбь,Белое,,,train
usadba-mezyb-usadba-mezyb-kaberne-sovinon-krasnoe-suhoe-143,усадьба мезыбь. каберне совиньон,усадьба мезыбь,Красное,,,train
usadba-mezyb-usadba-mezyb-kaberne-sovinon-kaberne-fran-merlo-krasnoe-suhoe-148,"усадьба мезыбь. каберне совиньон, каберне фран, мерло",усадьба мезыбь,Красное,,,train
usadba-mezyb-usadba-mezyb-kaberne-fran-krasnoe-suhoe-145,усадьба мезыбь. каберне фран,усадьба мезыбь,Красное,,,train
usadba-mezyb-usadba-mezyb-krasnostop-saperavi-krasnoe-suhoe-127,"усадьба мезыбь. красностоп, саперави",усадьба мезыбь,Красное,,,train
usadba-mezyb-usadba-mezyb-merlo-krasnoe-suhoe-15,усадьба мезыбь. мерло,усадьба мезыбь,Красное,,,train
usadba-mezyb-usadba-mezyb-roze-kaberne-sovinon-rozovoe-suhoe-135,усадьба мезыбь. розе каберне совиньон,усадьба мезыбь,Розовое,,,train
usadba-mezyb-usadba-mezyb-roze-kaberne-fran-rozovoe-suhoe-143,усадьба мезыбь. розе каберне фран,усадьба мезыбь,Розовое,,,train
usadba-mezyb-usadba-mezyb-shardone-beloe-suhoe-125,усадьба мезыбь. шардоне,усадьба мезыбь,Белое,,,train
bogovich-wine-vineyard-faina-sovinon-zelenyy-beloe-suhoe-113,фаина,bogovich wine & vineyard,Белое,,,train
fanagoriya-beloe-polusladkoe,фанагория белое полусладкое,фанагория,Белое,,,train
fanagoriya-ona-skazala-da-beloe-bryut,фанагория она сказала да! белое брют,фанагория,Белое,,,train
fanagoriya-ona-skazala-da-beloe-polusladkoe,фанагория она сказала да! белое полусладкое,фанагория,Белое,,,train
fanagoriya-fanagoriya-sakra-sennoy-krasnostop-krasnoe-suhoe-135,фанагория сакра сенной,фанагория,Красное,,,train
fanagoriya-fanagoriya-hey-bey-shardone-beloe-suhoe-13,фанагория хей бэй шардоне,фанагория,Белое,,,train
fanagoriya-fanagoriya-blanc-de-blancs-beloe-iz-belogo-shardone-igristoe-bryut-beloe-11-13,фанагория. blanc de blancs. белое из белого,фанагория,Белое,,,train
fanagoriya-fanagoriya-blanc-de-noirs-beloe-iz-chyornogo-merlo-igristoe-bryut-beloe-11-13,фанагория. blanc de noirs. белое из черного,фанагория,Белое,,,train
fanagoriya-fanagoriya-rose-de-noirs-roze-de-nuar-merlo-igristoe-bryut-rozovoe-11-13,фанагория. rose de noirs. розе де нуар,фанагория,Розовое,,,train
fanagoriya-fanagoriya-bryut-beloe-sovinon-blan-igristoe-bryut-beloe-11-13,фанагория. брют белое,фанагория,Белое,,,train
fanagoriya-fanagoriya-bryut-rozovoe-sovinon-blan-igristoe-bryut-rozovoe-11-13,фанагория. брют розовое,фанагория,Розовое,,,train
fanagoriya-fanagoriya-polusladkoe-rozovoe-sovinon-blan-krasnoe-11-13,фанагория. полусладкое розовое,фанагория,Красное,,,train
vinodelnya-vedernikov-fantom-3070-krasnostop-zolotovskiy-krasnoe-suhoe-145,фантом 30/70,ведерниковъ,Красное,,,train
vinodelnya-vedernikov-fantom-5050-krasnostop-zolotovskiy-krasnoe-suhoe-145,фантом 50/50,ведерниковъ,Красное,,,train
vinodelnya-vedernikov-fantom-7030-krasnostop-zolotovskiy-krasnoe-suhoe-15,фантом 70/30,ведерниковъ,Красное,,,train
nikolaev-i-synovya-festeliya-pti-verdo-krasnoe-suhoe-135,фестелия,николаев и сыновья,Красное,,,train
fioletovyj-rannij-petnat,фиолетовый ранний петнат,гусевъ,Белое,,,train
nikolaev-i-synovya-flamingo-malbek-rozovoe-suhoe-125,фламинго,николаев и сыновья,Розовое,,,train
kuban-vino-flyor-dyu-syud-blan-de-tamane-tsvetochnyy-beloe-suhoe-115,флер дю сюд блан де тамань,кубань-вино,Белое,,,train
kuban-vino-flyor-dyu-syud-roze-de-tamane-traminer-rozovyy-rozovoe-suhoe-125,флер дю сюд розе де тамань,кубань-вино,Розовое,,,train
kuban-vino-flyor-dyu-syud-ruzh-de-tamane-rubin-golodrigi-krasnoe-suhoe-12,флер дю сюд руж де тамань,кубань-вино,Красное,,,train
fanagoriya-formula-q-kaberne-sovinon-krasnoe-suhoe-135,формула q,фанагория,Красное,,,train
vinodelnya-zhakov-fresherst-saperavi-krasnoe-suhoe-118,фрешерсть,винодельня жаков,Красное,,,train
sober-bash-hihvi-beloe-suhoe-15,хихви,собер баш,Белое,,,validation
sober-bash-hihvi-amfora-beloe-suhoe-14,хихви амфора,собер баш,Белое,,,validation
usadba-divnomorskoe-holodnyy-tuman-risling-beloe-suhoe-115,холодный туман,усадьба дивноморское,Белое,,,train
chateau-andre-tsvaygelt-tsvaygelt-tamanskiy-rozovoe-suhoe-13,цвайгельт,chateau andre,Розовое,,,train
chateau-andre-tsvaygelt-roze-rozovoe-suhoe-13,цвайгельт розе,chateau andre,Розовое,,,train
tempelhof-winery-tsimlyanskiy-chernyy-krasnoe-suhoe-125,цимлянский черный,tempelhof winery,Красное,,,test
vinodelnya-vedernikov-tsimlyanskiy-chernyy-blanc-de-noirs-beloe-bryut-117,цимлянский черный blanc de noirs,ведерниковъ,Белое,,,train
domaine-de-la-vivandiere-tsimlyanskiy-chyornyy-ctes-du-don-tsimlyanskiy-chernyy-rozovoe-suhoe-134,цимлянский черный côtes du don,domaine de la vivandiere,Розовое,,,train
vinodelnya-vedernikov-tsimlyanskiy-chernyy-bryut-roze-rozovoe-129,цимлянский черный брют розе,ведерниковъ,Розовое,,,train
vinodelnya-vedernikov-tsimlyanskiy-chernyy-bryut-roze-rozovoe-14,цимлянский черный брют розе,ведерниковъ,Розовое,,,train
vinodelnya-vedernikov-tsimlyanskiy-chernyy-rezerv-krasnoe-suhoe-145,цимлянский черный резерв,ведерниковъ,Красное,,,train
vinodelnya-vedernikov-tsimlyanskiy-chernyy-rozovyy-rozovoe-suhoe-125,цимлянский черный розовый,ведерниковъ,Розовое,,,train
czimlyanskoe-beloe-bryut,цимлянское белое брют,цимлянские вина,Белое,,,validation
czimlyanskoe-beloe-polusladkoe,цимлянское белое полусладкое,цимлянские вина,Белое,,,validation
czimlyanskoe-bianka,цимлянское бианка,цимлянские вина,Белое,,,validation
tsimlyanskie-vina-tsimlyanskoe-kaberne-sovinon-ekstra-bryut-rozovoe-13,цимлянское каберне совиньон экстра брют розовое,цимлянские вина,Розовое,,,validation
czimlyanskoe-risling,цимлянское рислинг,цимлянские вина,Белое,,,validation
czitronnyj-magaracha,цитрон,табия,Белое,,,train
denisov-winery-tsitron-tsitronnyy-magaracha-beloe-suhoe-112,цитрон,denisov winery,Белое,,,train
bakla-vines-tsitron-krymskiy-tsitronnyy-magaracha-beloe-suhoe-118,цитрон крымский,bakla vines,Белое,,,test
denisov-winery-tsitron-oranzh-tsitronnyy-magaracha-oranzhevoe-suhoe-105,цитрон оранж,denisov winery,Оранжевое,,,train
chernaya-lvicza-polusladkoe-krasnoe,черная львица полусладкое красное,аратти,Красное,,,train
vinodelnya-myshako-chernoe-iz-krasnogo-appassimento-kaberne-sovinon-krasnoe-polusuhoe-15,черное из красного. аппассименто,мысхако,Красное,,,train
vinodelnya-myshako-chernoe-iz-chernogo-appassimento-kaberne-sovinon-krasnoe-suhoe-15,черное из черного. аппассименто,мысхако,Красное,,,train
solnechnaya-dolina-chernyy-doktor-solnechnoy-doliny-ekim-kara-krasnoe-sladkoe-16,черный доктор солнечной долины,солнечная долина,Красное,,,validation
solnechnaya-dolina-chernyy-polkovnik-odesskiy-chernyy-krasnoe-sladkoe-175,черный полковник,солнечная долина,Красное,,,validation
zolotaya-balka-chernyy-prints-shardone-beloe-ekstra-bryut-12,черный принц,золотая балка,Белое,,,train
vinodelnya-myshako-chernyy-udar-marselan-krasnoe-suhoe-162,черный удар,мысхако,Красное,,,train
valeriy-zaharin-chetyre-tsveta-bastardo-bastardo-magarachskiy-krasnoe-suhoe-115,четыре цвета. бастардо,валерий захарьин,Красное,,,train
shato-pino-shantazh-sovinon-blan-shardone-beloe-suhoe-115,шантаж. совиньон блан - шардоне,шато пино,Белое,,,test
mantra-estate-chardonnay-shardone-beloe-suhoe-135,шардоне,mantra estate,Белое,,,validation
vinodelnya-myshako-shardone-beloe-suhoe-123,шардоне,мысхако,Белое,,,train
vinodelnya-myshako-shardone-beloe-suhoe-145,шардоне,мысхако,Белое,,,train
shardone-1,шардоне,усадьба перовских,Белое,,,test
twopeters_shardone,шардоне,два петра,Красное,,,test
zmv-koktebel-shardone-beloe-suhoe-12,шардоне,змв коктебель,Белое,,,train
villa-sofiya-shardone-beloe-suhoe-14,шардоне,вилла софия,Белое,,,validation
nikolaev-i-synovya-shardone-beloe-suhoe-125,шардоне,николаев и сыновья,Белое,,,train
shardone-2,шардоне,галицкий и галицкий,Белое,,,train
alma-valley-shardone-beloe-suhoe-135,шардоне,alma valley,Белое,,,validation
donskoe-vinodelcheskoe-hozyaystvo-elbuzd-shardone-beloe-suhoe-13,шардоне,донское винодельческое хозяйство эльбузд,Белое,,,train
loco-cimbali-shardone-beloe-suhoe-127,шардоне,loco cimbali,Белое,,,train
chateau-andre-shardone-beloe-suhoe-13,шардоне,chateau andre,Белое,,,train
rem-akchurin-shardone-beloe-bryut-14,шардоне,rem akchurin,Белое,,,train
shardone,шардоне,chateau semiray,Белое,,,test
abrau-dyurso-shardone-beloe-suhoe-13,шардоне,абрау-дюрсо,Белое,,,train
abrau-dyurso-shardone-beloe-suhoe-12,шардоне,абрау-дюрсо,Белое,,,train
vinodelnya-berdyaeva-shardone-beloe-suhoe-125,шардоне,винодельня бердяева,Белое,,,validation
usadba-markoth-shardone-beloe-suhoe-12,шардоне,усадьба маркотх,Белое,,,train
shato-pino-shardone-beloe-suhoe-125,шардоне,шато пино,Белое,,,test
shato-pino-shardone-risling-beloe-suhoe-12,шардоне - рислинг,шато пино,Белое,,,test
vinodelnya-myshako-shardone-aligote-kyuve-beloe-suhoe-125,шардоне – алиготе. кюве,мысхако,Белое,,,train
golubitskoe-estate-shardone-noble-selection-barrel-touch-beloe-suhoe-135,шардоне noble selection barrel touch,golubitskoe estate,Белое,,,train
vinodelnya-myshako-shardone-avtorskaya-tehnologiya-beloe-suhoe-155,шардоне авторская технология,мысхако,Белое,,,train
shardone-akacziya,шардоне акация,галицкий и галицкий,Белое,,,train
shardone-balaklava,шардоне балаклава,золотая балка,Белое,,,train
shardone-barrel-2023,"шардоне баррель, 2023",коммуналка,Белое,2023,,train
vinodelnya-myshako-shardone-myshako-grand-rezerv-beloe-suhoe-125,шардоне мысхако гранд резерв,мысхако,Белое,,,train
esse-shardone-otbornoe-beloe-suhoe-12,шардоне отборное,esse,Белое,,,validation
alma-valley-shardone-rezerv-beloe-suhoe-14,шардоне резерв,alma valley,Белое,,,validation
shardone-rezerv,шардоне резерв,усадьба перовских,Белое,,,test
vinodelnya-uzunov-shardone-rezerv-beloe-suhoe-135,шардоне резерв,винодельня узунов,Белое,,,train
golubitskoe-estate-shardone-rezerv-beloe-suhoe-135,шардоне резерв,golubitskoe estate,Белое,,,train
chateau-de-talu-shardone-rezerv-beloe-suhoe-13,шардоне резерв,chateau de talu,Белое,,,train
alma-valley-shardone-rezerv-beloe-suhoe-135,шардоне резерв,alma valley,Белое,,,validation
pomeste-golubitskoe-shardone-rezerv-beloe-suhoe-132,шардоне резерв,golubitskoe estate,Белое,,,train
imenie-sikory-shardone-sikory-beloe-suhoe-13,шардоне сикоры,имение сикоры,Белое,,,train
jd_winery_shardone,шардоне тихое,jd winery,Белое,,,train
vinodelnya-zhakov-shardone-eskeyp-beloe-suhoe-12,шардоне эскейп,винодельня жаков,Белое,,,train
shardone-premium,шардоне. премиум,литавщук. litavshchuk vineyards & winery,Белое,,,train
imenie-sikory-shardone-semeynyy-rezerv-beloe-suhoe-13,шардоне. семейный резерв,имение сикоры,Белое,,,train
shato-pino-shary-kolduna-blash-pino-gri-rozovoe-suhoe-12,шары колдуна. блаш,шато пино,Розовое,,,test
shato-pino-shary-kolduna-glyu-glyu-vione-krasnoe-suhoe-10,шары колдуна. глю глю,шато пино,Красное,,,test
shato-pino-shary-kolduna-kirpichi-prileteli-pino-nuar-krasnoe-suhoe-135,шары колдуна. кирпичи прилетели,шато пино,Красное,,,test
shato-pino-shary-kolduna-ramato-pino-gri-rozovoe-suhoe-115,шары колдуна. рамато,шато пино,Розовое,,,test
shato-pino-shary-kolduna-topolek-rkatsiteli-beloe-suhoe-125,шары колдуна. тополек,шато пино,Белое,,,test
shato-pino-shary-koldunatroynichok-risling-beloe-suhoe-115,шары колдуна.тройничок,шато пино,Белое,,,test
olymp-winery-shato-belbek-kaberne-kaberne-sovinon-krasnoe-suhoe-11,шато бельбек каберне,olymp winery,Красное,,,train
soyuz-vino-shato-de-mongolfer-risling-polusuhoe-beloe-11,шато де монгольфьер рислинг полусухое,союз-вино,Белое,,,train
soyuz-vino-shato-de-mongolfer-shiraz-moellyo-krasnoe-polusladkoe-11,шато де монгольфьер шираз моэлле,союз-вино,Красное,,,train
soyuz-vino-shato-de-mongolfer-shiraz-polusuhoe-krasnoe-11,шато де монгольфьер шираз полусухое,союз-вино,Красное,,,train
shato-pino-shato-pino-koldun-merlo-krasnoe-suhoe-137,шато пино колдун,шато пино,Красное,,,test
shato-pino-klassika-sauvignon-blanc,шато пино классика sauvignon blanc,шато пино,Белое,,,test
kuban-vino-shato-tamane-aligote-beloe-suhoe-13,шато тамань алиготе,кубань-вино,Белое,,,train
shato-taman-bryut,шато тамань брют,кубань-вино,Белое,,,train
shato-taman-bryut-1,шато тамань брют,кубань-вино,Розовое,,,train
kuban-vino-shato-tamane-delikeyt-roze-2024-bianka-rozovoe-suhoe-95,шато тамань деликейт розе 2024,кубань-вино,Розовое,2024,,train
shato-taman-polusladkoe,шато тамань полусладкое,кубань-вино,Белое,,,train
kuban-vino-shato-tamane-rezerv-kaberne-limited-edishn-2015-kaberne-sovinon-krasnoe-suhoe-13,шато тамань резерв каберне лимитед эдишн 2015,кубань-вино,Красное,2015,,train
kuban-vino-shato-tamane-rezerv-kaberne-limited-edishn-2022-kaberne-sovinon-krasnoe-suhoe-14,шато тамань резерв каберне лимитед эдишн 2022,кубань-вино,Красное,2022,,train
kuban-vino-shato-tamane-rezerv-kollekshn-saperavi-2015-krasnoe-suhoe-13,шато тамань резерв коллекшн саперави 2015,кубань-вино,Красное,2015,,train
kuban-vino-shato-tamane-rezerv-kollekshn-shardone-beloe-suhoe-125,шато тамань резерв коллекшн шардоне,кубань-вино,Белое,,,train
kuban-vino-shato-tamane-rezerv-krasnostop-krasnostop-anapskiy-krasnoe-suhoe-135,шато тамань резерв красностоп,кубань-вино,Красное,,,train
kuban-vino-shato-tamane-rezerv-merlo-limited-edishn-2018-krasnoe-suhoe-125,шато тамань резерв мерло лимитед эдишн 2018,кубань-вино,Красное,2018,,train
kuban-vino-shato-tamane-rezerv-myuller-turgau-limited-edishn-beloe-suhoe-13,шато тамань резерв мюллер-тургау лимитед эдишн,кубань-вино,Белое,,,train
kuban-vino-shato-tamane-rezerv-myuller-turgau-limited-edishn-2021-beloe-suhoe-12,шато тамань резерв мюллер-тургау лимитед эдишн 2021,кубань-вино,Белое,2021,,train
kuban-vino-shato-tamane-rezerv-premer-ruzh-kaberne-sovinon-krasnoe-suhoe-13,шато тамань резерв премьер руж,кубань-вино,Красное,,,train
kuban-vino-shato-tamane-rezerv-red-blend-kaberne-sovinon-krasnoe-suhoe-125,шато тамань резерв ред бленд,кубань-вино,Красное,,,train
kuban-vino-shato-tamane-rkatsiteli-myuller-turgau-shardone-2025-beloe-suhoe-12,шато тамань ркацители-мюллер тургау-шардоне 2025,кубань-вино,Белое,2025,,train
kuban-vino-shato-tamane-ruzh-2023-tsvaygelt-krasnoe-suhoe-12,шато тамань руж 2023,кубань-вино,Красное,2023,,train
kuban-vino-shato-tamane-selekt-oranzh-tsitronnyy-magaracha-oranzhevoe-suhoe-135,шато тамань селект оранж,кубань-вино,Оранжевое,,,train
kuban-vino-shato-tamane-selekt-ruzh-saperavi-krasnoe-suhoe-125,шато тамань селект руж,кубань-вино,Красное,,,train
kuban-vino-shato-tamane-terruar-krasnostop-saperavi-2022-krasnoe-suhoe-125,шато тамань терруар красностоп-саперави 2022,кубань-вино,Красное,2022,,train
kuban-vino-shato-tamane-terruar-krasnostop-saperavi-2023-krasnoe-suhoe-125,шато тамань терруар красностоп-саперави 2023,кубань-вино,Красное,2023,,train
kuban-vino-shato-tamane-shardone-beloe-suhoe-12,шато тамань шардоне,кубань-вино,Белое,,,train
shato-taman-grape-dance,шато тамань. grape dance,кубань-вино,Белое,,,train
shato-taman-grape-dance-1,шато тамань. grape dance,кубань-вино,Розовое,,,train
shato-taman-kaberne,шато тамань. каберне,кубань-вино,Красное,,,train
shato-taman-kaberne-sovinon,шато тамань. каберне совиньон,кубань-вино,Розовое,,,train
shato-taman-krasnostop,шато тамань. красностоп,кубань-вино,Красное,,,train
shato-taman-par-la-mer-korall,шато тамань. пар ла мер. коралл,кубань-вино,Розовое,,,train
shato-taman-par-la-mer-pino-blan,шато тамань. пар ла мер. пино блан,кубань-вино,Белое,,,train
shato-taman-par-la-mer-pino-nuar,шато тамань. пар ла мер. пино нуар,кубань-вино,Розовое,,,train
shato-taman-par-la-mer-sovinon,шато тамань. пар ла мер. совиньон,кубань-вино,Белое,,,train
shato-taman-par-la-mer-czvajgelt,шато тамань. пар ла мер. цвайгельт,кубань-вино,Красное,,,train
shato-taman-saperavi,шато тамань. саперави,кубань-вино,Красное,,,train
shato-taman-shardone,шато тамань. шардоне,кубань-вино,Белое,,,train
andryus-yutsis-shenen-blan-beloe-suhoe-12,шенен блан,andryus yutsis,Белое,,,train
chateau-cachalot-shenen-blan-beloe-suhoe-113,шенен блан,chateau cachalot,Белое,,,train
aromatnoe-shenen-blan-beloe-suhoe-13,шенен блан,ароматное,Белое,,,train
esse-shenen-blan-beloe-suhoe-13,шенен блан,esse,Белое,,,validation
skalistyy-bereg-shyopot-tsvetov-risling-beloe-suhoe-109,шепот цветов,скалистый берег,Белое,,,train
soyuz-vino-sheremetevskie-pogreba-beloe-polusladkoe-belye-sorta-vinograda-11,шереметьевские погреба белое полусладкое,союз-вино,Белое,,,train
soyuz-vino-sheremetevskie-pogreba-kaberne-sovinon-krasnoe-suhoe-11,шереметьевские погреба каберне совиньон,союз-вино,Красное,,,train
soyuz-vino-sheremetevskie-pogreba-krasnoe-polusladkoe-krasnye-sorta-vinograda-11,шереметьевские погреба красное полусладкое,союз-вино,Красное,,,train
soyuz-vino-sheremetevskie-pogreba-shardone-beloe-suhoe-11,шереметьевские погреба шардоне,союз-вино,Белое,,,train
shato-pino-shiraz-krasnoe-suhoe-14,шираз,шато пино,Красное,,,test
shato-pino-shiraz-krasnoe-suhoe-135,шираз,шато пино,Красное,,,test
alma-valley-shiraz-krasnoe-suhoe-13,шираз,alma valley,Красное,,,validation
vinodelnya-myshako-shiraz-krasnoe-suhoe-146,шираз,мысхако,Красное,,,train
alma-valley-shiraz-sira-rezerv-krasnoe-suhoe-14,шираз (сира) резерв,alma valley,Красное,,,validation
chateau-de-talu-shiraz-rezerv-sira-krasnoe-suhoe-14,шираз резерв,chateau de talu,Красное,,,train
vinodelnya-myshako-shiraz-black-out-krasnoe-suhoe-152,шираз. black out,мысхако,Красное,,,train
usadba-mezyb-shishka-karbonika-kaberne-fran-krasnoe-suhoe-143,шишка. карбоника. каберне фран,усадьба мезыбь,Красное,,,train
usadba-mezyb-shishka-kupazh-5-kaberne-sovinon-rozovoe-suhoe-133,шишка. купаж no5,усадьба мезыбь,Розовое,,,train
usadba-mezyb-shishka-merlo-vione-rozovoe-suhoe-125,"шишка. мерло, вионье",усадьба мезыбь,Розовое,,,train
usadba-mezyb-shishka-oranzh-shardone-beloe-suhoe-127,шишка. оранж,усадьба мезыбь,Белое,,,train
usadba-mezyb-shishka-pino-nuar-rozovoe-suhoe-115,шишка. пино нуар,усадьба мезыбь,Розовое,,,train
usadba-mezyb-shishka-saperavi-krasnoe-suhoe-13,шишка. саперави,усадьба мезыбь,Красное,,,train
usadba-mezyb-shishka-sovinon-blan-beloe-suhoe-12,шишка. совиньон блан,усадьба мезыбь,Белое,,,train
usadba-mezyb-shishka-shenen-blan-beloe-suhoe-13,шишка. шенен блан,усадьба мезыбь,Белое,,,train
usadba-mezyb-shishka-shenen-blan-sovinon-blan-beloe-suhoe-126,"шишка. шенен блан, совиньон блан",усадьба мезыбь,Белое,,,train
tempelhof-winery-shpetburgunder-pino-nuar-krasnoe-suhoe-125,шпетбургундер,tempelhof winery,Красное,,,test
vinodelnya-batrak-shpinel-kaberne-sovinon-rozovoe-suhoe-12,шпинель,винодельня батрак,Розовое,,,train
seneth-shu-shu-saperavi-rozovoe-suhoe-12,шу-шу,сенетх,Розовое,,,validation
vinodelnya-raevskoe-eklego-krasnoe-tempranilo-suhoe-13,эклего красное,раевское,Красное,,,train
villa-di-alma-ekstra-bryut-kokur-beloe-125,экстра брют кокур,villa di alma,Белое,,,test
soyuz-vino-el-krusero-blanko-polusladkoe-belye-sorta-vinograda-beloe-11,эль крусеро бланко полусладкое,союз-вино,Белое,,,train
soyuz-vino-el-krusero-tinto-polusladkoe-krasnye-sorta-vinograda-krasnoe-11,эль крусеро тинто полусладкое,союз-вино,Красное,,,train
derbent-vino-endemy-aligote-beloe-bryut-105-125,эндемы алиготе,дербент вино,Белое,,,train
igristoe-vino-endemy-bianka-bryut-beloe,эндемы бианка брют белое,дербент вино,Розовое,,,train
derbent-vino-endemy-kaberne-sovinon-krasnoe-suhoe-13,эндемы каберне совиньон,дербент вино,Красное,,,train
derbent-vino-endemy-kaberne-sovinon-rozovoe-bryut-105-125,эндемы каберне совиньон,дербент вино,Розовое,,,train
vino-suhoe-rozovoe-endemy-kaberne-sovinon,эндемы каберне совиньон розовое,дербент вино,Розовое,,,train
derbent-vino-endemy-kaberne-fran-krasnoe-suhoe-13,эндемы каберне фран,дербент вино,Красное,,,train
derbent-vino-endemy-merlo-krasnoe-suhoe-13,эндемы мерло,дербент вино,Красное,,,train
igristoe-vino-endemy-pino-blan-bryut-beloe,эндемы пино блан брют белое,дербент вино,Белое,,,train
derbent-vino-endemy-pino-nuar-rozovoe-bryut-105-125,эндемы пино нуар,дербент вино,Розовое,,,train
derbent-vino-endemy-risling-beloe-bryut-105-125,эндемы рислинг,дербент вино,Белое,,,train
derbent-vino-endemy-saperavi-krasnoe-suhoe-13,эндемы саперави,дербент вино,Красное,,,train
vino-suhoe-krasnoe-endemy-saperavi,эндемы саперави,дербент вино,Красное,,,train
endemy-saperavi,эндемы саперави,дербент вино,Розовое,,,train
derbent-vino-endemy-sovinon-beloe-bryut-105-125,эндемы совиньон,дербент вино,Белое,,,train
vino-suhoe-beloe-endemy-sovinon,эндемы совиньон,дербент вино,Белое,,,train
derbent-vino-endemy-shardone-beloe-suhoe-13,эндемы шардоне,дербент вино,Белое,,,train
derbent-vino-endemy-shardone-beloe-bryut-105-125,эндемы шардоне,дербент вино,Белое,,,train
vino-suhoe-beloe-endemy-shardone,эндемы шардоне,дербент вино,Белое,,,train
chateau-de-talu-enolog-kaberne-sovinon-krasnoe-suhoe-15,энолог,chateau de talu,Красное,,,train
vinodelnya-krinitsa-ester-muskat-belyy-beloe-suhoe-12,эстер,криница,Белое,,,train
vinodelnya-krinitsa-ester-muskat-beloe-suhoe-128,эстер,криница,Белое,,,train
chateau-de-talu-yuzhnaya-vertikal-kaberne-fran-krasnoe-suhoe-142,южная вертикаль каберне фран,chateau de talu,Красное,,,train
chateau-de-talu-yuzhnaya-vertikal-kaberne-fran-premium-krasnoe-suhoe-143,южная вертикаль каберне фран премиум,chateau de talu,Красное,,,train
chateau-de-talu-yuzhnaya-vertikal-kaberne-fran-rezerv-krasnoe-suhoe-146,южная вертикаль. каберне фран резерв,chateau de talu,Красное,,,train
usadba-divnomorskoe-yuzhnyy-les-merlo-krasnoe-suhoe-137,южный лес,усадьба дивноморское,Красное,,,train
ya-jla-risling,яйла рислинг,yaiyla winery,Белое,,,validation
