image_id,wine_id,path,view,sha256,source,source_url,ocr_hit,usable_train
fanagoriya-100-ottenkov-krasnogo-kaberne-kaberne-sovinon-krasnoe-suhoe-135-0001,fanagoriya-100-ottenkov-krasnogo-kaberne-kaberne-sovinon-krasnoe-suhoe-135,fanagoriya_100_ottenkov_krasnogo_kaberne_kaberne_sovinon_krasnoe_suhoe_135_ad8495191f.webp,studio_front,8ec7745d7ff9066a0b4f8c24742b179f0335a775a192b0eca2787dfbef31c866,strapi,,none,0
fanagoriya-100-ottenkov-krasnogo-pino-nuar-krasnoe-suhoe-135-0001,fanagoriya-100-ottenkov-krasnogo-pino-nuar-krasnoe-suhoe-135,fanagoriya_100_ottenkov_krasnogo_pino_nuar_krasnoe_suhoe_vyderzhannoe_135_12baf813ea.webp,studio_front,a902e43a5f7768f18c8faf50496ef5e4522b9facb312613e1f4cbc0b3893b236,strapi,,none,0
fanagoriya-100-ottenkov-krasnogo-saperavi-krasnoe-suhoe-14-0001,fanagoriya-100-ottenkov-krasnogo-saperavi-krasnoe-suhoe-14,fanagoriya_100_ottenkov_krasnogo_saperavi_krasnoe_suhoe_14_fa242e130a.webp,studio_front,926d6d3e88f3bb6b18f56e487acebb377bd4a93dc221226854c2aa7833e7b8c1,strapi,,none,0
fanagoriya-100-ottenkov-shardone-beloe-suhoe-14-0001,fanagoriya-100-ottenkov-shardone-beloe-suhoe-14,fanagoriya_100_ottenkov_shardone_beloe_suhoe_14_dd14e33b83.webp,studio_front,8bf5a5f19a25c18017682775621b78e17ed37ff0d6f9eae72bda9a8932720e54,strapi,,none,0
fanagoriya-101-ottenok-krasnogo-kaberne-kaberne-sovinon-krasnoe-suhoe-14-0001,fanagoriya-101-ottenok-krasnogo-kaberne-kaberne-sovinon-krasnoe-suhoe-14,fanagoriya_101_ottenok_krasnogo_kaberne_kaberne_sovinon_krasnoe_suhoe_14_98c670a6a1.webp,studio_front,095f8097bd9e72398ad1c417f45c73b3f8dc74f48c7704dea62a6ed62499f502,strapi,,none,0
fanagoriya-101-ottenok-krasnogo-pino-nuar-krasnoe-suhoe-135-0001,fanagoriya-101-ottenok-krasnogo-pino-nuar-krasnoe-suhoe-135,fanagoriya_101_ottenok_krasnogo_pino_nuar_krasnoe_suhoe_135_62be6e1c10.webp,studio_front,7ef20b1319c56be070d80ebe2dac3209fa05f9b6fc6aedf5a5ca16edd671fb6f,strapi,,none,0
fanagoriya-101-ottenok-krasnogo-saperavi-krasnoe-suhoe-14-0001,fanagoriya-101-ottenok-krasnogo-saperavi-krasnoe-suhoe-14,fanagoriya_101_ottenok_krasnogo_saperavi_krasnoe_suhoe_14_4716c6d770.webp,studio_front,eefae21e71e3d64a5c13a4f21cfbbc9c26842e12de45f9c7ca41029a24ca9c61,strapi,,none,0
usadba-rodnoe-gnezdo-4-elements-sira-roze-rozovoe-polusuhoe-135-0001,usadba-rodnoe-gnezdo-4-elements-sira-roze-rozovoe-polusuhoe-135,usadba_rodnoe_gnezdo_4_elements_sira_roze_rozovoe_polusuhoe_135_2c2c876bf4.webp,studio_front,0e2d2e6b9e0f03e6ba2712786972631f6271c1593e47f11ba992e6fce13fe03a,strapi,,none,0
fanagoriya-5-elements-bryut-beloe-pino-gri-igristoe-bryut-beloe-125-0001,fanagoriya-5-elements-bryut-beloe-pino-gri-igristoe-bryut-beloe-125,fanagoriya_5_elements_bryut_beloe_pino_gri_igristoe_bryut_beloe_125_d7497bb817.webp,studio_front,f01560e09185e55bb5551f1ee0b314bd9b0104d2865b99a53eac82a0b150bc30,strapi,,none,0
fanagoriya-5-elements-bryut-rozovoe-saperavi-igristoe-bryut-rozovoe-125-0001,fanagoriya-5-elements-bryut-rozovoe-saperavi-igristoe-bryut-rozovoe-125,fanagoriya_5_elements_bryut_rozovoe_saperavi_igristoe_bryut_rozovoe_125_89ce2d6975.webp,studio_front,97885c6fb8e2b636c6634a5ed26667b614ff5a631005aeb21db6bdf5989a7960,strapi,,none,0
vinodelnya-vedernikov-5050-tsimlyanskiy-sibirkovyy-ekstra-bryut-beloe-12-0001,vinodelnya-vedernikov-5050-tsimlyanskiy-sibirkovyy-ekstra-bryut-beloe-12,vinodelnya_vedernikov_5050_tsimlyanskiy_sibirkovyy_ekstra_bryut_beloe_12_9cb05a5a09.webp,studio_front,d170734923b84910b81dac0429954dec5553e7acc4b21ac9e43ff90d9be4ea29,strapi,,none,0
shato-pino-agpoezdnik-beloe-shardone-suhoe-13-0001,shato-pino-agpoezdnik-beloe-shardone-suhoe-13,shato_pino_beloe_shardone_beloe_suhoe_13_8b4d6eb365.webp,studio_front,2a17ddeff1c5a2c0fb41e0929c83a89babc87055a77df0815481862408b56345,strapi,,none,0
shato-pino-agpoezdnik-krasnoe-kaberne-fran-suhoe-14-0001,shato-pino-agpoezdnik-krasnoe-kaberne-fran-suhoe-14,shato_pino_krasnoe_kaberne_fran_krasnoe_suhoe_14_074ad489ef.webp,studio_front,ba2baac5b1856bacf15c39568b8867157a41ffb576ee665117526d6092f0458b,strapi,,none,0
abrau-dyurso-abrau-estates-amurskiy-potapenko-krasnoe-suhoe-105-0001,abrau-dyurso-abrau-estates-amurskiy-potapenko-krasnoe-suhoe-105,abrau_dyurso_abrau_estates_amurskiy_potapenko_krasnoe_suhoe_105_a70c9cabe2.webp,studio_front,3d86ea70000a54bcb6259101b14a654f2edf2d567de5b496e3010f869d90807c,strapi,,none,0
abrau-dyurso-abrau-estates-beloe-shardone-suhoe-12-0001,abrau-dyurso-abrau-estates-beloe-shardone-suhoe-12,abrau_dyurso_abrau_estates_beloe_shardone_suhoe_12_6c1aeb2039.webp,studio_front,5cfa62936bf3bfd8f9eec0cb4f5d973b5293a683cf83a64c9bc41f4e6e0762d6,strapi,,none,0
abrau-dyurso-abrau-estates-kaberne-po-belomu-kaberne-sovinon-beloe-suhoe-105-0001,abrau-dyurso-abrau-estates-kaberne-po-belomu-kaberne-sovinon-beloe-suhoe-105,abrau_dyurso_abrau_estates_kaberne_po_belomu_kaberne_sovinon_beloe_suhoe_105_a340de7dd3.webp,studio_front,b8963dea7949c6c9ce066bcb2902e4f06479c36ae37871e7eb13083951ce9f04,strapi,,none,0
abrau-dyurso-abrau-estates-krasnoe-kaberne-sovinon-suhoe-13-0001,abrau-dyurso-abrau-estates-krasnoe-kaberne-sovinon-suhoe-13,abrau_dyurso_abrau_estates_krasnoe_kaberne_sovinon_suhoe_13_1770f5150f.webp,studio_front,4bfdb98b56e3542f0588a260c2d5adf9638892e7772edcbc69604fa468e11f24,strapi,,none,0
abrau-dyurso-abrau-estates-oranzh-tsitronnyy-magaracha-oranzhevoe-suhoe-105-0001,abrau-dyurso-abrau-estates-oranzh-tsitronnyy-magaracha-oranzhevoe-suhoe-105,abrau_dyurso_abrau_estates_oranzh_tsitronnyy_magaracha_oranzhevoe_suhoe_105_95e00a834b.webp,studio_front,f372eb5dd479d521f09fe0320a2dc19fbdc8f2e0f5c2793d4518e4c056b23f42,strapi,,none,0
abrau-dyurso-abrau-estates-dostoynyy-krasnoe-suhoe-135-0001,abrau-dyurso-abrau-estates-dostoynyy-krasnoe-suhoe-135,abrau_dyurso_abrau_estates_dostoynyy_krasnoe_suhoe_135_a2b9e120e4.webp,studio_front,7984812cc05b62688750713db697704b57feeffbae93c2ca15ff787b7222f93d,strapi,,none,0
abrau-dyurso-abrau-estates-roze-kaberne-sovinon-rozovoe-suhoe-12-0001,abrau-dyurso-abrau-estates-roze-kaberne-sovinon-rozovoe-suhoe-12,abrau_dyurso_abrau_estates_roze_kaberne_sovinon_rozovoe_suhoe_12_416c8f123b.webp,studio_front,e694ad3509c385db285beb35563ac045909786cd5f56ef179626a084257e6996,strapi,,none,0
abrau-dyurso-abrau-durso-brut-rose-reserve-pino-nuar-beloe-bryut-12-0001,abrau-dyurso-abrau-durso-brut-rose-reserve-pino-nuar-beloe-bryut-12,abrau_dyurso_abrau_durso_brut_rose_reserve_pino_nuar_beloe_bryut_12_bb364de705.webp,studio_front,09e908e34008052470637588bface00908c3fba15ed67e374a30eca7b10fb948,strapi,,none,0
abrau-dyurso-abrau-durso-reserve-brut-shardone-beloe-bryut-115-0001,abrau-dyurso-abrau-durso-reserve-brut-shardone-beloe-bryut-115,abrau_dyurso_abrau_durso_reserve_brut_shardone_beloe_bryut_115_c2d789063b.webp,studio_front,2e88656c8fc18758dca881671804eabcc140edb934acab90d229beea013bc506,strapi,,none,0
olymp-winery-adagum-cabernet-franc-kaberne-fran-krasnoe-suhoe-11-0001,olymp-winery-adagum-cabernet-franc-kaberne-fran-krasnoe-suhoe-11,olymp_winery_adagum_cabernet_franc_kaberne_fran_krasnoe_suhoe_11_1296da5e1c.webp,studio_front,af58d68a4b9ac0782c47ff1838c3797063440563515656a2a24eae653fb2f957,strapi,,none,0
olymp-winery-adagum-cabernet-sauvignon-kaberne-sovinon-krasnoe-suhoe-11-0001,olymp-winery-adagum-cabernet-sauvignon-kaberne-sovinon-krasnoe-suhoe-11,olymp_winery_adagum_cabernet_sauvignon_kaberne_sovinon_krasnoe_suhoe_11_389c433b06.webp,studio_front,0bd7684b20bd343d25afa7fe0bb9fe00a1e574cf87d3fd22c1a9439c2c84965e,strapi,,none,0
olymp-winery-adagum-chardonnay-shardone-beloe-suhoe-11-0001,olymp-winery-adagum-chardonnay-shardone-beloe-suhoe-11,olymp_winery_adagum_chardonnay_shardone_beloe_suhoe_11_cf6c199a92.webp,studio_front,86bf0460b1fd4913416864faa25eb211ebeb8a78b803c72f2bc2d0b4b1c8f899,strapi,,none,0
olymp-winery-adagum-chardonnay-kuban-shardone-beloe-suhoe-11-0001,olymp-winery-adagum-chardonnay-kuban-shardone-beloe-suhoe-11,olymp_winery_adagum_chardonnay_kuban_shardone_beloe_suhoe_11_a41c24329f.webp,studio_front,0fd0301b0b3d0f2200aa397eb2f0ff0e61a5cdd90f97674347cef545897e0a0c,strapi,,none,0
olymp-winery-adagum-estate-cabernet-sauvignon-kaberne-sovinon-krasnoe-suhoe-11-0001,olymp-winery-adagum-estate-cabernet-sauvignon-kaberne-sovinon-krasnoe-suhoe-11,olymp_winery_adagum_estate_cabernet_sauvignon_kaberne_sovinon_krasnoe_suhoe_11_425fadfccf.webp,studio_front,d140064d56c921956fd1ebc6f4ca00a6035233e69c1a1d7d8fdde69b60a41f44,strapi,,none,0
olymp-winery-adagum-estate-chardonnay-shardone-beloe-suhoe-11-0001,olymp-winery-adagum-estate-chardonnay-shardone-beloe-suhoe-11,olymp_winery_adagum_estate_chardonnay_shardone_beloe_suhoe_11_db799bd3fb.webp,studio_front,1277acafb36f546c94b745a8ed1cc46654e600b4689f2d2b3c034237180070df,strapi,,none,0
olymp-winery-adagum-estate-merlot-merlo-krasnoe-suhoe-11-0001,olymp-winery-adagum-estate-merlot-merlo-krasnoe-suhoe-11,olymp_winery_adagum_estate_merlot_merlo_krasnoe_suhoe_11_40b39cc86c.webp,studio_front,584e5d64a0b002fc160ab534911ff998a95953bff27bc1f36f10942ebc46faeb,strapi,,none,0
olymp-winery-adagum-estate-red-blend-kaberne-fran-krasnoe-suhoe-11-0001,olymp-winery-adagum-estate-red-blend-kaberne-fran-krasnoe-suhoe-11,olymp_winery_adagum_estate_red_blend_kaberne_fran_krasnoe_suhoe_11_4dc9ac373d.webp,studio_front,cffb0429fe0ba755370634626ed2414d040565f1fbc6b19b2f6425b5b62b466d,strapi,,none,0
olymp-winery-adagum-estate-rose-kaberne-sovinon-rozovoe-suhoe-11-0001,olymp-winery-adagum-estate-rose-kaberne-sovinon-rozovoe-suhoe-11,olymp_winery_adagum_estate_rose_kaberne_sovinon_rozovoe_suhoe_11_ad3a02cc01.webp,studio_front,955ce72383358cb3050838e69242e256b7687a63b5c7026ee0926a8bd50e8a78,strapi,,none,0
olymp-winery-adagum-estate-sauvignon-blanc-sovinon-blan-beloe-suhoe-11-0001,olymp-winery-adagum-estate-sauvignon-blanc-sovinon-blan-beloe-suhoe-11,olymp_winery_adagum_estate_sauvignon_blanc_sovinon_blan_beloe_suhoe_11_3a562a0c8b.webp,studio_front,4e66dac35883b0e783c20096d1e2acd07201f9d1b35e0b2e2981497ac0cb4f81,strapi,,none,0
olymp-winery-adagum-krasnostop-krasnostop-zolotovskiy-krasnoe-suhoe-11-0001,olymp-winery-adagum-krasnostop-krasnostop-zolotovskiy-krasnoe-suhoe-11,olymp_winery_adagum_krasnostop_krasnostop_zolotovskiy_krasnoe_suhoe_11_9741bfb5e5.webp,studio_front,1080dbc7a3e96d6b0addef63c62aa32d7c55d66329f647dabec67300e93dc58e,strapi,,none,0
olymp-winery-adagum-merlot-merlo-rozovoe-suhoe-10-0001,olymp-winery-adagum-merlot-merlo-rozovoe-suhoe-10,olymp_winery_adagum_merlot_merlo_rozovoe_suhoe_10_b7656d1596.webp,studio_front,c61acdede3a7f9afb86c590323c1074811a18d89e22ef2b7d9a92d5ff65c25be,strapi,,none,0
olymp-winery-adagum-odessa-black-kuban-odesskiy-chernyy-krasnoe-suhoe-11-0001,olymp-winery-adagum-odessa-black-kuban-odesskiy-chernyy-krasnoe-suhoe-11,olymp_winery_adagum_odessa_black_kuban_odesskiy_chernyy_krasnoe_suhoe_11_8c94e0d7d5.webp,studio_front,4162f46dab6045e6838a05313376f1f5a7badf4dbc934a2b08a3e5f442433048,strapi,,none,0
olymp-winery-adagum-pinot-noir-pino-nuar-rozovoe-suhoe-11-0001,olymp-winery-adagum-pinot-noir-pino-nuar-rozovoe-suhoe-11,olymp_winery_adagum_pinot_noir_pino_nuar_rozovoe_suhoe_11_266cb2d0df.webp,studio_front,d763b2427d9a53fe79d6fcb85a1cc3f194ee281bf389e026d7ba59f17dd04bfe,strapi,,none,0
olymp-winery-adagum-pinot-noir-pino-nuar-krasnoe-suhoe-11-0001,olymp-winery-adagum-pinot-noir-pino-nuar-krasnoe-suhoe-11,olymp_winery_adagum_pinot_noir_pino_nuar_krasnoe_suhoe_11_5be0562815.webp,studio_front,3899e6008408fd452a03b67a8fb9ecb3be777fcd9d7e627afe1cdd4e9a86014c,strapi,,none,0
olymp-winery-adagum-riesling-risling-beloe-suhoe-11-0001,olymp-winery-adagum-riesling-risling-beloe-suhoe-11,olymp_winery_adagum_riesling_risling_beloe_suhoe_11_73187f0bc2.webp,studio_front,a7a800c42a33534b6dac333c81eb1b1a64dd05afc03d5f99fd6399f11e478454,strapi,,none,0
olymp-winery-adagum-saperavi-saperavi-krasnoe-suhoe-11-0001,olymp-winery-adagum-saperavi-saperavi-krasnoe-suhoe-11,olymp_winery_adagum_saperavi_saperavi_krasnoe_suhoe_11_6a6ed2cae1.webp,studio_front,8a38865862c2c412ef281252047f74cb0bec1d732ba5d4ec3d30ac4dda0ca249,strapi,,none,0
olymp-winery-adagum-sauvignon-sovinon-blan-beloe-suhoe-11-0001,olymp-winery-adagum-sauvignon-sovinon-blan-beloe-suhoe-11,olymp_winery_adagum_sauvignon_sovinon_blan_beloe_suhoe_11_759c83d0e0.webp,studio_front,3073bc9cde456b065011fc347bdf1da78e86400f9bba860aa2eed0b5f18a822a,strapi,,none,0
olymp-winery-adagum-valley-merlot-merlo-krasnoe-suhoe-11-0001,olymp-winery-adagum-valley-merlot-merlo-krasnoe-suhoe-11,olymp_winery_adagum_valley_merlot_merlo_krasnoe_suhoe_11_3ec3bdd7ea.webp,studio_front,93322e3c035dac25104e4b826a57e10f4b4261298365e61607e5b4de67d50857,strapi,,none,0
olymp-winery-adagum-valley-pinot-noir-pino-nuar-krasnoe-suhoe-11-0001,olymp-winery-adagum-valley-pinot-noir-pino-nuar-krasnoe-suhoe-11,olymp_winery_adagum_valley_pinot_noir_pino_nuar_krasnoe_suhoe_11_f03c68421f.webp,studio_front,c834ac8f1cd6ebb674012bb5bb8fb4a4df91ab951d60897e273ee2701abb8c95,strapi,,none,0
olymp-winery-adagum-valley-riesling-risling-reynskiy-beloe-suhoe-11-0001,olymp-winery-adagum-valley-riesling-risling-reynskiy-beloe-suhoe-11,olymp_winery_adagum_valley_riesling_risling_reynskiy_beloe_suhoe_11_c4f049c0fc.webp,studio_front,b77cf9ab4d2ea28b3cb0c7feb235e8921b64475f472342fd697e7e71d0d1de59,strapi,,none,0
olymp-winery-adagum-valley-rkatsiteli-rkatsiteli-beloe-suhoe-10-0001,olymp-winery-adagum-valley-rkatsiteli-rkatsiteli-beloe-suhoe-10,olymp_winery_adagum_valley_rkatsiteli_rkatsiteli_beloe_suhoe_10_ddfa4f8a06.webp,studio_front,193f142d2afc105c558ac70f42b23708a55726c62a0dfe708ca070a2aacfc228,strapi,,none,0
olymp-winery-adagum-valley-saperavi-saperavi-krasnoe-suhoe-12-0001,olymp-winery-adagum-valley-saperavi-saperavi-krasnoe-suhoe-12,olymp_winery_adagum_valley_saperavi_saperavi_krasnoe_suhoe_12_90b75e8147.webp,studio_front,0c79094a5b1ecb3425be79bcb877b4abb285289282766c84b3d18b79cd834a95,strapi,,none,0
agora-bastardo-0001,agora-bastardo,Agora_Bastardo_59a04897ff.webp,studio_front,2c36ab2acfba838a14df08273e24ac12246c1a7f862497d29224f0c0511d79f6,strapi,,none,0
agora-blek-stoun-0001,agora-blek-stoun,Agora_Blek_Stoun_e98339ae1b.webp,studio_front,e9608e155a13e10391972d8c0dbacfa40800436377e7bcd31cd5b39d56bcb74f,strapi,,none,0
agora-kaberne-sovinon-0001,agora-kaberne-sovinon,Agora_Kaberne_Sovinon_cf765cd22e.webp,studio_front,671f4dccede2b8bf16a5ecbb77ea542cf03e79d138e437bb608e2066e9e55643,strapi,,none,0
agora-muskat-chernyj-0001,agora-muskat-chernyj,Agora_Muskat_Chernyj_b3314704fa.webp,studio_front,5bb94b8d1da150fe268bd17c94b9d98e2beeca18d798027a610d8db39e6dd211,strapi,,none,0
agora-pino-nuar-0001,agora-pino-nuar,Agora_Pino_Nuar_e81246aa3a.webp,studio_front,f03194cb948c07f1e0d5c2859e823512220ec37471a81494dfc1bff1a1fd2025,strapi,,none,0
agora-risling-0001,agora-risling,Agora_Risling_1b886b07f8.webp,studio_front,6f5fc7199aa8a959d2d845043dca899486c91c1a9621564ba58a083320d2d483,strapi,,none,0
agora-saperavi-0001,agora-saperavi,Agora_Saperavi_c472cc0afc.webp,studio_front,bbb88a1a8d23048827b00274fcb97a23d7edf95c9f31794c0144d367666e7e99,strapi,,none,0
agora-sovinon-0001,agora-sovinon,Agora_Sovinon_6b035f6913.webp,studio_front,36e198782a7038614d5ced7b12b669a98a65a839662a2db854380bf29065d96a,strapi,,none,0
agora-shardone-0001,agora-shardone,Agora_Shardone_4e9ddf9c52.webp,studio_front,42249a23b57ff07af2ef679618f61bb3bfc36fadcb207e52d277af403181bcb5,strapi,,none,0
valeriy-zaharin-albedo-reserve-sary-pandas-beloe-suhoe-115-0001,valeriy-zaharin-albedo-reserve-sary-pandas-beloe-suhoe-115,valeriy_zaharin_albedo_reserve_sary_pandas_beloe_suhoe_115_b108af9fde.webp,studio_front,0009ff20726b543403bd48ea2f7b7da3bc4ef40fec7e33645d8201c534f56731,strapi,,none,0
chteau-le-grand-vostock-aligote-aligote-beloe-suhoe-125-0001,chteau-le-grand-vostock-aligote-aligote-beloe-suhoe-125,chteau_le_grand_vostock_aligote_aligote_beloe_suhoe_125_77b160f87a.webp,studio_front,4897c31d71bd1b21eb73eb92f170a238b721e33c7d657720c18efb9965f53738,strapi,,none,0
chteau-le-grand-vostock-aligote-reserve-aligote-beloe-suhoe-13-0001,chteau-le-grand-vostock-aligote-reserve-aligote-beloe-suhoe-13,chteau_le_grand_vostock_aligote_reserve_aligote_beloe_suhoe_13_bd611c7154.webp,studio_front,78c1f3505a6abf06c3c1cb3086dbbcb8a0e4e544dcfe937e02e7232f994f78c4,strapi,,none,0
vino-nebo-aligote-sur-lie-aligote-beloe-suhoe-127-0001,vino-nebo-aligote-sur-lie-aligote-beloe-suhoe-127,vino_nebo_aligote_sur_lie_aligote_beloe_suhoe_127_217cf83431.webp,studio_front,5a285922a74515306ba2d9572b42f4ed1102f2886bdd3998e953005d74f66443,strapi,,none,0
fanagoriya-alta-qortis-saperavi-krasnoe-suhoe-145-0001,fanagoriya-alta-qortis-saperavi-krasnoe-suhoe-145,fanagoriya_alta_qortis_saperavi_krasnoe_suhoe_145_cd395bc533.webp,studio_front,15e59c8584296a7d258e6bba26811ef0fb282cb0a34f814985be6604da81241c,strapi,,none,0
fanagoriya-alveus-ultra-cuvee-brut-shardone-beloe-bryut-12-0001,fanagoriya-alveus-ultra-cuvee-brut-shardone-beloe-bryut-12,fanagoriya_alveus_ultra_cuvee_brut_shardone_beloe_bryut_12_b29ade1dcd.webp,studio_front,15815e70858aed9d332d8c4286ddf43dca0ba108cee38c65a87e75019ae2bfba,strapi,,none,0
fanagoriya-alveus-ultra-cuvee-bryut-rozovoe-merlo-igristoe-bryut-rozovoe-12-0001,fanagoriya-alveus-ultra-cuvee-bryut-rozovoe-merlo-igristoe-bryut-rozovoe-12,fanagoriya_alveus_ultra_cuvee_bryut_rozovoe_merlo_igristoe_bryut_rozovoe_12_a23595c6d7.webp,studio_front,82fa0f8ded698b0991a5543deb20b874463e7cced4568127a533423b63b40f12,strapi,,none,0
fanagoriya-alveus-ultra-cuvee-ekstra-bryut-beloe-risling-reynskiy-12-0001,fanagoriya-alveus-ultra-cuvee-ekstra-bryut-beloe-risling-reynskiy-12,fanagoriya_alveus_ultra_cuvee_ekstra_bryut_beloe_risling_reynskiy_12_d3eb10a98a.webp,studio_front,86dd6c28152e00cd3a3f6f6aa3900c4d2240e1c41880aeec7b5151fe6765e7ed,strapi,,none,0
fanagoriya-alveus-ultra-cuvee-ekstra-bryut-rozovoe-merlo-12-0001,fanagoriya-alveus-ultra-cuvee-ekstra-bryut-rozovoe-merlo-12,fanagoriya_alveus_ultra_cuvee_ekstra_bryut_rozovoe_merlo_12_dda03da431.webp,studio_front,310627793888e0ada799148398ad14af7e166c25c450c685c510048cb868c975,strapi,,none,0
amelia-0001,amelia,Amelia_22_png_e439aa8564.webp,studio_front,824541e2d57c30fc33c3df1a891b0ffc088e1f26a687fcb0be1b4429514879f2,strapi,,none,0
amelia-2023-0001,amelia-2023,Amelia_23_89599a3948.webp,studio_front,ddaeef79863faddf0a127db8081a7068febcab5a4f6a73e929193bf4a2c504e2,strapi,,none,0
ferrum-winery-apollinary-merlo-krasnoe-suhoe-13-0001,ferrum-winery-apollinary-merlo-krasnoe-suhoe-13,ferrum_winery_apollinary_merlo_krasnoe_suhoe_13_335c7ed476.webp,studio_front,7976468fd18bd671ea092f1202e166e6dd01a8848e5cbdcf46129e146a18726f,strapi,,none,0
ivan-ksenia-kruz-argonne-chardonay-shardone-beloe-suhoe-127-0001,ivan-ksenia-kruz-argonne-chardonay-shardone-beloe-suhoe-127,ivan_ksenia_kruz_argonne_chardonay_shardone_beloe_suhoe_127_d4a21f7bc6.webp,studio_front,133fb960d243f48be0477bea0374f97c74c2c3e2ddc0fde5f3b96d0cf42c50cd,strapi,,none,0
ivan-ksenia-kruz-argonne-pinot-noir-pino-nuar-rozovoe-suhoe-122-0001,ivan-ksenia-kruz-argonne-pinot-noir-pino-nuar-rozovoe-suhoe-122,ivan_ksenia_kruz_argonne_pinot_noir_pino_nuar_rozovoe_suhoe_122_956b877f5c.webp,studio_front,0a8cca59369866eda9b5cb67dc288d28cb0cb8af7c108339c54d82d997d779e0,strapi,,none,0
ivan-ksenia-kruz-argonne-riesling-risling-beloe-suhoe-119-0001,ivan-ksenia-kruz-argonne-riesling-risling-beloe-suhoe-119,ivan_ksenia_kruz_argonne_riesling_risling_beloe_suhoe_119_7c2a4d6ca1.webp,studio_front,7ed0b86250321314b700637fdefc16de47c6e3bbe1ef547968390110baeec6e2,strapi,,none,0
ivan-ksenia-kruz-argonne-sauvignon-blanc-sovinon-blan-beloe-suhoe-115-0001,ivan-ksenia-kruz-argonne-sauvignon-blanc-sovinon-blan-beloe-suhoe-115,ivan_ksenia_kruz_argonne_sauvignon_blanc_sovinon_blan_beloe_suhoe_115_e25c7aa235.webp,studio_front,684405d0bbf66efcf9f50d42d0c5fe0066db38830fe10ed82a50ba5412975fcf,strapi,,none,0
ivan-ksenia-kruz-argonne-syrah-sira-krasnoe-suhoe-124-0001,ivan-ksenia-kruz-argonne-syrah-sira-krasnoe-suhoe-124,ivan_ksenia_kruz_argonne_syrah_sira_krasnoe_suhoe_124_9d92c7e4ae.webp,studio_front,a40d77a8f99de21549f48f20821669a035e22a5720b7153077d25be68c7d68b9,strapi,,none,0
arie-0001,arie,Arie_2020_WM_f96f943b9a.webp,studio_front,0c2b6d1bcdc0c7e00edd5bc42ca15804fffa58d79e33a732107a6e0f7ea18905,strapi,,none,0
arie-riserva-0001,arie-riserva,Arie_reserva_4e284defd7.webp,studio_front,e482533e9ddce8a82a8d93f1af437a11f580c30f0648c25e51a72781dc5489f5,strapi,,none,0
zolotaya-balka-black-prince-crimea-prestige-cuvee-extra-brut-limited-edition-shardone-beloe-ekstra-bryut-125-0001,zolotaya-balka-black-prince-crimea-prestige-cuvee-extra-brut-limited-edition-shardone-beloe-ekstra-bryut-125,zolotaya_balka_black_prince_crimea_prestige_cuvee_extra_brut_limited_edition_shardone_beloe_ekstra_bryut_125_93ec57c2e6.webp,studio_front,619c811e5723a47d5e1abd896e7036cbc9334b2efcf8ae3b83d0b67d87a61424,strapi,,none,0
fanagoriya-blanc-de-blancs-shardone-beloe-bryut-12-0001,fanagoriya-blanc-de-blancs-shardone-beloe-bryut-12,fanagoriya_blanc_de_blancs_shardone_igristoe_bryut_beloe_12_4071ae25d5.webp,studio_front,04baaefd29386672442d0d88a3989847a1aead009635cf63ca3b209a0d441ed6,strapi,,none,0
usadba-perovskih-blanc-de-blancs-shardone-beloe-ekstra-bryut-11-0001,usadba-perovskih-blanc-de-blancs-shardone-beloe-ekstra-bryut-11,usadba_perovskih_blanc_de_blancs_shardone_igristoe_ekstra_bryut_beloe_11_f486d972d4.webp,studio_front,f7f55eadbad49abd33dc2ba6d27d9ad67901afc99bcf34a5d6c8f263ea73d518,strapi,,none,0
gunko-winery-blanc-de-blancs-shardone-beloe-bryut-12-0001,gunko-winery-blanc-de-blancs-shardone-beloe-bryut-12,gunko_winery_blanc_de_blancs_shardone_igristoe_bryut_beloe_12_ed1875c4fa.webp,studio_front,f6aa62008afacfd265fd4add0c8569f9355c8d0f58259004754ffac8edede4c9,strapi,,none,0
vinodelnya-myshako-blanc-de-blancs-shardone-beloe-bryut-121-0001,vinodelnya-myshako-blanc-de-blancs-shardone-beloe-bryut-121,vinodelnya_myshako_blanc_de_blancs_shardone_igristoe_bryut_beloe_121_d4edffbd87.webp,studio_front,00b3647c55b828ac63ba41c58b0a1a4ce4027287a53471ba58ecf4af7853b7d6,strapi,,none,0
usadba-divnomorskoe-blanc-de-blancs-shardone-beloe-ekstra-bryut-12-0001,usadba-divnomorskoe-blanc-de-blancs-shardone-beloe-ekstra-bryut-12,usadba_divnomorskoe_blanc_de_blancs_shardone_igristoe_ekstra_bryut_beloe_12_c91b1a3468.webp,studio_front,a9b6337891b21bd1b984c90ee5d0885c352e8811fdbc44d834083133cd12e2df,strapi,,none,0
blanc-de-blancs-idolo-0001,blanc-de-blancs-idolo,114294_1_Photoroom_da9352acff.webp,studio_front,dc7152e323a4af5b0dd8fbe25b40c057c18eca0b10668368a9be7dae95332db3,strapi,,none,0
loco-cimbali-blanc-de-neige-shardone-beloe-suhoe-131-0001,loco-cimbali-blanc-de-neige-shardone-beloe-suhoe-131,loco_cimbali_blanc_de_neige_shardone_beloe_suhoe_131_3d85be0763.webp,studio_front,11d7a0a1b24ab4aab4f06e85cde4c4705188142a1573e63753956bd3c8225929,strapi,,none,0
zolotaya-balka-blanc-de-neige-shardone-beloe-suhoe-125-0001,zolotaya-balka-blanc-de-neige-shardone-beloe-suhoe-125,zolotaya_balka_blanc_de_neige_shardone_beloe_suhoe_125_33030faa53.webp,studio_front,3d612ce37f75c32d2b6b2f33ee64f9e04614d8f7d43177049253901aa57eca3c,strapi,,none,0
fanagoriya-blanc-de-noir-mene-extra-brut-2019-pino-nuar-beloe-ekstra-bryut-12-0001,fanagoriya-blanc-de-noir-mene-extra-brut-2019-pino-nuar-beloe-ekstra-bryut-12,fanagoriya_blanc_de_noir_mene_extra_brut_2019_pino_nuar_beloe_ekstra_bryut_12_cf7fa4159c.webp,studio_front,1533d515f0018cdca68a7dd6d4c5bc1c04150d505a5171b44800b5ad03f59776,strapi,,none,0
esse-blanc-de-noirs-pino-nuar-beloe-ekstra-bryut-115-0001,esse-blanc-de-noirs-pino-nuar-beloe-ekstra-bryut-115,esse_blanc_de_noirs_pino_nuar_igristoe_ekstra_bryut_beloe_115_c951557140.webp,studio_front,01c702b5e89492018a93bcff56055443d9b5a4fc8f05a087f3c925d6272f6b52,strapi,,none,0
fanagoriya-blanc-de-noirs-mene-pino-mene-beloe-ekstra-bryut-12-0001,fanagoriya-blanc-de-noirs-mene-pino-mene-beloe-ekstra-bryut-12,fanagoriya_blanc_de_noirs_mene_pino_mene_igristoe_ekstra_bryut_beloe_12_6cd37dc5ac.webp,studio_front,2fc44843de137e8bc5db677ef847ee5c9388741a47f7458dbe2f8a5c49e70ae5,strapi,,none,0
domaine-lipko-blaufrankisch-domaine-lipko-blaufrankish-krasnoe-suhoe-136-0001,domaine-lipko-blaufrankisch-domaine-lipko-blaufrankish-krasnoe-suhoe-136,domaine_lipko_blaufrankisch_domaine_lipko_blaufrankish_krasnoe_suhoe_136_440af9a034.webp,studio_front,9e0bc56c8fb26df15a420172b91a6b7160f61667c2414c09f81fb8718538c449,strapi,,none,0
aya-organic-wine-vineyards-blush-1-sira-rozovoe-ekstra-bryut-135-0001,aya-organic-wine-vineyards-blush-1-sira-rozovoe-ekstra-bryut-135,aya_organic_wine_vineyards_blush_1_sira_petnat_ekstra_bryut_rozovyy_135_33ab300ffe.webp,studio_front,04df5f5033eb5a60959b70001144d99261c25ddb82560dfc476e992c5b0e5a99,strapi,,none,0
aya-organic-wine-vineyards-blush-2-merlo-rozovoe-ekstra-bryut-135-0001,aya-organic-wine-vineyards-blush-2-merlo-rozovoe-ekstra-bryut-135,aya_organic_wine_vineyards_blush_2_merlo_petnat_ekstra_bryut_rozovyy_135_ed87f553c8.webp,studio_front,0418e02c91b63e48007e14f3d5820877a09c95bd47390f7560f8181655f70d27,strapi,,none,0
aya-organic-wine-vineyards-blush-3-kaberne-fran-rozovoe-ekstra-bryut-132-0001,aya-organic-wine-vineyards-blush-3-kaberne-fran-rozovoe-ekstra-bryut-132,aya_organic_wine_vineyards_blush_3_kaberne_fran_petnat_ekstra_bryut_rozovyy_132_a094099a22.webp,studio_front,aed03f8ac3c2ea727389dee3c0fc09f293a8cf8e6ded5ea6933a037c9d987889,strapi,,none,0
aya-organic-wine-vineyards-blush-4-pino-nuar-krasnoe-ekstra-bryut-129-0001,aya-organic-wine-vineyards-blush-4-pino-nuar-krasnoe-ekstra-bryut-129,aya_organic_wine_vineyards_blush_4_pino_nuar_petnat_ekstra_bryut_krasnyy_129_26041a124c.webp,studio_front,641f0375baf7fa42c6501546085576e04d0da58214fc71e1e8354e79ff497730,strapi,,none,0
fanagoriya-brule-cabernet-franc-polusuhoe-rozovoe-kaberne-fran-12-0001,fanagoriya-brule-cabernet-franc-polusuhoe-rozovoe-kaberne-fran-12,fanagoriya_brule_cabernet_franc_polusuhoe_rozovoe_kaberne_fran_12_08e20da65a.webp,studio_front,dfc538a2e244d2c3426410a68648bce620083c4c67df6c8f6d49609f20bc766e,strapi,,none,0
fanagoriya-brule-cabernet-sauvignon-polusladkoe-krasnoe-kaberne-sovinon-125-0001,fanagoriya-brule-cabernet-sauvignon-polusladkoe-krasnoe-kaberne-sovinon-125,fanagoriya_brule_cabernet_sauvignon_polusladkoe_krasnoe_kaberne_sovinon_125_da8519f333.webp,studio_front,84c63e6921563487fb696e82ee13677787dd73573f335c11f16c8d7d5a560b73,strapi,,none,0
fanagoriya-brule-cuve-brut-rozovoe-merlo-igristoe-bryut-rozovoe-12-0001,fanagoriya-brule-cuve-brut-rozovoe-merlo-igristoe-bryut-rozovoe-12,fanagoriya_brule_cuve_brut_rozovoe_merlo_igristoe_bryut_rozovoe_12_af9727f341.webp,studio_front,1debbc29e52e66d34bfd4fc710cf4323306265e222c3e414a4a430791fe3bc25,strapi,,none,0
fanagoriya-brule-frizzante-brut-beloe-pino-nuar-bryut-115-0001,fanagoriya-brule-frizzante-brut-beloe-pino-nuar-bryut-115,fanagoriya_brule_frizzante_brut_beloe_pino_nuar_bryut_115_b4234dae19.webp,studio_front,49e83981e6d5e8670c5d65d776274f9722246999f60c7d67c0cd96a7de5ab3b3,strapi,,none,0
fanagoriya-brule-frizzante-brut-rozovoe-merlo-igristoe-bryut-rozovoe-115-0001,fanagoriya-brule-frizzante-brut-rozovoe-merlo-igristoe-bryut-rozovoe-115,fanagoriya_brule_frizzante_brut_rozovoe_merlo_igristoe_bryut_rozovoe_115_84079e9350.webp,studio_front,3c20c32450df293fe7749f43cc6af6159e56ea60d14b4ee09c377eeedf26e28f,strapi,,none,0
fanagoriya-brule-frizzante-polusladkoe-beloe-pino-nuar-11-0001,fanagoriya-brule-frizzante-polusladkoe-beloe-pino-nuar-11,fanagoriya_brule_frizzante_polusladkoe_beloe_pino_nuar_11_ddb87e2e2b.webp,studio_front,1ae2daeeea36c33ecaf857bbb6f79d7c9cb5cabf8c0c3ab42ef7ca3499a21c0c,strapi,,none,0
fanagoriya-brule-muscat-ottonel-brut-muskat-ottonel-beloe-polusladkoe-12-0001,fanagoriya-brule-muscat-ottonel-brut-muskat-ottonel-beloe-polusladkoe-12,fanagoriya_brule_muscat_ottonel_brut_muskat_ottonel_beloe_polusladkoe_12_cdfd9c20be.webp,studio_front,5e04b746526a961a48401953df6bba160c02d1a918397b35f2d22f5f6cfbef27,strapi,,none,0
fanagoriya-brule-muscat-ottonel-polusladkoe-muskat-ottonel-beloe-115-0001,fanagoriya-brule-muscat-ottonel-polusladkoe-muskat-ottonel-beloe-115,fanagoriya_brule_muscat_ottonel_polusladkoe_muskat_ottonel_beloe_115_833e252321.webp,studio_front,b560b819222914c932eed9160b4ab0381a35b7a6ff8998f9c873c001cc738012,strapi,,none,0
fanagoriya-brule-saperavi-saperavi-igristoe-sladkoe-krasnoe-bryut-125-0001,fanagoriya-brule-saperavi-saperavi-igristoe-sladkoe-krasnoe-bryut-125,fanagoriya_brule_saperavi_saperavi_igristoe_sladkoe_krasnoe_bryut_125_433b942aaa.webp,studio_front,332fec3097a1d9a5c87b5c3cc52474d57fa1e044e4000a7e36cb262b021a71fc,strapi,,none,0
fanagoriya-brule-sauvignon-blanc-brut-sovinon-blan-beloe-bryut-12-0001,fanagoriya-brule-sauvignon-blanc-brut-sovinon-blan-beloe-bryut-12,fanagoriya_brule_sauvignon_blanc_brut_sovinon_blan_beloe_bryut_12_27b65a0309.webp,studio_front,7d6dc1b987bea792489bbb472cda51014a8a8b67a5cf68cac2a8030ed9104ed0,strapi,,none,0
esse-brut-cuvee-prestige-shardone-beloe-ekstra-bryut-115-0001,esse-brut-cuvee-prestige-shardone-beloe-ekstra-bryut-115,esse_brut_cuvee_prestige_shardone_igristoe_ekstra_bryut_beloe_115_8e21ee1279.webp,studio_front,a662e5adbb804fb2dda2c5aeaf9560dd5cd99ed6082f6ae7b4df9ad3041e620b,strapi,,none,0
abrau-dyurso-brut-dor-blanc-de-blancs-shardone-beloe-bryut-12-0001,abrau-dyurso-brut-dor-blanc-de-blancs-shardone-beloe-bryut-12,abrau_dyurso_brut_dor_blanc_de_blancs_shardone_igristoe_bryut_beloe_12_792f571be3.webp,studio_front,1826dd1e4271ac6494aa22f5259aa8e95137d5e1148486bfd64f56317b2c9186,strapi,,none,0
abrau-dyurso-brut-dor-blanc-de-noirs-pino-nuar-beloe-bryut-115-0001,abrau-dyurso-brut-dor-blanc-de-noirs-pino-nuar-beloe-bryut-115,abrau_dyurso_brut_dor_blanc_de_noirs_pino_nuar_igristoe_bryut_beloe_115_d3fbb6965d.webp,studio_front,041cdd5f72e1dc8d8196c309ce67588b1a14c0255b1e7138086669baf1d560ee,strapi,,none,0
abrau-dyurso-brut-dor-blanc-de-noirs-pino-nuar-beloe-bryut-125-0001,abrau-dyurso-brut-dor-blanc-de-noirs-pino-nuar-beloe-bryut-125,abrau_dyurso_brut_dor_blanc_de_noirs_pino_nuar_beloe_bryut_125_2d16522a48.webp,studio_front,7808b566de84c023474997d5d7eebb2b26a7da252de27cba40f1644a7ac6fd66,strapi,,none,0
abrau-dyurso-brut-dor-rose-pino-nuar-rozovoe-bryut-12-0001,abrau-dyurso-brut-dor-rose-pino-nuar-rozovoe-bryut-12,abrau_dyurso_brut_dor_rose_pino_nuar_rozovoe_bryut_12_8b5bd155e6.webp,studio_front,6fb202135e522cccff577c4d06bcb139067a5cd2d83e5595ee77e3e8c6f1bb45,strapi,,none,0
abrau-dyurso-brut-dor-blanc-de-blancs-shardone-beloe-bryut-125-0001,abrau-dyurso-brut-dor-blanc-de-blancs-shardone-beloe-bryut-125,abrau_dyurso_brut_dor_blanc_de_blancs_shardone_beloe_bryut_125_cf97076f41.webp,studio_front,ac2c817a2b270c073d088c15508e5ce4a29ee8aa2b91a7019097dc38da1a2563,strapi,,none,0
abrau-dyurso-brut-dor-riesling-risling-beloe-bryut-12-0001,abrau-dyurso-brut-dor-riesling-risling-beloe-bryut-12,abrau_dyurso_brut_dor_riesling_risling_beloe_bryut_12_45b9c81ea5.webp,studio_front,4213368bd1918be1a1ce07eea113ea7d0ba1ef8de46f2ab71365d30dfc4e0a61,strapi,,none,0
esse-brut-zero-dosage-shardone-beloe-ekstra-bryut-135-0001,esse-brut-zero-dosage-shardone-beloe-ekstra-bryut-135,esse_brut_zero_dosage_shardone_igristoe_ekstra_bryut_beloe_135_b40ec10218.webp,studio_front,74e5f83d1e4bbeab8a863ccf1bda193b65b754a52f0964ef4b2a13382be06572,strapi,,none,0
esse-brut-zero-dosage-shardone-beloe-ekstra-bryut-12-0001,esse-brut-zero-dosage-shardone-beloe-ekstra-bryut-12,esse_brut_zero_dosage_shardone_igristoe_ekstra_bryut_beloe_12_23c5b934ee.webp,studio_front,d924f4cabdf59a65e81b6d78f85f38ded1e5d7f017cd866c71b113f37c6fab83,strapi,,none,0
vibes-cabernet-franc-pinot-noir-pino-nuar-krasnoe-suhoe-125-0001,vibes-cabernet-franc-pinot-noir-pino-nuar-krasnoe-suhoe-125,vibes_cabernet_franc_pinot_noir_pino_nuar_krasnoe_suhoe_125_b1f64fe49e.webp,studio_front,43036791ac85ee419176327ba74226b3bd0da6a0b040a6f480676b37ac270d39,strapi,,none,0
belmas-winery-cabernet-franc-belmas-kaberne-fran-krasnoe-suhoe-14-0001,belmas-winery-cabernet-franc-belmas-kaberne-fran-krasnoe-suhoe-14,belmas_winery_cabernet_franc_belmas_kaberne_fran_krasnoe_suhoe_14_ce15b611a1.webp,studio_front,003876481282166e2be1b47ff51182b9d6f5196db7fe798242d0e308847e24fd,strapi,,none,0
chteau-le-grand-vostock-cabernet-franc-reserve-kaberne-fran-krasnoe-suhoe-14-0001,chteau-le-grand-vostock-cabernet-franc-reserve-kaberne-fran-krasnoe-suhoe-14,chteau_le_grand_vostock_cabernet_franc_reserve_kaberne_fran_krasnoe_suhoe_14_dc58d3d0de.webp,studio_front,df1e5419e57331014853b41dea8e1833198e7cc3da46c189cd155dc330ede56b,strapi,,none,0
chteau-le-grand-vostock-cabernet-sauvignon-kaberne-sovinon-krasnoe-suhoe-14-0001,chteau-le-grand-vostock-cabernet-sauvignon-kaberne-sovinon-krasnoe-suhoe-14,chteau_le_grand_vostock_cabernet_sauvignon_kaberne_sovinon_krasnoe_suhoe_14_1006ebb20a.webp,studio_front,b988132680be46444da7dbf851bff6c8553ebaa4717c665c2626e78863481a5a,strapi,,none,0
chteau-le-grand-vostock-cabernet-sauvignon-reserve-kaberne-sovinon-krasnoe-suhoe-14-0001,chteau-le-grand-vostock-cabernet-sauvignon-reserve-kaberne-sovinon-krasnoe-suhoe-14,chteau_le_grand_vostock_cabernet_sauvignon_reserve_kaberne_sovinon_krasnoe_suhoe_14_f13c051af7.webp,studio_front,91b5976441d3433d1581c53ed3a80948b1696768d1949e1d6b8456b1d43288dc,strapi,,none,0
belmas-winery-cabernet-sauvignon-rose-belmas-kaberne-sovinon-rozovoe-suhoe-13-0001,belmas-winery-cabernet-sauvignon-rose-belmas-kaberne-sovinon-rozovoe-suhoe-13,belmas_winery_cabernet_sauvignon_rose_belmas_kaberne_sovinon_rozovoe_suhoe_13_d837f5aa21.webp,studio_front,68fb8f41b9878587f2341601fce7942ca94342633900f3f7bc518d8b3e800fa4,strapi,,none,0
chteau-le-grand-vostock-cadet-karsov-shardone-beloe-suhoe-135-0001,chteau-le-grand-vostock-cadet-karsov-shardone-beloe-suhoe-135,chteau_le_grand_vostock_cadet_karsov_shardone_beloe_suhoe_135_e1a7aa1ea3.webp,studio_front,6194217b05216510a739d51f31a60b8028de39467d124623774b0513c4152d64,strapi,,none,0
cantiani-cabernet-sauvignon-reserve-2024-0001,cantiani-cabernet-sauvignon-reserve-2024,Cantiani_Reserve_1_e1bd881754.webp,studio_front,faf835355502b34d69f59debb65249007313844845415852534f4b89a91ee359,strapi,,none,0
cantiani-merlot-0001,cantiani-merlot,Cantiani_Merlot_vid_042024_189cdd1f9c.webp,studio_front,577d0a34d94375fcf8f8ad2165c827de6f6905a8ea0b8553388f2e8c1df5d934,strapi,,none,0
cantiani-saperavi-merlot-0001,cantiani-saperavi-merlot,Image_ad611828e7.webp,studio_front,0a7f4f1baef108ae35ca40cf375e4354c0c21925eaadaf9de52fb4f4bf932fec,strapi,,none,0
caucasian-dzharag-0001,caucasian-dzharag,Caucasian_Dzharag_300681b16f.webp,studio_front,5f600c9e1136bcd3d55a71cd5a52880c921c132d59c17853811bb37296370869,strapi,,none,0
belmas-winery-cf-kaberne-fran-krasnoe-suhoe-14-0001,belmas-winery-cf-kaberne-fran-krasnoe-suhoe-14,belmas_winery_cf_kaberne_fran_krasnoe_suhoe_14_b3b0ea3baf.webp,studio_front,6831e7c9f7e267e0e1e5f1053de0df8748b15ac9c9a7b74c53310009f7178a61,strapi,,none,0
chteau-le-grand-vostock-chardonnay-shardone-beloe-suhoe-14-0001,chteau-le-grand-vostock-chardonnay-shardone-beloe-suhoe-14,chteau_le_grand_vostock_chardonnay_shardone_beloe_suhoe_14_42eb2dde28.webp,studio_front,d31fa49b666d0226d368fbc74678b4b76eb89a732bde9af3f82a49183ed36a66,strapi,,none,0
gavras-chardonnay-shardone-beloe-suhoe-13-0001,gavras-chardonnay-shardone-beloe-suhoe-13,gavras_chardonnay_shardone_beloe_suhoe_13_c69d79ea2c.webp,studio_front,e7bd61543013c33b49c38f3f004f7f26393ba4e05693db3e8628a413a000ab82,strapi,,none,0
vibes-chardonnay-barrel-fermented-shardone-beloe-suhoe-125-0001,vibes-chardonnay-barrel-fermented-shardone-beloe-suhoe-125,vibes_chardonnay_barrel_fermented_shardone_beloe_suhoe_125_8a3b995072.webp,studio_front,0aed787323bd5a0dc855d830ad4fc755eb99a1c78237b7bcc28fcc216d44c1f0,strapi,,none,0
chteau-le-grand-vostock-chardonnay-reserve-shardone-beloe-suhoe-14-0001,chteau-le-grand-vostock-chardonnay-reserve-shardone-beloe-suhoe-14,chteau_le_grand_vostock_chardonnay_reserve_shardone_beloe_suhoe_14_ba03055c10.webp,studio_front,99ff85aec674a375af74b95ea5126b7f7194e73c9ac1b5acb59a554530363c05,strapi,,none,0
stn-winery-chardonnay-vol2-shardone-beloe-suhoe-105-0001,stn-winery-chardonnay-vol2-shardone-beloe-suhoe-105,stn_winery_chardonnay_vol2_shardone_beloe_suhoe_105_67d76e98d6.webp,studio_front,6ef055a516c638135070d122016d3c19dcb28d315248bf02a669c5d627e8dffb,strapi,,none,0
chateau-tamagne-select-blanc-0001,chateau-tamagne-select-blanc,photo_2026_08_17_17_13_05_no_bg_preview_carve_photos_68c4ef07cb.webp,studio_front,2e3748226c986a57b3ff44675e90278da45a6e7c42615616e85617a2c1145388,strapi,,none,0
esse-chenin-blanc-shenen-blan-beloe-suhoe-12-0001,esse-chenin-blanc-shenen-blan-beloe-suhoe-12,esse_chenin_blanc_shenen_blan_beloe_suhoe_12_d814751e86.webp,studio_front,a288088c532a251ee4800e1f0a20b3b67e4d666341a3211fc6f04d7ea0c49a95,strapi,,none,0
chenin-blanc-shenen-blan-oleg-repin-0001,chenin-blanc-shenen-blan-oleg-repin,oleg_repin_shenen_blan_beloe_suhoe_125_668dadcd2b.webp,studio_front,f994649197651e5027d4d105491e75200fb63ecfe5a0c486cd30146cb2d4420b,strapi,,none,0
fanagoriya-cru-lermont-cabernet-franc-kaberne-fran-krasnoe-suhoe-13-0001,fanagoriya-cru-lermont-cabernet-franc-kaberne-fran-krasnoe-suhoe-13,fanagoriya_cru_lermont_cabernet_franc_kaberne_fran_krasnoe_suhoe_13_ef61ceeb84.webp,studio_front,4feff0ceef5b578c9d0b4bf3549a4476792197c53d44452c133c923ee7a3d820,strapi,,none,0
fanagoriya-cru-lermont-cabernet-sauvignon-kaberne-sovinon-krasnoe-suhoe-13-0001,fanagoriya-cru-lermont-cabernet-sauvignon-kaberne-sovinon-krasnoe-suhoe-13,fanagoriya_cru_lermont_cabernet_sauvignon_kaberne_sovinon_krasnoe_suhoe_13_a5a169ea47.webp,studio_front,5121f4ed476cba494a9eb2053cdade97811562b0e21407ce4ea84f6efa7b2328,strapi,,none,0
fanagoriya-cru-lermont-chardonnay-shardone-beloe-suhoe-14-0001,fanagoriya-cru-lermont-chardonnay-shardone-beloe-suhoe-14,fanagoriya_cru_lermont_chardonnay_shardone_beloe_suhoe_14_435c653682.webp,studio_front,d2a824bfdda160d09bc85b9b2517c6ee534c07361cb6d7e5c2db88866c5a1b18,strapi,,none,0
fanagoriya-cru-lermont-merlo-merlo-krasnoe-suhoe-14-0001,fanagoriya-cru-lermont-merlo-merlo-krasnoe-suhoe-14,fanagoriya_cru_lermont_merlo_merlo_krasnoe_suhoe_14_15ccd6560f.webp,studio_front,08daa12e3051231575a260967a0128d130cc80f76b9d716d534da67c4a29580b,strapi,,none,0
fanagoriya-cru-lermont-petit-verdot-pti-verdo-krasnoe-suhoe-13-0001,fanagoriya-cru-lermont-petit-verdot-pti-verdo-krasnoe-suhoe-13,fanagoriya_cru_lermont_petit_verdot_pti_verdo_krasnoe_suhoe_13_83618460e6.webp,studio_front,fd8d8953b6c7319e88904704789d4fe667c083bd2d2a7e2f953581e3eeeeead9,strapi,,none,0
fanagoriya-cru-lermont-pinot-noir-pino-nuar-krasnoe-suhoe-13-0001,fanagoriya-cru-lermont-pinot-noir-pino-nuar-krasnoe-suhoe-13,fanagoriya_cru_lermont_pinot_noir_pino_nuar_krasnoe_suhoe_13_b8a0b0efab.webp,studio_front,9b596bc37080eaf10e50f47ba94c72ae3017b521489590e31b6bac55aaf67cf5,strapi,,none,0
fanagoriya-cru-lermont-saperavi-saperavi-krasnoe-suhoe-135-0001,fanagoriya-cru-lermont-saperavi-saperavi-krasnoe-suhoe-135,fanagoriya_cru_lermont_saperavi_saperavi_krasnoe_suhoe_135_d3b22976a5.webp,studio_front,9b158dbba5b9eb0aeb26c504d6361c93d0f3a26eca3c93d5236e046e653507a5,strapi,,none,0
fanagoriya-cru-lermont-rubinovyy-magaracha-krasnoe-suhoe-13-0001,fanagoriya-cru-lermont-rubinovyy-magaracha-krasnoe-suhoe-13,fanagoriya_cru_lermont_rubinovyy_magaracha_krasnoe_suhoe_13_7011e81450.webp,studio_front,a1d72344a4fbe6d5506d63ee26806024dfbf5e46cadea783b8bcc72618e05b10,strapi,,none,0
zolotaya-balka-cuvee-de-vitmer-rose-pino-blan-rozovoe-bryut-12-0001,zolotaya-balka-cuvee-de-vitmer-rose-pino-blan-rozovoe-bryut-12,zolotaya_balka_cuvee_de_vitmer_rose_pino_blan_igristoe_bryut_rozovoe_12_5b002e17b2.webp,studio_front,22f05729b89c95e416b1d01b9ee970f5c389eb89beffea7f8a36e2cf12f6c9ea,strapi,,none,0
chteau-le-grand-vostock-cuvee-karsov-reserve-shardone-beloe-suhoe-14-0001,chteau-le-grand-vostock-cuvee-karsov-reserve-shardone-beloe-suhoe-14,chteau_le_grand_vostock_cuvee_karsov_reserve_shardone_beloe_suhoe_14_d5479420dd.webp,studio_front,86dbaf08ad251bdfd0488ac31dcf1135cd962adaf38000bdc3c948a143fd6a01,strapi,,none,0
agora-winery-cuvee-pino-gridzhio-shardone-bryut-beloe-125-0001,agora-winery-cuvee-pino-gridzhio-shardone-bryut-beloe-125,agora_winery_cuvee_pino_gridzhio_shardone_bryut_beloe_igristoe_bryut_beloe_125_16b20c89df.webp,studio_front,1b50fb21be76b3d50ac93b6e128aba9c1d9143ffb9b73547853be5f7112094cd,strapi,,none,0
agora-winery-cuvee-pino-nuar-shardone-bryut-rozovoe-125-0001,agora-winery-cuvee-pino-nuar-shardone-bryut-rozovoe-125,agora_winery_cuvee_pino_nuar_shardone_bryut_rozovoe_igristoe_bryut_rozovoe_125_c2b30c8f55.webp,studio_front,ac5b8a34a424d58a6377b7d3797e12b3a741f2f0494bc55f84a71950f583edc7,strapi,,none,0
stn-winery-cyberpunk-pino-nuar-krasnoe-suhoe-12-0001,stn-winery-cyberpunk-pino-nuar-krasnoe-suhoe-12,stn_winery_cyberpunk_pino_nuar_krasnoe_suhoe_12_97a68d8880.webp,studio_front,ca84ec4de671751cd004c4dd1a117b8de506ab3ec6b2ebcfb07564574c883cf6,strapi,,none,0
daniel-2021-0001,daniel-2021,daniel_21_5adfb4086e.webp,studio_front,d298ced90097aaca51d7506d4591d571797981c010941a6d41a179c432ecbc7f,strapi,,none,0
david-0001,david,David_2020_71f53fa374.webp,studio_front,e34ec5242baccb4685e1c9aa3b7af9c175017673c7143f4a454132fd60fd149c,strapi,,none,0
david-2021-0001,david-2021,David_2021_65162f7033.webp,studio_front,46c78c9af5de6c7f53302f0504bfa1805f399be82b50ffff37adaabc7a2fbb71,strapi,,none,0
david-2022-0001,david-2022,David_22_b6377f7280.webp,studio_front,d839be2c99882a4534263f43227c3cfe361cee9af0712126a11e6973d6ca5b91,strapi,,none,0
esse-dolinnoe-cabernet-franc-kaberne-fran-krasnoe-suhoe-13-0001,esse-dolinnoe-cabernet-franc-kaberne-fran-krasnoe-suhoe-13,esse_dolinnoe_cabernet_franc_kaberne_fran_krasnoe_suhoe_13_0390d0284a.webp,studio_front,65524ee85b9b7ccbddbe3e7d93985d1a4b07390aa1f519cba199ed9b3f859a22,strapi,,none,0
esse-dolinnoe-chrdvnr-shardone-beloe-suhoe-13-0001,esse-dolinnoe-chrdvnr-shardone-beloe-suhoe-13,esse_dolinnoe_chrdvnr_shardone_beloe_suhoe_13_f8c0b600ad.webp,studio_front,fcb98984103cdb18d92e059689fde82f05f9cabbfe13f11f614f069d8906ae64,strapi,,none,0
dry-red-wine-56-rubinovyj-magaracha-oleg-repin-0001,dry-red-wine-56-rubinovyj-magaracha-oleg-repin,oleg_repin_rubinovyy_magaracha_krasnoe_suhoe_14_546920a1a5.webp,studio_front,cb1be72f0d36be60e2787bc4275dd72b2db6ac9831bf3c8be34dc7b49f366743,strapi,,none,0
oleg-repin-duvankoy-aligote-aligote-beloe-suhoe-13-0001,oleg-repin-duvankoy-aligote-aligote-beloe-suhoe-13,oleg_repin_duvankoy_aligote_aligote_beloe_suhoe_13_58838be609.webp,studio_front,e5dfc634295f87a639fe5b2eed9e5eb0291575148461be7ad2affa56c0122cc4,strapi,,none,0
usadba-divnomorskoe-east-hill-vione-beloe-suhoe-127-0001,usadba-divnomorskoe-east-hill-vione-beloe-suhoe-127,usadba_divnomorskoe_east_hill_vione_beloe_suhoe_127_870fb1499b.webp,studio_front,e37a4afad2ef94152d8868b6b81b6b5b20344876b3b633f8b1463841e2269b8f,strapi,,none,0
vinogradniki-gay-kodzora-elegance-rose-de-gai-kodzor-sira-rozovoe-suhoe-125-0001,vinogradniki-gay-kodzora-elegance-rose-de-gai-kodzor-sira-rozovoe-suhoe-125,vinogradniki_gay_kodzora_elegance_rose_de_gai_kodzor_sira_rozovoe_suhoe_125_5f5dbbbf70.webp,studio_front,ec224fb97f20a64eed68242f29da3ccd8ed7cfc49bd7fd0cb552c66e397d8926,strapi,,none,0
eleonora-0001,eleonora,Eleonora_0e3c405b09.webp,studio_front,e55f97cecc36530a49e880c028c90ca69b847eb1057b1ab6a183b8013d90413d,strapi,,none,0
villa-di-alma-en-barrique-shardone-beloe-ekstra-bryut-12-0001,villa-di-alma-en-barrique-shardone-beloe-ekstra-bryut-12,villa_di_alma_en_barrique_shardone_igristoe_ekstra_bryut_beloe_12_1fa106eafd.webp,studio_front,1da28ae7fd4e448ba66b5ece9d556dd6520d0d1f8161563283f24b531605859b,strapi,,none,0
esse-esse-grand-cuvee-60-shardone-beloe-ekstra-bryut-115-0001,esse-esse-grand-cuvee-60-shardone-beloe-ekstra-bryut-115,esse_esse_grand_cuvee_60_shardone_igristoe_ekstra_bryut_beloe_115_20c6d7a318.webp,studio_front,0c4008c80e9975705b1a08636fe079b7377d485f84ead34109db7c4526489aa9,strapi,,none,0
esse-esse-millesime-brut-zero-dosage-shardone-beloe-ekstra-bryut-115-0001,esse-esse-millesime-brut-zero-dosage-shardone-beloe-ekstra-bryut-115,esse_esse_millesime_brut_zero_dosage_shardone_igristoe_ekstra_bryut_beloe_115_0cfef302b3.webp,studio_front,da31031894e68f71a1038931e0c0c3e9a7e694aa9fb69a978cd243cc19f33440,strapi,,none,0
esse-esse-rose-zero-dosage-shardone-rozovoe-ekstra-bryut-115-0001,esse-esse-rose-zero-dosage-shardone-rozovoe-ekstra-bryut-115,esse_esse_rose_zero_dosage_shardone_igristoe_ekstra_bryut_rozovoe_115_24439839bf.webp,studio_front,56721c667f9b8ecbca81fa82bd01978a133ad26b4ae85a9d54bae55e55a394ac,strapi,,none,0
esse-esse-sira-krasnoe-suhoe-12-0001,esse-esse-sira-krasnoe-suhoe-12,esse_esse_sira_krasnoe_suhoe_12_d542214070.webp,studio_front,a8f197bab0658669d0c39b3327864ebe37d1a972067ff4d58c03c6f0668f59e8,strapi,,none,0
esse-esse-shardone-beloe-suhoe-125-0001,esse-esse-shardone-beloe-suhoe-125,esse_esse_shardone_beloe_suhoe_125_a64096d1a1.webp,studio_front,5c19f3ebaeef6bc34be3eae2edc3d0cf5809b77ec1e10b7a15e2b0104dd49034,strapi,,none,0
aya-organic-wine-vineyards-evolution-chardonnay-shardone-beloe-suhoe-124-0001,aya-organic-wine-vineyards-evolution-chardonnay-shardone-beloe-suhoe-124,aya_organic_wine_vineyards_evolution_chardonnay_shardone_beloe_suhoe_124_e03dd6e444.webp,studio_front,82474d1a13be68d2832ce8fe90bbd129f95a26f4760c05804dc4faa6b141e8ed,strapi,,none,0
evolution-pinot-noir-0001,evolution-pinot-noir,evolution_rose_pinot_noir_2024_c3fc4a172a.webp,studio_front,0071aa26afd7cece8458632834d4c623e577b75dcd5f9558d36142305348ff5a,strapi,,none,0
aya-organic-wine-vineyards-evolution-pinot-noir-pino-nuar-krasnoe-suhoe-125-0001,aya-organic-wine-vineyards-evolution-pinot-noir-pino-nuar-krasnoe-suhoe-125,aya_organic_wine_vineyards_evolution_pinot_noir_pino_nuar_krasnoe_suhoe_125_b0f9aa751e.webp,studio_front,a0b1620781d26e8bf97bb24c3687a682e8cde281e7cabf48c732e430d555dc66,strapi,,none,0
shato-pino-exclusive-vione-risling-beloe-suhoe-115-0001,shato-pino-exclusive-vione-risling-beloe-suhoe-115,shato_pino_vione_risling_beloe_suhoe_115_00ae6e439c.webp,studio_front,d5ab9049bc522016cfd669dc1f97358430147ea070d87c498a6e17e8b22c47a6,strapi,,none,0
shato-pino-exclusive-kaberne-sovinon-shiraz-krasnoe-suhoe-135-0001,shato-pino-exclusive-kaberne-sovinon-shiraz-krasnoe-suhoe-135,shato_pino_kaberne_sovinon_shiraz_krasnoe_suhoe_135_943e3e76b8.webp,studio_front,403cdbb3dde3b721556b4f854cfb6b38a9bf10aaf0fed6efe7b7eb1afebea823,strapi,,none,0
shato-pino-exclusive-pino-nuar-merlo-krasnoe-suhoe-135-0001,shato-pino-exclusive-pino-nuar-merlo-krasnoe-suhoe-135,shato_pino_pino_nuarmerlo_krasnoe_suhoe_135_976c341758.webp,studio_front,c581d9de28c9e3fde123bf42654197b30df9a47ea757890893a03af90050dc2e,strapi,,none,0
shato-pino-exclusive-shardone-pino-gri-beloe-suhoe-125-0001,shato-pino-exclusive-shardone-pino-gri-beloe-suhoe-125,shato_pino_shardone_pino_gri_beloe_suhoe_125_2bbaea4aa5.webp,studio_front,9b8621e0a94b9ddda9c9266378f5420142deca014faad2a788e519b1d5147747,strapi,,none,0
chteau-le-grand-vostock-fagotine-pino-gri-beloe-polusladkoe-105-0001,chteau-le-grand-vostock-fagotine-pino-gri-beloe-polusladkoe-105,chteau_le_grand_vostock_fagotine_pino_gri_beloe_polusladkoe_105_03a77419a2.webp,studio_front,eaa833aea4d7609c65bf4d4cbbd2497666796a9251c505f4ddfad74b374b77f2,strapi,,none,0
chteau-le-grand-vostock-fagotine-pino-gri-rozovoe-polusladkoe-11-0001,chteau-le-grand-vostock-fagotine-pino-gri-rozovoe-polusladkoe-11,chteau_le_grand_vostock_fagotine_pino_gri_rozovoe_polusladkoe_11_674bd59659.webp,studio_front,53801231f4b556a257a84c816d51e384da8fa178551a15af08d765f61654ae7b,strapi,,none,0
fanagoriya-fanagoria-extra-brut-rose-2019-pino-nuar-igristoe-bryut-rozovoe-ekstra-bryut-12-0001,fanagoriya-fanagoria-extra-brut-rose-2019-pino-nuar-igristoe-bryut-rozovoe-ekstra-bryut-12,fanagoriya_fanagoria_extra_brut_rose_2019_pino_nuar_igristoe_bryut_rozovoe_ekstra_bryut_12_aef88041a9.webp,studio_front,d955b2eb7d15f645373a0a4454a27a80f8e4ab2889c6727e504e89266e755c15,strapi,,none,0
abrau-dyurso-femme-dabrau-amurskiy-potapenko-krasnoe-suhoe-107-0001,abrau-dyurso-femme-dabrau-amurskiy-potapenko-krasnoe-suhoe-107,abrau_dyurso_femme_dabrau_amurskiy_potapenko_krasnoe_suhoe_107_d599cb8a22.webp,studio_front,a2cbcd83cde3d3e464d6a98deeb9a6f13c1790572b66a72f5deac6b15f112f46,strapi,,none,0
vinodelnya-myshako-flute-blaufrankish-rozovoe-bryut-126-0001,vinodelnya-myshako-flute-blaufrankish-rozovoe-bryut-126,vinodelnya_myshako_flute_blaufrankish_igristoe_bryut_rozovoe_126_131ed09b46.webp,studio_front,7aabcd4ba260d93e726f1827ec241f2334ac406fdd857247ae8e74394c3c41da,strapi,,none,0
vinodelnya-myshako-flute-bryut-beloe-shardone-11-0001,vinodelnya-myshako-flute-bryut-beloe-shardone-11,vinodelnya_myshako_flute_bryut_beloe_shardone_igristoe_bryut_beloe_11_ddbe12b9ec.webp,studio_front,8335f54c74918450ce4b7c46b7f007b05ee9af22dfd411ab7072d589ab6a8193,strapi,,none,0
vinodelnya-myshako-flute-vione-aligote-beloe-bryut-12-0001,vinodelnya-myshako-flute-vione-aligote-beloe-bryut-12,vinodelnya_myshako_flute_vione_aligote_igristoe_bryut_beloe_12_84a5f5532f.webp,studio_front,32e0d67bc4df51410ae09264e941e1dbf1960872641fe16c3b47b499b843a610,strapi,,none,0
vinodelnya-myshako-flute-gevyurtstraminer-sovinon-blan-beloe-bryut-122-0001,vinodelnya-myshako-flute-gevyurtstraminer-sovinon-blan-beloe-bryut-122,vinodelnya_myshako_flute_gevyurtstraminer_sovinon_blan_igristoe_bryut_beloe_122_9d73a2d644.webp,studio_front,6ff6f30c06ee48503eec97900140fce28655719d013e6d57682a1b9590718740,strapi,,none,0
fanagoriya-formula-q-saperavi-krasnoe-suhoe-135-0001,fanagoriya-formula-q-saperavi-krasnoe-suhoe-135,fanagoriya_formula_q_saperavi_krasnoe_suhoe_135_3ac72505f2.webp,studio_front,b6108eda9479e56f0c5a6f97bb687dc2f1584c8d1f06d4586da001bc7df267ca,strapi,,none,0
vinogradniki-gay-kodzora-gewurztraminer-de-gai-kodzor-gevyurtstraminer-beloe-polusuhoe-135-0001,vinogradniki-gay-kodzora-gewurztraminer-de-gai-kodzor-gevyurtstraminer-beloe-polusuhoe-135,vinogradniki_gay_kodzora_gewurztraminer_de_gai_kodzor_gevyurtstraminer_beloe_polusuhoe_135_2e99cb319b.webp,studio_front,6e48bafa3de9fccc1ec8b5ad44a755aa9c3774aa4624d1b812df3466d68ebe3f,strapi,,none,0
glu-glu-butch-0001,glu-glu-butch,Glu_Glu_Butch_16c03662bc.webp,studio_front,777d2ad35e0a50b8566ab6a4d2a1d6ca5f6b71ea0e19a9d774b3b80fffc98999,strapi,,none,0
glu-glu-mr-mouse-2022-0001,glu-glu-mr-mouse-2022,glu_glu_mouse_3ef17a8f95.webp,studio_front,be2c42469abed5cdf50415624dc00f36d0366d8e953319093a9732f5cd3083db,strapi,,none,0
glu-glu-samba-0001,glu-glu-samba,Glu_Glu_Samba_tif_1e45185066.webp,studio_front,96a604aff9697e8d06650541db684b948b42928d4e45c5123f08cf6d1f20031d,strapi,,none,0
golubitskoe-rose-0001,golubitskoe-rose,Golubitskoe_Estate_Rose_84adcc1cea.webp,studio_front,919d2e4f79dc571e9da967523d052ab43babc76ee8e79b78508afde7fa0ee495,strapi,,none,0
good-steak-cabernet-0001,good-steak-cabernet,Good_Steak_Cabernet_d88ef34cad.webp,studio_front,f243ffc630a2602d44b2ec2208f990424a5f12c49726215c686ea0d6275402ab,strapi,,none,0
good-steak-merlot-0001,good-steak-merlot,Good_Steak_Merlot_2fe4acd615.webp,studio_front,6a2d00cc77853892ffd115c23dbd519896c4d502feb9b4a27a18a458e6cbe36d,strapi,,none,0
grand-jete-blanc-de-noirs-0001,grand-jete-blanc-de-noirs,output_img_022_62bebb88f8.webp,studio_front,a1cab3fcd095606576cc5ec688b057f6fc292af9a7cc04ed94fbfbd9e65cbd25,strapi,,none,0
grand-jete-rose-0001,grand-jete-rose,output_img_024_4a97c5528e.webp,studio_front,f82e636c45bb31ca9947c76a2000d87f9d614578579801613a297cc4c048cf2e,strapi,,none,0
chteau-le-grand-vostock-grand-karsov-shardone-beloe-suhoe-14-0001,chteau-le-grand-vostock-grand-karsov-shardone-beloe-suhoe-14,chteau_le_grand_vostock_grand_karsov_shardone_beloe_suhoe_14_89c8c2d86d.webp,studio_front,ddb46c9e81cac0431f1f982a1cbe597d5dbf71507d7d7567803dda60a9da13fb,strapi,,none,0
shato-pino-grand-reserve-cabernet-franc-kaberne-fran-krasnoe-suhoe-135-0001,shato-pino-grand-reserve-cabernet-franc-kaberne-fran-krasnoe-suhoe-135,shato_pino_kaberne_fran_krasnoe_suhoe_135_564b619998.webp,studio_front,b1e16b87f4baf72fcc970522899762d0b85858b98ed5ccee8c651c851983f511,strapi,,none,0
shato-pino-grand-reserve-cabernet-sauvignon-kaberne-sovinon-krasnoe-suhoe-135-0001,shato-pino-grand-reserve-cabernet-sauvignon-kaberne-sovinon-krasnoe-suhoe-135,shato_pino_kaberne_sovinon_krasnoe_suhoe_135_25b56d23d4.webp,studio_front,dac545cb01baaaafffb3e8d10517a914a7a7b30e05bcc443bf79a035bc1d5aa7,strapi,,none,0
shato-pino-grand-reserve-chardonnay-shardone-beloe-suhoe-125-0001,shato-pino-grand-reserve-chardonnay-shardone-beloe-suhoe-125,shato_pino_grand_rezerv_shardone_beloe_suhoe_125_abadfb49a7.webp,studio_front,fe53735201b7b30eb3e3a499fb764e9dcb74e2682c5f17ece17b41016884dc47,strapi,,none,0
shato-pino-grand-reserve-pinot-noir-pino-nuar-krasnoe-suhoe-135-0001,shato-pino-grand-reserve-pinot-noir-pino-nuar-krasnoe-suhoe-135,shato_pino_grand_rezerv_pino_nuar_krasnoe_suhoe_135_705f6fd901.webp,studio_front,af9bcaf5fa7501af3281c980db7be8d76a558321453ada00da2568557476a03b,strapi,,none,0
usadba-divnomorskoe-grande-cuvee-shardone-beloe-bryut-125-0001,usadba-divnomorskoe-grande-cuvee-shardone-beloe-bryut-125,usadba_divnomorskoe_grande_cuvee_shardone_igristoe_bryut_beloe_125_00b1325ee6.webp,studio_front,ed7c368cd654a8b168559bf9d495fb314f3db1b375f7bc8b5ee88472e3856119,strapi,,none,0
usadba-divnomorskoe-grande-rose-pino-nuar-rozovoe-ekstra-bryut-125-0001,usadba-divnomorskoe-grande-rose-pino-nuar-rozovoe-ekstra-bryut-125,usadba_divnomorskoe_grande_rose_pino_nuar_igristoe_ekstra_bryut_rozovoe_125_5c852c8006.webp,studio_front,0718e38307b5d2305ad031a71696833be3f275a778701dd6166d3759c7e86c59,strapi,,none,0
agrolayn-heritage-dg-skin-contact-rkatsiteli-rkatsiteli-beloe-suhoe-12-0001,agrolayn-heritage-dg-skin-contact-rkatsiteli-rkatsiteli-beloe-suhoe-12,agrolayn_heritage_dg_skin_contact_rkatsiteli_rkatsiteli_beloe_suhoe_12_3e44c13a6f.webp,studio_front,69bd6497e8008e00cdf6d3f9d1ed4db319c46fcfcb3c02a443eef27780b7942f,strapi,,none,0
fanagoriya-ice-wine-kaberne-kaberne-sovinon-krasnoe-sladkoe-11-0001,fanagoriya-ice-wine-kaberne-kaberne-sovinon-krasnoe-sladkoe-11,fanagoriya_ice_wine_kaberne_kaberne_sovinon_krasnoe_sladkoe_11_d0c08332e8.webp,studio_front,9ccedcb87b9803180b32f63d314f34e0be2d91affedb526485928163e1fb187d,strapi,,none,0
fanagoriya-ice-wine-merlo-rozovoe-sladkoe-10-0001,fanagoriya-ice-wine-merlo-rozovoe-sladkoe-10,fanagoriya_ice_wine_merlo_rozovoe_sladkoe_10_f04efb1e6f.webp,studio_front,1276ed4fd22bdd3d895d2ede6305ec0f438410962702369ee3da589afafe6f8d,strapi,,none,0
fanagoriya-ice-wine-risling-tihoe-beloe-sladkoe-10-0001,fanagoriya-ice-wine-risling-tihoe-beloe-sladkoe-10,fanagoriya_ice_wine_risling_tihoe_beloe_sladkoe_10_fd6aaba610.webp,studio_front,39e960e67fc4c64b2f946f9db9563b621a48ff160e1ed81353b768ba2f4369d7,strapi,,none,0
fanagoriya-ice-wine-saperavi-tihoe-krasnoe-sladkoe-10-0001,fanagoriya-ice-wine-saperavi-tihoe-krasnoe-sladkoe-10,fanagoriya_ice_wine_saperavi_tihoe_krasnoe_sladkoe_10_9c41c0131c.webp,studio_front,4036b7ca0748063cdec33db79abbee91c8853d77e9053575038b7796ae743a94,strapi,,none,0
vinodelnya-molchanova-ice-wine-tsvetochnyy-beloe-sladkoe-11-0001,vinodelnya-molchanova-ice-wine-tsvetochnyy-beloe-sladkoe-11,vinodelnya_molchanova_ice_wine_tsvetochnyy_beloe_sladkoe_11_b011b225f0.webp,studio_front,05efc6fb2d7f9bca0768bb21478b8b755972f85013a495dd3fd32e7399e82b8a,strapi,,none,0
inkermanskiy-zmv-inkerman-bryut-shardone-beloe-135-0001,inkermanskiy-zmv-inkerman-bryut-shardone-beloe-135,inkermanskiy_zmv_inkerman_bryut_shardone_igristoe_bryut_beloe_135_e40fffb0b1.webp,studio_front,5c7fe319c750a3b6c535ca0f25874cf96065667fd7f7e4a0582a7127e969b74f,strapi,,none,0
inkermanskiy-zmv-inkerman-polusladkoe-roze-aligote-rozovoe-135-0001,inkermanskiy-zmv-inkerman-polusladkoe-roze-aligote-rozovoe-135,inkermanskiy_zmv_inkerman_polusladkoe_roze_aligote_igristoe_polusladkoe_rozovoe_135_1956dabf85.webp,studio_front,a4bd55c5371ad466620a5be9b95d4a20a947e02fdf13731a31956cbf53f6381e,strapi,,none,0
zolotoe-pole-kaffa-vione-beloe-suhoe-13-0001,zolotoe-pole-kaffa-vione-beloe-suhoe-13,zolotoe_pole_kaffa_vione_beloe_suhoe_13_fc7fb280dc.webp,studio_front,1431beaed51d3774e0f1bb570db1bc41aedacf9938187aa5ded24e1d47a24878,strapi,,none,0
zolotoe-pole-kaffa-kaberne-sovinon-krasnoe-suhoe-125-0001,zolotoe-pole-kaffa-kaberne-sovinon-krasnoe-suhoe-125,zolotoe_pole_kaffa_kaberne_sovinon_krasnoe_suhoe_125_8eeb858fc0.webp,studio_front,407d9abdfbf56a21b38d9d5c83e53d8a25e921975ae2b92370644d730413b383,strapi,,none,0
zolotoe-pole-kaffa-kaberne-fran-krasnoe-suhoe-14-0001,zolotoe-pole-kaffa-kaberne-fran-krasnoe-suhoe-14,zolotoe_pole_kaffa_kaberne_fran_krasnoe_suhoe_14_1af04dd482.webp,studio_front,e9a07aaa5427ff26f5b4113523dfed492c8ad74b970181367318500dfaf110c0,strapi,,none,0
zolotoe-pole-kaffa-malbek-krasnoe-suhoe-125-0001,zolotoe-pole-kaffa-malbek-krasnoe-suhoe-125,zolotoe_pole_kaffa_malbek_krasnoe_suhoe_125_59cab68c16.webp,studio_front,8a7fcd62037250a4fd5d47401d4ee6c7552b7ab04220bf939f11cf4bbdbfc6c1,strapi,,none,0
zolotoe-pole-kaffa-moskato-dzhallo-moskato-dzhallo-beloe-suhoe-135-0001,zolotoe-pole-kaffa-moskato-dzhallo-moskato-dzhallo-beloe-suhoe-135,zolotoe_pole_kaffa_moskato_dzhallo_moskato_dzhallo_beloe_suhoe_135_1681d08fcb.webp,studio_front,7e43447b6b0999d422a957680201401cbfb8138adbded8e60b113d7b8387b269,strapi,,none,0
zolotoe-pole-kaffa-saperavi-krasnoe-suhoe-14-0001,zolotoe-pole-kaffa-saperavi-krasnoe-suhoe-14,zolotoe_pole_kaffa_saperavi_krasnoe_suhoe_14_d1fe213221.webp,studio_front,7d2f3319b8169e7fdb591597c9b15d1cba96333b69d69ba46232a4a936df4396,strapi,,none,0
zolotoe-pole-kaffa-shardone-beloe-suhoe-125-0001,zolotoe-pole-kaffa-shardone-beloe-suhoe-125,zolotoe_pole_kaffa_shardone_beloe_suhoe_125_7bb0c3ca2b.webp,studio_front,f054621300aa4ec55dace4f57ce759fc7dda4c06bed6431f67b10dd8a0c9b44f,strapi,,none,0
kaffa-joy-malbec-glu-glu-0001,kaffa-joy-malbec-glu-glu,460110750288_no_bg_preview_carve_photos_613a90613e.webp,studio_front,3325037c0a190662a6f6184bcb9f0e7f85aa0c2cdc8cfef706fe0dba96bc3c82,strapi,,none,0
kaffa-joy-malvasia-0001,kaffa-joy-malvasia,460110750290_no_bg_preview_carve_photos_97c4b5c7e5.webp,studio_front,0729e5c4725d24f9d42497206930b7fa3e3ca465198f9157b55a11309234bf2e,strapi,,none,0
kaffa-joy-merlot-malbec-0001,kaffa-joy-merlot-malbec,460110750289_no_bg_preview_carve_photos_4b52546c83.webp,studio_front,051fef82ebfb891b830f56495ce11b76936451d5b4455aabdddae75dea772325,strapi,,none,0
kaffa-joy-rkatsiteli-0001,kaffa-joy-rkatsiteli,460110750287_no_bg_preview_carve_photos_d9a9b898cd.webp,studio_front,70d42e44a588c8e35feb8343e7051ddfc1286bf202bef2f74aaf1ab11eb29055,strapi,,none,0
katharon-katharon-brut-blanc-de-blan-0001,katharon-katharon-brut-blanc-de-blan,Katharon_Brut_blanc_de_blan_d34e259ca2.webp,studio_front,f0d5c01a0e4329367d2ca36198a0d8266f0b5a12aa6bcf43b75a9504197e545b,strapi,,none,0
vinodelnya-konstantina-dzitoeva-kd-bryut-shardone-beloe-115-0001,vinodelnya-konstantina-dzitoeva-kd-bryut-shardone-beloe-115,vinodelnya_konstantina_dzitoeva_kd_bryut_shardone_igristoe_bryut_beloe_115_6951096ef2.webp,studio_front,22306dfc0266b656758b1e92e1e49f5c1ae00b855baf367ed360825e6534824c,strapi,,none,0
kd-kokur-0001,kd-kokur,photo_2026_08_19_23_47_51_no_bg_preview_carve_photos_4f7d3d0747.webp,studio_front,f111c74c0f0c2467581ff86fd976dcdecbec669c06e5b458ec0c4d49cbbe588a,strapi,,none,0
vinodelnya-konstantina-dzitoeva-kd-rezerv-merlo-krasnoe-suhoe-12-0001,vinodelnya-konstantina-dzitoeva-kd-rezerv-merlo-krasnoe-suhoe-12,vinodelnya_konstantina_dzitoeva_kd_rezerv_merlo_krasnoe_suhoe_vyderzhannoe_12_b66cd45010.webp,studio_front,0b61c9339be5766814eee0873ea4ee6c095015f035a23f6763fd07039004fffc,strapi,,none,0
vinodelnya-konstantina-dzitoeva-kd-shardone-beloe-suhoe-128-0001,vinodelnya-konstantina-dzitoeva-kd-shardone-beloe-suhoe-128,vinodelnya_konstantina_dzitoeva_kd_shardone_beloe_suhoe_128_e9a75fb7f0.webp,studio_front,d2432a0192f902c304f1c97889842eb31bb87e6120cc726c4d95bc995007eb4d,strapi,,none,0
chteau-le-grand-vostock-krasnostop-reserve-krasnostop-krasnoe-suhoe-14-0001,chteau-le-grand-vostock-krasnostop-reserve-krasnostop-krasnoe-suhoe-14,chteau_le_grand_vostock_krasnostop_reserve_krasnostop_krasnoe_suhoe_14_6f2c655629.webp,studio_front,c6ab970d4b12958c1db05b0dc29f5d98186dea764d0f70d0b2501136c742b4dd,strapi,,none,0
agrolayn-lame-du-vin-saperavi-krasnoe-suhoe-13-0001,agrolayn-lame-du-vin-saperavi-krasnoe-suhoe-13,agrolayn_lame_du_vin_saperavi_krasnoe_suhoe_13_5ede20a1fd.webp,studio_front,1ff277f333a36d4f245c5fa9f263f8ce046270261ad93d6e0581fc19021f0ad0,strapi,,none,0
chteau-le-grand-vostock-le-chene-royal-reserve-merlo-krasnoe-suhoe-145-0001,chteau-le-grand-vostock-le-chene-royal-reserve-merlo-krasnoe-suhoe-145,chteau_le_grand_vostock_le_chene_royal_reserve_merlo_krasnoe_suhoe_145_3a1ec8fdfa.webp,studio_front,eeb1f7fba72310f6267bcb59813764d25d7950b6975df40aeaf4b72fb5741822,strapi,,none,0
le-general-hiver-0001,le-general-hiver,output_img_037_425130ed89.webp,studio_front,e93ba166218ab9dc2ca8b828d82b290286909fa3edb2d688497ac1a3d056518c,strapi,,none,0
zolotoe-pole-legend-of-crimea-cabernet-sauvignon-kaberne-sovinon-krasnoe-suhoe-125-0001,zolotoe-pole-legend-of-crimea-cabernet-sauvignon-kaberne-sovinon-krasnoe-suhoe-125,zolotoe_pole_legend_of_crimea_cabernet_sauvignon_kaberne_sovinon_krasnoe_suhoe_125_dd1e75d7d6.webp,studio_front,8464b3243e14766e6121d5c0dd862e45d024d43aea56f3b23226e560bfe4da1d,strapi,,none,0
zolotoe-pole-legend-of-crimea-chardonnay-shardone-beloe-suhoe-13-0001,zolotoe-pole-legend-of-crimea-chardonnay-shardone-beloe-suhoe-13,zolotoe_pole_legend_of_crimea_chardonnay_shardone_beloe_suhoe_13_198c99212d.webp,studio_front,28e42208c64c245abfebc9df707b79b11aee2aeeae74cfbb206e99867aa046a1,strapi,,none,0
zolotoe-pole-legend-of-crimea-malbec-malbek-krasnoe-suhoe-125-0001,zolotoe-pole-legend-of-crimea-malbec-malbek-krasnoe-suhoe-125,zolotoe_pole_legend_of_crimea_malbec_malbek_krasnoe_suhoe_125_58b26ef1ab.webp,studio_front,773a6a67251cb85c9c6e13ae97253c7da16cc1b4d4468d396b30e18a0baddf34,strapi,,none,0
zolotoe-pole-legend-of-crimea-muscat-ottonel-muskat-ottonel-beloe-suhoe-14-0001,zolotoe-pole-legend-of-crimea-muscat-ottonel-muskat-ottonel-beloe-suhoe-14,zolotoe_pole_legend_of_crimea_muscat_ottonel_muskat_ottonel_beloe_suhoe_14_b38aa9e08c.webp,studio_front,b1b1a7a2e1153d52db1861a9ba672bd1319608e16b30b479109446b6493f2a8b,strapi,,none,0
zolotoe-pole-legend-of-crimea-pinot-gris-rose-pino-gri-rozovoe-suhoe-135-0001,zolotoe-pole-legend-of-crimea-pinot-gris-rose-pino-gri-rozovoe-suhoe-135,zolotoe_pole_legend_of_crimea_pinot_gris_rose_pino_gri_rozovoe_suhoe_135_9f75698a01.webp,studio_front,7e385375a5c06bdad4217a6f33cce35d41c93494db342a30c80ded450cd03609,strapi,,none,0
zolotoe-pole-legend-of-crimea-red-blend-kaberne-sovinon-krasnoe-suhoe-14-0001,zolotoe-pole-legend-of-crimea-red-blend-kaberne-sovinon-krasnoe-suhoe-14,zolotoe_pole_legend_of_crimea_red_blend_kaberne_sovinon_krasnoe_suhoe_14_19d5632763.webp,studio_front,6a5fdfe2865dc0a6d8c507358dd74edd84c96186404e83524afbbdee4bfddc28,strapi,,none,0
zolotoe-pole-legend-of-crimea-sauvignon-blanc-sovinon-blan-beloe-suhoe-13-0001,zolotoe-pole-legend-of-crimea-sauvignon-blanc-sovinon-blan-beloe-suhoe-13,zolotoe_pole_legend_of_crimea_sauvignon_blanc_sovinon_blan_beloe_suhoe_13_5c21d982fd.webp,studio_front,7512003d3f6637ae20d2a0862317ad5be5742b36edff45338091a1d89cbb3847,strapi,,none,0
zolotoe-pole-legend-of-crimea-white-blend-malvaziya-beloe-suhoe-135-0001,zolotoe-pole-legend-of-crimea-white-blend-malvaziya-beloe-suhoe-135,zolotoe_pole_legend_of_crimea_white_blend_malvaziya_beloe_suhoe_135_d791def8a0.webp,studio_front,bf5b7e8edf6298719a853539250c5364c4ad0b489eacc23d70e478a31e800b84,strapi,,none,0
leto-risling-2020-0001,leto-risling-2020,photo_a535bcc46e.webp,studio_front,876d8548801b67be4fbfc6a43e06f51d1c8d8400ada7edd64caa3f0d37968400,strapi,,none,0
oleg-repin-listva-cabernet-sauvignon-kaberne-sovinon-krasnoe-suhoe-14-0001,oleg-repin-listva-cabernet-sauvignon-kaberne-sovinon-krasnoe-suhoe-14,oleg_repin_listva_cabernet_sauvignon_kaberne_sovinon_krasnoe_suhoe_14_d4b85ef613.webp,studio_front,2a0bc73e0c8533ffb282160b30c3ca8018e964f28a2a1fdd847afd20499f8c76,strapi,,none,0
oleg-repin-listva-syrah-sira-krasnoe-suhoe-14-0001,oleg-repin-listva-syrah-sira-krasnoe-suhoe-14,oleg_repin_listva_syrah_sira_krasnoe_suhoe_14_664db3a828.webp,studio_front,48808317145479948f6efa9c00dd021d0591839923b0e8b94078a053e377059b,strapi,,none,0
loco-cimbali-loco-cimbali-pinot-meunier-mene-krasnoe-suhoe-125-0001,loco-cimbali-loco-cimbali-pinot-meunier-mene-krasnoe-suhoe-125,loco_cimbali_loco_cimbali_pinot_meunier_mene_krasnoe_suhoe_125_bc6731c1b6.webp,studio_front,03331d6f45dc1f55249b309e9ca2e86da3ee44129f205c7afdd0481728692086,strapi,,none,0
loco-cimbali-loco-cimbali-red-kaberne-sovinon-krasnoe-suhoe-135-0001,loco-cimbali-loco-cimbali-red-kaberne-sovinon-krasnoe-suhoe-135,loco_cimbali_loco_cimbali_red_kaberne_sovinon_krasnoe_suhoe_135_591dd06510.webp,studio_front,2a57165493ba24cc0a09093f23d13c9fc8639100b682749ebe09fd56f100bb25,strapi,,none,0
vinogradniki-gay-kodzora-malbec-de-gai-kodzor-malbek-krasnoe-suhoe-135-0001,vinogradniki-gay-kodzora-malbec-de-gai-kodzor-malbek-krasnoe-suhoe-135,vinogradniki_gay_kodzora_malbec_de_gai_kodzor_malbek_krasnoe_suhoe_135_5a017ab36f.webp,studio_front,68914019739806d0ddc672d054a0a5856c4dafbf08e750f84edabbe975fb4598,strapi,,none,0
belmas-winery-malbec-katya-malbek-rozovoe-suhoe-129-0001,belmas-winery-malbec-katya-malbek-rozovoe-suhoe-129,belmas_winery_malbec_katya_malbek_rozovoe_suhoe_129_a3e291a903.webp,studio_front,faa9f246fd62636f77a3887e9ac234610e642f6122742f5b2f40a3bfdd1b6937,strapi,,none,0
belmas-winery-malbec-katya-belmas-malbek-rozovoe-suhoe-11-0001,belmas-winery-malbec-katya-belmas-malbek-rozovoe-suhoe-11,belmas_winery_malbec_katya_belmas_malbek_rozovoe_suhoe_11_77522b0de4.webp,studio_front,3638ff2b9cdbb86cbe9b7168a255ed2ca3f1380c0b015e7447b678229fffccd9,strapi,,none,0
vinogradniki-gay-kodzora-malbec-red-klen-de-gai-kodzor-malbek-krasnoe-suhoe-135-0001,vinogradniki-gay-kodzora-malbec-red-klen-de-gai-kodzor-malbek-krasnoe-suhoe-135,vinogradniki_gay_kodzora_malbec_red_klen_de_gai_kodzor_malbek_krasnoe_suhoe_135_88285a40f2.webp,studio_front,1b7306c9d478f3084fc3d983753a43af877a2b1d33120ed3be3095ae5b130fed,strapi,,none,0
domaine-de-la-vivandiere-malbec-vivandiere-roze-malbek-rozovoe-suhoe-125-0001,domaine-de-la-vivandiere-malbec-vivandiere-roze-malbek-rozovoe-suhoe-125,domaine_de_la_vivandiere_malbec_vivandiere_roze_malbek_rozovoe_suhoe_125_882f670a7d.webp,studio_front,a04116fd22a1a579d938054e06ff8d04d94b9f1002f3e1014aa7d970fe956ed0,strapi,,none,0
esse-mama-marselan-krasnoe-suhoe-115-0001,esse-mama-marselan-krasnoe-suhoe-115,esse_mama_marselan_krasnoe_suhoe_115_13668d8525.webp,studio_front,9455f3b6cf06599d296ecfd2adff9425ca966db1cbe6409704d15983b0b78ad7,strapi,,none,0
mancopia-risling-0001,mancopia-risling,0632ia7qvpbnncf2rdtc0371aua6i4q2_20fb4a70b1.webp,studio_front,6d4b541342611205e77722f3966b737f0ef2f31d5abc5661a9aa0619d38f08eb,strapi,,none,0
mancopia-sira-0001,mancopia-sira,i99mhxq3ffugxl7vay272qaxisjosj8i_3ec2f1ed83.webp,studio_front,42fee31de411adb8e322967c6382bf39985db187e5d130c25da50d8b8679d5e5,strapi,,none,0
wine-1-0001,wine-1,Margarita_22_49dd66061b.webp,studio_front,9fa83f10e459cd1c08a06d1c6256448900db47a71e6a5482b27a720722b09763,strapi,,none,0
marquetry-cabernet-franc-0001,marquetry-cabernet-franc,AYA_marquetry_cabernet_franc_2023_bottle_81526424ed.webp,studio_front,ce3cb2600cab11ab94dabc7ef1fa3c5943438107651dd4155831da12c63ae46c,strapi,,none,0
marquetry-syrah-0001,marquetry-syrah,AYA_marquetry_syrah_2023_bottle_90a876b523.webp,studio_front,e245a1d49df3df9f32ace70f6d53af3b2e8c4fd28da82465b39090ef6db63bed,strapi,,none,0
marquetry-syrah-merlot-cabernet-franc-0001,marquetry-syrah-merlot-cabernet-franc,AYA_marquetry_syrah_merlot_cabernet_franc_2023_bottle_1174396457.webp,studio_front,2754d3aa6b0a86d8bbeee9130d60bb87966fab6b572bc3cdc717d006c7067f76,strapi,,none,0
usadba-divnomorskoe-marselan-marselan-krasnoe-suhoe-149-0001,usadba-divnomorskoe-marselan-marselan-krasnoe-suhoe-149,usadba_divnomorskoe_marselan_marselan_krasnoe_suhoe_149_cfc4d7c708.webp,studio_front,d91442ce96766e4f4a5a0b8bef32ee9bb090e29b9f3fe04bd6afd3353b8b7396,strapi,,none,0
gavras-masour-murvedr-rozovoe-suhoe-12-0001,gavras-masour-murvedr-rozovoe-suhoe-12,gavras_masour_murvedr_rozovoe_suhoe_12_9a98bd2fb0.webp,studio_front,755473cbf11a9ddb18c129a233a96cccbe91799b29bbc22ddf2cb9e7a09f5c7c,strapi,,none,0
chteau-le-grand-vostock-merlot-merlo-krasnoe-suhoe-14-0001,chteau-le-grand-vostock-merlot-merlo-krasnoe-suhoe-14,chteau_le_grand_vostock_merlot_merlo_krasnoe_suhoe_14_b7ff8ad6c4.webp,studio_front,a4fce18a18ad722e0adb4732db1d4c06f832fecbfbf7cb1b0f7a687025fe62a8,strapi,,none,0
chteau-le-grand-vostock-merlot-reserve-merlo-krasnoe-suhoe-145-0001,chteau-le-grand-vostock-merlot-reserve-merlo-krasnoe-suhoe-145,chteau_le_grand_vostock_merlot_reserve_merlo_krasnoe_suhoe_145_56be446fbd.webp,studio_front,00e95c3b07b04eb90a1b78ae5678c0672565fd5a1557814a8c6505ce5d43a7fc,strapi,,none,0
miroir-de-talu-merlot-cabernet-sauvignon-0001,miroir-de-talu-merlot-cabernet-sauvignon,Miroir_De_Talu_Merlot_Cabernet_Sauvignon_477ed75989.webp,studio_front,3f78b39aa34942f8935dba085ff6a61f0fab8fc7f2855871aa8454527173e231,strapi,,none,0
monte-garu-beloe-bryut-0001,monte-garu-beloe-bryut,ru_pim_78722001001_01_a64f7241c9.webp,studio_front,1920838c0f8a438c4daf300edc2e84e9f40c5bb91cbaa63747feaa2428cd88a8,strapi,,none,0
vibes-montepulciano-cabernet-franc-petit-verdot-montepulchano-krasnoe-suhoe-125-0001,vibes-montepulciano-cabernet-franc-petit-verdot-montepulchano-krasnoe-suhoe-125,vibes_montepulciano_cabernet_franc_petit_verdot_montepulchano_krasnoe_suhoe_125_5642303e11.webp,studio_front,eef048ce38998445052f9b4489dd97d46839bc551d07e60af6478c16f63348ea,strapi,,none,0
gunko-winery-monumental-bryut-shardone-beloe-12-0001,gunko-winery-monumental-bryut-shardone-beloe-12,gunko_winery_monumental_bryut_shardone_igristoe_bryut_beloe_12_e0ca0a9975.webp,studio_front,704538216c9e332e9c0157215e7ce7d090662da42b08d85ea87fe99ce01e4b07,strapi,,none,0
agrolayn-mountain-eagle-aleatico-rose-aleatiko-rozovoe-suhoe-125-0001,agrolayn-mountain-eagle-aleatico-rose-aleatiko-rozovoe-suhoe-125,agrolayn_mountain_eagle_aleatico_rose_aleatiko_rozovoe_suhoe_125_2fca230608.webp,studio_front,93ac2cae4abea8d9836b85381d56fd4f62b5242da12c08a395d9121a82a29b3a,strapi,,none,0
agrolayn-mountain-eagle-cabernet-sauvignon-kaberne-sovinon-krasnoe-suhoe-135-0001,agrolayn-mountain-eagle-cabernet-sauvignon-kaberne-sovinon-krasnoe-suhoe-135,agrolayn_mountain_eagle_cabernet_sauvignon_kaberne_sovinon_krasnoe_suhoe_135_c2ea2996ff.webp,studio_front,afd5f99272f12a724788bdae1c4402fe50789dd5a196daab0fd9853cc3c2d4f2,strapi,,none,0
agrolayn-mountain-eagle-chardonnay-shardone-beloe-suhoe-12-0001,agrolayn-mountain-eagle-chardonnay-shardone-beloe-suhoe-12,agrolayn_mountain_eagle_chardonnay_shardone_beloe_suhoe_12_787345e979.webp,studio_front,2edf5369bd49c5d8ed4e511ec7051b10971632f965293e8876951c8d24c06c1a,strapi,,none,0
agrolayn-mountain-eagle-marselan-marselan-krasnoe-suhoe-13-0001,agrolayn-mountain-eagle-marselan-marselan-krasnoe-suhoe-13,agrolayn_mountain_eagle_marselan_marselan_krasnoe_suhoe_13_918dcc5044.webp,studio_front,7613a6c4b8013780ce09f8a7a459e0100cb07f9a194dd73031de0da14a5fa489,strapi,,none,0
agrolayn-mountain-eagle-muscat-muskat-beloe-suhoe-125-0001,agrolayn-mountain-eagle-muscat-muskat-beloe-suhoe-125,agrolayn_mountain_eagle_muscat_muskat_beloe_suhoe_125_1592a7a3e1.webp,studio_front,eef321e15fc24c79156e5955c7637268112df9b3a20c219a2a581a8f291959e5,strapi,,none,0
agrolayn-mountain-eagle-pedro-ximenez-pedro-himenes-beloe-suhoe-11-0001,agrolayn-mountain-eagle-pedro-ximenez-pedro-himenes-beloe-suhoe-11,agrolayn_mountain_eagle_pedro_ximenez_pedro_himenes_beloe_suhoe_11_f778a838b5.webp,studio_front,6ccc81284a32ee7930d93da4a21e2d968e497134b9fc3d0a3b8765e4925b67b3,strapi,,none,0
agrolayn-mountain-eagle-saperavi-saperavi-krasnoe-suhoe-135-0001,agrolayn-mountain-eagle-saperavi-saperavi-krasnoe-suhoe-135,agrolayn_mountain_eagle_saperavi_saperavi_krasnoe_suhoe_135_6d3f5cfe1e.webp,studio_front,5bdacbbfe8511009576ebd5a684af75d403aff0e00123171752c2daa1412412b,strapi,,none,0
agrolayn-mountain-eagle-sauvignon-blanc-sovinon-blan-beloe-suhoe-125-0001,agrolayn-mountain-eagle-sauvignon-blanc-sovinon-blan-beloe-suhoe-125,agrolayn_mountain_eagle_sauvignon_blanc_sovinon_blan_beloe_suhoe_125_4e32ec4820.webp,studio_front,8fc3924047d31722a68b16759719fe7cd9c16d88c64b637d3210326f098aff8f,strapi,,none,0
agrolayn-mountain-eagle-viognier-vione-beloe-suhoe-115-0001,agrolayn-mountain-eagle-viognier-vione-beloe-suhoe-115,agrolayn_mountain_eagle_viognier_vione_beloe_suhoe_115_841c23d57a.webp,studio_front,208b34e6a2e945393181f4d7f8624e3fd5249c6c6b958a9468c7ba9a52ec7eac,strapi,,none,0
agrolayn-mountain-eagle-white-blend-vione-beloe-suhoe-115-0001,agrolayn-mountain-eagle-white-blend-vione-beloe-suhoe-115,agrolayn_mountain_eagle_white_blend_vione_beloe_suhoe_115_30af9f7827.webp,studio_front,302c1af32e1a5bb2fe58adf0da6b06808703013d297cfd1565a66744591745ee,strapi,,none,0
andryus-yutsis-muscat-blanc-muskat-beloe-suhoe-112-0001,andryus-yutsis-muscat-blanc-muskat-beloe-suhoe-112,andryus_yutsis_muscat_blanc_muskat_beloe_suhoe_112_efea231a5f.webp,studio_front,874bdfa88f5a6c12152dee328caaf445676b2d24ed376e79d3d33b4c759ef8af,strapi,,none,0
vinogradniki-gay-kodzora-muscat-de-gai-kodzor-sladkiy-muskat-aleksandriyskiy-beloe-sladkoe-14-0001,vinogradniki-gay-kodzora-muscat-de-gai-kodzor-sladkiy-muskat-aleksandriyskiy-beloe-sladkoe-14,vinogradniki_gay_kodzora_muscat_de_gai_kodzor_sladkiy_muskat_aleksandriyskiy_beloe_sladkoe_14_b6db28874b.webp,studio_front,4ddbc3647856deab3c1112852be781f2a0a758bf8d7287e5a30efd6e84f7dd2f,strapi,,none,0
vinogradniki-gay-kodzora-muscat-ga-kodzor-muskat-melkozernistyy-beloe-suhoe-12-0001,vinogradniki-gay-kodzora-muscat-ga-kodzor-muskat-melkozernistyy-beloe-suhoe-12,vinogradniki_gay_kodzora_muscat_ga_kodzor_muskat_melkozernistyy_beloe_suhoe_12_b15bbb92d8.webp,studio_front,a44f68db0b5c4afafb9c2f4debec7bfa61c086d35041c808b9d5472a95066549,strapi,,none,0
naomi-2022-0001,naomi-2022,Naomi_22_61d7c5eeff.webp,studio_front,eae1042116c3f922556396156131c9edd462f2fcf8954a5929b71d979ae413c0,strapi,,none,0
naomi-2023-0001,naomi-2023,Naomi_23_206944817c.webp,studio_front,e6a0d1693c92b87c017bd777b880b630247b37fb7dc968848e5cc844fcb06fd7,strapi,,none,0
nebbiolo-0001,nebbiolo,nebbiolo_43312005b9.webp,studio_front,ade6831d9c39d3b7915603825f9992ff1b1a95c48a862da36966404a59c34e5b,strapi,,none,0
esse-nectar-muscat-muskat-belyy-beloe-polusuhoe-12-0001,esse-nectar-muscat-muskat-belyy-beloe-polusuhoe-12,esse_nectar_muscat_muskat_belyy_igristoe_polusuhoe_beloe_12_5b5a2eb0f1.webp,studio_front,8d6e2c3e3625494aee2c529fc317c92ae7a77ebc206c1e7ec2899740c5fac9a8,strapi,,none,0
golubitskoe-estate-noble-selection-red-blend-kaberne-sovinon-krasnoe-suhoe-136-0001,golubitskoe-estate-noble-selection-red-blend-kaberne-sovinon-krasnoe-suhoe-136,golubitskoe_estate_noble_selection_red_blend_kaberne_sovinon_krasnoe_suhoe_136_37a3acdce0.webp,studio_front,5a35e01cbe2e746cfaec8db231bf79c0e229c97b89c8267a8726459bca726fb1,strapi,,none,0
golubitskoe-estate-noble-selection-white-blend-shardone-beloe-suhoe-135-0001,golubitskoe-estate-noble-selection-white-blend-shardone-beloe-suhoe-135,golubitskoe_estate_noble_selection_white_blend_shardone_beloe_suhoe_135_3e16d234be.webp,studio_front,e100809cbbb8f77916ca16cf76106af204ff1d511781e9aa406d48049c38fb77,strapi,,none,0
pomeste-golubitskoe-noble-selection-pino-nuar-roze-rozovoe-suhoe-132-0001,pomeste-golubitskoe-noble-selection-pino-nuar-roze-rozovoe-suhoe-132,pomeste_golubitskoe_noble_selection_pino_nuar_roze_rozovoe_suhoe_132_8c761a20cf.webp,studio_front,bea1fac89fc54eb58b8aa4c8a818f395eb21eebe7eb54d9c35d356dc2bd90d59,strapi,,none,0
esse-odessa-black-odesskiy-chernyy-krasnoe-suhoe-12-0001,esse-odessa-black-odesskiy-chernyy-krasnoe-suhoe-12,esse_odessa_black_odesskiy_chernyy_krasnoe_suhoe_12_0708fdaee7.webp,studio_front,275cd874de95c7081502189397a15c03666ca6f0b684d4fe86881e514507ecc5,strapi,,none,0
opium-0001,opium,Opium_68e7c19bd9.webp,studio_front,f2d04f870220b9c89fce671afe14944e70452dcb91902e71c0d56215d90ccf7a,strapi,,none,0
andryus-yutsis-orange-vermentino-beloe-suhoe-112-0001,andryus-yutsis-orange-vermentino-beloe-suhoe-112,andryus_yutsis_orange_vermentino_beloe_suhoe_112_656c4e7348.webp,studio_front,82eb900fe583e72f6756ad9d5f179e1c59af931225764e473e0977e24717b14c,strapi,,none,0
orange-0001,orange,Orange_b3f73ad1d2.webp,studio_front,4af1dee623dd4235000f38f72b4c18d8b749eb805c5c52d45c2814a114814e97,strapi,,none,0
andryus-yutsis-organic-syrah-sira-krasnoe-suhoe-135-0001,andryus-yutsis-organic-syrah-sira-krasnoe-suhoe-135,andryus_yutsis_organic_syrah_sira_krasnoe_suhoe_135_7e2b3955da.webp,studio_front,49d63709906fe0122099e82c93ab7cb7494cdbcfdfa59590c5bfda35da216539,strapi,,none,0
fanagoriya-par-amour-pervenets-magaracha-beloe-polusladkoe-105-125-0001,fanagoriya-par-amour-pervenets-magaracha-beloe-polusladkoe-105-125,fanagoriya_par_amour_pervenets_magaracha_beloe_polusladkoe_105_125_937ddaffd1.webp,studio_front,f2c79e80ef154756e760844dd29876770bd147c4e3ac0b5f4ec5ba02288cecd8,strapi,,none,0
fanagoriya-par-amour-rubin-golodrigi-krasnoe-polusladkoe-105-125-0001,fanagoriya-par-amour-rubin-golodrigi-krasnoe-polusladkoe-105-125,fanagoriya_par_amour_rubin_golodrigi_krasnoe_polusladkoe_105_125_7e0aec2668.webp,studio_front,579e3312036d523dcd1adb59ac10987a563b8f76e81a1962fb27eaffc9c060a2,strapi,,none,0
fanagoriya-par-amour-pervenets-magaracha-rozovoe-polusuhoe-105-125-0001,fanagoriya-par-amour-pervenets-magaracha-rozovoe-polusuhoe-105-125,fanagoriya_par_amour_pervenets_magaracha_rozovoe_polusuhoe_105_125_861e969490.webp,studio_front,5f21d8370d79aa9c81f43c1e50b2d8a4550da30bb16c80c4c15151de27347b95,strapi,,none,0
fanagoriya-par-amour-pervenets-magaracha-beloe-polusuhoe-105-125-0001,fanagoriya-par-amour-pervenets-magaracha-beloe-polusuhoe-105-125,fanagoriya_par_amour_pervenets_magaracha_beloe_polusuhoe_105_125_6db75a4f18.webp,studio_front,7ca42fdd2f5ffbd7bec492da3486293aa705c476529a7cb8b8beb366dcd8b17a,strapi,,none,0
uppa-winery-pavel-shvets-cabernet-sauvignon-merlot-kaberne-sovinon-krasnoe-suhoe-14-0001,uppa-winery-pavel-shvets-cabernet-sauvignon-merlot-kaberne-sovinon-krasnoe-suhoe-14,uppa_winery_pavel_shvets_cabernet_sauvignon_merlot_kaberne_sovinon_krasnoe_suhoe_14_da1b1f8614.webp,studio_front,142d259ae550a4bb1633f81fbf30ce0a941c6dfd772863118589bdedc04c625d,strapi,,none,0
fanagoriya-pelle-calda-saperavi-krasnoe-suhoe-155-0001,fanagoriya-pelle-calda-saperavi-krasnoe-suhoe-155,fanagoriya_pelle_calda_saperavi_krasnoe_suhoe_155_9c9a89ab23.webp,studio_front,3c54161a7f25a92956b3898aa6ce69da0f97c983447ace24394bcfc4f818bc0c,strapi,,none,0
domaine-lipko-penpalo-cabernet-sauvignon-domaine-lipko-kaberne-sovinon-krasnoe-suhoe-14-0001,domaine-lipko-penpalo-cabernet-sauvignon-domaine-lipko-kaberne-sovinon-krasnoe-suhoe-14,domaine_lipko_penpalo_cabernet_sauvignon_domaine_lipko_kaberne_sovinon_krasnoe_suhoe_14_49831aa29f.webp,studio_front,372b92c58ab175a801a10933c534f8efa9d901816aaaf0dbc187df2d7972a795,strapi,,none,0
domaine-lipko-penpalo-chardonnay-domaine-lipko-shardone-beloe-suhoe-122-0001,domaine-lipko-penpalo-chardonnay-domaine-lipko-shardone-beloe-suhoe-122,domaine_lipko_penpalo_chardonnay_domaine_lipko_shardone_beloe_suhoe_122_84467c3576.webp,studio_front,5b2f053de80219940630926863628f98abf9b430b92367efb9d9c6fc808d1ecf,strapi,,none,0
domaine-lipko-penpalo-kaberne-sovinon-krasnoe-suhoe-14-0001,domaine-lipko-penpalo-kaberne-sovinon-krasnoe-suhoe-14,domaine_lipko_penpalo_kaberne_sovinon_krasnoe_suhoe_14_669809a88b.webp,studio_front,ee847d2e0f58b9d72d0f483e3066d00e4f57567ed124859327bfbb90cccdd9a3,strapi,,none,0
esse-petit-verdot-pti-verdo-krasnoe-suhoe-13-0001,esse-petit-verdot-pti-verdo-krasnoe-suhoe-13,esse_petit_verdot_pti_verdo_krasnoe_suhoe_13_cd1d881696.webp,studio_front,d4c1ec286c53470f55b09ebfeebb071102e5058ce687c7a57435100ab2b0eae4,strapi,,none,0
domaine-lipko-petit-verdot-domaine-lipko-pti-verdo-krasnoe-suhoe-14-0001,domaine-lipko-petit-verdot-domaine-lipko-pti-verdo-krasnoe-suhoe-14,domaine_lipko_petit_verdot_domaine_lipko_pti_verdo_krasnoe_suhoe_14_d4fda4146c.webp,studio_front,f84d9c176252e27346f095aaa95872dc74687e88f0c856606d8c5ecd1f9b7a9c,strapi,,none,0
zolotaya-balka-pink-sira-rozovoe-suhoe-13-0001,zolotaya-balka-pink-sira-rozovoe-suhoe-13,zolotaya_balka_pink_sira_rozovoe_suhoe_13_81a00fb2ab.webp,studio_front,c01eddffc526599fdd8d68f75dd7e9bac9041252e30f361d466196d258a83e60,strapi,,none,0
oleg-repin-pinot-blanc-pino-blan-beloe-suhoe-13-0001,oleg-repin-pinot-blanc-pino-blan-beloe-suhoe-13,oleg_repin_pinot_blanc_pino_blan_beloe_suhoe_13_2610f35c83.webp,studio_front,c65d2d9d01e867416d495ca06dcbc0f11be65edeefec1a218420242ae7270ad6,strapi,,none,0
chteau-le-grand-vostock-pinot-gris-reserve-pino-gri-beloe-suhoe-135-0001,chteau-le-grand-vostock-pinot-gris-reserve-pino-gri-beloe-suhoe-135,chteau_le_grand_vostock_pinot_gris_reserve_pino_gri_beloe_suhoe_135_92e725d8d8.webp,studio_front,d2776c967235587a89e197ef96c34cd7e82e6fa6bb6ec9328ce27588454a1355,strapi,,none,0
chteau-le-grand-vostock-pinot-gris-rose-reserve-pino-gri-rozovoe-suhoe-14-0001,chteau-le-grand-vostock-pinot-gris-rose-reserve-pino-gri-rozovoe-suhoe-14,chteau_le_grand_vostock_pinot_gris_rose_reserve_pino_gri_rozovoe_suhoe_14_7accd7f3e7.webp,studio_front,098dbd995c451d94c0c02dae8efd6e33b38b76c4a0760ac4499cb6db6eb5a5bc,strapi,,none,0
oleg-repin-pinot-noir-pino-nuar-krasnoe-suhoe-135-0001,oleg-repin-pinot-noir-pino-nuar-krasnoe-suhoe-135,oleg_repin_pinot_noir_pino_nuar_krasnoe_suhoe_135_f18d6b415e.webp,studio_front,fef60a7ee227738890fe294912998a777f561fc8d37187a05ce02ab6a128cbab,strapi,,none,0
ferrum-winery-pinot-noir-pino-nuar-rozovoe-suhoe-13-0001,ferrum-winery-pinot-noir-pino-nuar-rozovoe-suhoe-13,ferrum_winery_pinot_noir_pino_nuar_rozovoe_suhoe_13_a5380de052.webp,studio_front,495908a6eb82f21ad416e2a6df526b79176557eac91bad88d0104c2e5aec5274,strapi,,none,0
usadba-divnomorskoe-pinot-noir-pino-nuar-krasnoe-suhoe-12-0001,usadba-divnomorskoe-pinot-noir-pino-nuar-krasnoe-suhoe-12,usadba_divnomorskoe_pinot_noir_pino_nuar_krasnoe_suhoe_12_6b0fcd6e22.webp,studio_front,1e6ab764f148d8504b22884800b0f9690e9d40ef2807389694a5e82a4c2eed68,strapi,,none,0
chteau-le-grand-vostock-pinot-noir-reserve-pino-nuar-krasnoe-suhoe-135-0001,chteau-le-grand-vostock-pinot-noir-reserve-pino-nuar-krasnoe-suhoe-135,chteau_le_grand_vostock_pinot_noir_reserve_pino_nuar_krasnoe_suhoe_135_06d37ba366.webp,studio_front,021467aa5dbd86ddeaa6f664c822246c0f20023b8b0207932f7254421f62571d,strapi,,none,0
oleg-repin-pinot-noir-v-pino-nuar-krasnoe-suhoe-125-0001,oleg-repin-pinot-noir-v-pino-nuar-krasnoe-suhoe-125,oleg_repin_pinot_noir_v_pino_nuar_krasnoe_suhoe_125_445677a47f.webp,studio_front,47b6e94e828bc248b49b6a8e88ec3bcef24d466d257a8d847b9945ec664bfd7f,strapi,,none,0
fanagoriya-primum-alveus-blanc-de-blancs-2017-shardone-igristoe-bryut-beloe-12-0001,fanagoriya-primum-alveus-blanc-de-blancs-2017-shardone-igristoe-bryut-beloe-12,fanagoriya_primum_alveus_blanc_de_blancs_2017_shardone_igristoe_bryut_beloe_12_1cb2145fb9.webp,studio_front,7b274ad9a2a6d8c1ebfd448dcd25dd1b2e1c5546b2f5c0299217ca3f684fd919,strapi,,none,0
fanagoriya-primum-alveus-blanc-de-blancs-ekstra-bryut-2019-shardone-beloe-11-13-0001,fanagoriya-primum-alveus-blanc-de-blancs-ekstra-bryut-2019-shardone-beloe-11-13,fanagoriya_primum_alveus_blanc_de_blancs_ekstra_bryut_2019_shardone_beloe_11_13_8a2416fff5.webp,studio_front,62df5ae2f847e7a101f0d882eb816ccbdf887b23e927c5179b4a87632e6a913e,strapi,,none,0
fanagoriya-primum-alveus-brut-2014-shardone-igristoe-bryut-beloe-12-0001,fanagoriya-primum-alveus-brut-2014-shardone-igristoe-bryut-beloe-12,fanagoriya_primum_alveus_brut_2014_shardone_igristoe_bryut_beloe_12_9cc32014b2.webp,studio_front,99cfa74163a998593ead6e5e6cc4b9bfc4962d8c26a3220828bf7000d6a7b4cc,strapi,,none,0
fanagoriya-primum-alveus-brut-2016-shardone-igristoe-bryut-beloe-12-0001,fanagoriya-primum-alveus-brut-2016-shardone-igristoe-bryut-beloe-12,fanagoriya_primum_alveus_brut_2016_shardone_igristoe_bryut_beloe_12_003b2ef29a.webp,studio_front,8b0b0cc411f280080efbcedcf95fab5ebfc7c66e541df4f685c0acabc1cf5b90,strapi,,none,0
fanagoriya-primum-alveus-brut-2017-shardone-igristoe-bryut-beloe-12-0001,fanagoriya-primum-alveus-brut-2017-shardone-igristoe-bryut-beloe-12,fanagoriya_primum_alveus_brut_2017_shardone_igristoe_bryut_beloe_12_40dd626204.webp,studio_front,0272eb63b6f0b59a5419d531cd33192ffa7c545bef9efc23590b4afbb784341c,strapi,,none,0
fanagoriya-primum-alveus-extra-brut-2014-pino-nuar-beloe-bryut-12-0001,fanagoriya-primum-alveus-extra-brut-2014-pino-nuar-beloe-bryut-12,fanagoriya_primum_alveus_extra_brut_2014_pino_nuar_beloe_bryut_12_06194497ba.webp,studio_front,fb69988ba5df5c7cf9e1caa8ed4615661cd868684e320ba7cbff8b4f7ffe0443,strapi,,none,0
fanagoriya-primum-alveus-extra-brut-2016-shardone-beloe-bryut-12-0001,fanagoriya-primum-alveus-extra-brut-2016-shardone-beloe-bryut-12,fanagoriya_primum_alveus_extra_brut_2016_shardone_beloe_bryut_12_b865355639.webp,studio_front,848479f54ab065270a75d63b21d4a5871a329a0460ba7dcaee2b668c39d5565f,strapi,,none,0
fanagoriya-primum-alveus-extra-brut-rose-2014-pino-nuar-rozovoe-bryut-12-0001,fanagoriya-primum-alveus-extra-brut-rose-2014-pino-nuar-rozovoe-bryut-12,fanagoriya_primum_alveus_extra_brut_rose_2014_pino_nuar_rozovoe_bryut_12_05917c9a77.webp,studio_front,266f6d56db52ed06e66411d06280e7849d49bdbc7a65d00489c1bf8abaa36489,strapi,,none,0
fanagoriya-primum-alveus-blanc-de-noirs-meunier-ekstra-bryut-2019-mene-beloe-11-13-0001,fanagoriya-primum-alveus-blanc-de-noirs-meunier-ekstra-bryut-2019-mene-beloe-11-13,fanagoriya_primum_alveus_blanc_de_noirs_meunier_ekstra_bryut_2019_mene_beloe_11_13_5e42a8faca.webp,studio_front,52cdaa2e6bcf17cf3a02fb9417a9f8f72f92e4fc697d815656468c25a364bf39,strapi,,none,0
fanagoriya-primum-alveus-brut-2021-shardone-beloe-bryut-11-13-0001,fanagoriya-primum-alveus-brut-2021-shardone-beloe-bryut-11-13,fanagoriya_primum_alveus_brut_2021_shardone_beloe_bryut_11_13_0f4e9e5d49.webp,studio_front,fcca22598f53176945f58f7a591ef9608cbd385b93a5cfefde5e0a6da007b9fe,strapi,,none,0
fanagoriya-primum-alveus-bryut-2019-pino-nuar-igristoe-bryut-rozovoe-11-13-0001,fanagoriya-primum-alveus-bryut-2019-pino-nuar-igristoe-bryut-rozovoe-11-13,fanagoriya_primum_alveus_bryut_2019_pino_nuar_igristoe_bryut_rozovoe_11_13_85e68acaf3.webp,studio_front,552a00d4e9d789c9fc9151d71d8e79d15886f1e7483ad69c856e3581e3639eb1,strapi,,none,0
fanagoriya-primum-alveus-ekstra-bryut-2017-pino-nuar-beloe-11-13-0001,fanagoriya-primum-alveus-ekstra-bryut-2017-pino-nuar-beloe-11-13,fanagoriya_primum_alveus_ekstra_bryut_2017_pino_nuar_beloe_11_13_278cb95a09.webp,studio_front,92d46f4a3fc5db7ddc5005c1f00947d993e4adf2f58ff6de4040b1f17c7da51b,strapi,,none,0
aya-organic-wine-vineyards-purity-in-merlot-merlo-rozovoe-suhoe-134-0001,aya-organic-wine-vineyards-purity-in-merlot-merlo-rozovoe-suhoe-134,aya_organic_wine_vineyards_purity_in_merlot_merlo_rozovoe_suhoe_134_9e5858ac67.webp,studio_front,d9152e2e4f2a52b8870df2c4dad1917127a17fea060cacb62eae94198e479546,strapi,,none,0
aya-organic-wine-vineyards-purity-in-syrah-sira-krasnoe-suhoe-146-0001,aya-organic-wine-vineyards-purity-in-syrah-sira-krasnoe-suhoe-146,aya_organic_wine_vineyards_purity_in_syrah_sira_krasnoe_suhoe_146_1d4164b8db.webp,studio_front,921019c4925d08d8365a3782387032b65c11ca586579c8ccc38f5154834db6c5,strapi,,none,0
aya-organic-wine-vineyards-purity-in-syrah-sira-rozovoe-suhoe-132-0001,aya-organic-wine-vineyards-purity-in-syrah-sira-rozovoe-suhoe-132,aya_organic_wine_vineyards_purity_in_syrah_sira_rozovoe_suhoe_132_56159ed421.webp,studio_front,2ce330e806f846acd423e558a35504150326c6241ffce1076f5c7259e8afa16e,strapi,,none,0
aya-organic-wine-vineyards-purity-in-trinity-pino-nuar-rozovoe-suhoe-13-0001,aya-organic-wine-vineyards-purity-in-trinity-pino-nuar-rozovoe-suhoe-13,aya_organic_wine_vineyards_purity_in_trinity_pino_nuar_rozovoe_suhoe_13_a16516170d.webp,studio_front,1cfa525b840ec52633a528d5ab876507d7ae5d25f469c8b27949516fae3d4086,strapi,,none,0
fanagoriya-q-blanc-sovinon-blan-beloe-suhoe-14-0001,fanagoriya-q-blanc-sovinon-blan-beloe-suhoe-14,fanagoriya_q_blanc_sovinon_blan_beloe_suhoe_14_0f9d610da3.webp,studio_front,7f64d904834401d5cf5c2a68aa70e5a62aca3aabbcdf2504b84d28ca3350fbf3,strapi,,none,0
fanagoriya-q-bordeaux-blend-kaberne-sovinon-krasnoe-suhoe-135-0001,fanagoriya-q-bordeaux-blend-kaberne-sovinon-krasnoe-suhoe-135,fanagoriya_q_bordeaux_blend_kaberne_sovinon_krasnoe_suhoe_135_ab9142098e.webp,studio_front,cfac4a89ad2a22aec3966c90f71a2fd9c7b4cbfa04918cff465a31095edd4157,strapi,,none,0
vinodelnya-myshako-quintessence-brut-vione-beloe-bryut-115-0001,vinodelnya-myshako-quintessence-brut-vione-beloe-bryut-115,vinodelnya_myshako_quintessence_brut_vione_igristoe_bryut_beloe_115_31a5f96a86.webp,studio_front,c2a7b4854af5124f05b4ae6530719f7a6894ce9c9cf2b48152db18d79b36f15e,strapi,,none,0
vinodelnya-myshako-quintessence-brut-muskat-muskat-belyy-beloe-bryut-12-0001,vinodelnya-myshako-quintessence-brut-muskat-muskat-belyy-beloe-bryut-12,vinodelnya_myshako_quintessence_brut_muskat_muskat_belyy_igristoe_bryut_beloe_12_b16de08f25.webp,studio_front,8dbf801762aeae92f160b6ef70bbbc45bf5ebab4e63c76fa160d43d830116823,strapi,,none,0
vinodelnya-myshako-quintessence-new-generation-brut-white-shardone-beloe-bryut-11-0001,vinodelnya-myshako-quintessence-new-generation-brut-white-shardone-beloe-bryut-11,vinodelnya_myshako_quintessence_new_generation_brut_white_shardone_igristoe_bryut_beloe_11_a6ff8c556a.webp,studio_front,d7dc2effcd7106cd6b01c78c07b2c8b8d64fdcbb3d5dad7e3f6132b4f909a10f,strapi,,none,0
vinodelnya-myshako-quintessence-new-generation-semi-dry-rose-pino-nuar-rozovoe-polusuhoe-11-0001,vinodelnya-myshako-quintessence-new-generation-semi-dry-rose-pino-nuar-rozovoe-polusuhoe-11,vinodelnya_myshako_quintessence_new_generation_semi_dry_rose_pino_nuar_igristoe_polusuhoe_rozovoe_11_541c16ca91.webp,studio_front,55f2ae78f25846c0433cea3625bff917031156d89c6cd04ee2f21ac9cd8a957a,strapi,,none,0
vinodelnya-myshako-quintessence-new-generation-semi-sweet-white-vione-beloe-polusladkoe-11-0001,vinodelnya-myshako-quintessence-new-generation-semi-sweet-white-vione-beloe-polusladkoe-11,vinodelnya_myshako_quintessence_new_generation_semi_sweet_white_vione_igristoe_polusladkoe_beloe_11_c6dcae8001.webp,studio_front,ccfbe21d60c1a9b9a70c0774642e83cda6f3d9807f4605fd606cf79cc53d86fe,strapi,,none,0
vinodelnya-myshako-quintessence-new-generation-zinfandel-rozovoe-polusuhoe-115-0001,vinodelnya-myshako-quintessence-new-generation-zinfandel-rozovoe-polusuhoe-115,vinodelnya_myshako_quintessence_new_generation_zinfandel_igristoe_polusuhoe_rozovoe_115_bc21ec7a08.webp,studio_front,2c713deea0725342ecb85fb845229b19948c99db92993c61d67147fdded3d52d,strapi,,none,0
vinodelnya-myshako-quintessence-new-generation-risling-zekt-beloe-bryut-125-0001,vinodelnya-myshako-quintessence-new-generation-risling-zekt-beloe-bryut-125,vinodelnya_myshako_quintessence_new_generation_risling_zekt_igristoe_bryut_beloe_125_0d819f0e8f.webp,studio_front,6e5d7ab5860a42c1e48d7cd2e760113789b0005f4818e311b8bd6b57334e243c,strapi,,none,0
vinodelnya-myshako-quintessence-new-generation-sovinon-blan-beloe-suhoe-122-0001,vinodelnya-myshako-quintessence-new-generation-sovinon-blan-beloe-suhoe-122,vinodelnya_myshako_quintessence_new_generation_sovinon_blan_beloe_suhoe_122_c45916b311.webp,studio_front,7841d1e6b98c147b5e8f3c314e9be6ad27224012867f541bc55e025bf8f21aee,strapi,,none,0
vinodelnya-myshako-quintessence-new-generation-tempranilo-krasnoe-suhoe-134-0001,vinodelnya-myshako-quintessence-new-generation-tempranilo-krasnoe-suhoe-134,vinodelnya_myshako_quintessence_new_generation_tempranilo_krasnoe_suhoe_134_ca0ba5c298.webp,studio_front,4dd37e1073d13c48bd79d95ae822eb37bd9e51bbc44def1d862237e1e9c18a24,strapi,,none,0
vinodelnya-myshako-quintessence-reserve-pino-nuar-krasnoe-suhoe-148-0001,vinodelnya-myshako-quintessence-reserve-pino-nuar-krasnoe-suhoe-148,vinodelnya_myshako_quintessence_reserve_pino_nuar_krasnoe_suhoe_148_cda292ea6f.webp,studio_front,7c11e13e68565ef5dfe93d3a81072398315c8899d2c96c8b6c2bf72117ee86f9,strapi,,none,0
vinodelnya-myshako-quintessence-reserve-risling-krasnoe-suhoe-131-0001,vinodelnya-myshako-quintessence-reserve-risling-krasnoe-suhoe-131,vinodelnya_myshako_quintessence_reserve_risling_krasnoe_suhoe_131_b1c7ca6a8c.webp,studio_front,336a4c5c7a142191be0a79419f83b4e4336156a1ed6129bf41b3833d4343db1d,strapi,,none,0
vinodelnya-myshako-quintessence-shtorm-merlo-krasnoe-sladkoe-147-0001,vinodelnya-myshako-quintessence-shtorm-merlo-krasnoe-sladkoe-147,vinodelnya_myshako_quintessence_shtorm_merlo_krasnoe_sladkoe_147_6c9e12b5a1.webp,studio_front,01064b4917f32e903076f4fab7b75ef3bddb47bfb630a2b08cfc58e49054b0b6,strapi,,none,0
vinodelnya-myshako-quintessence-storm-pino-nuar-beloe-suhoe-128-0001,vinodelnya-myshako-quintessence-storm-pino-nuar-beloe-suhoe-128,vinodelnya_myshako_quintessence_storm_pino_nuar_beloe_suhoe_128_3105847c34.webp,studio_front,e88226188b7b5d3013dfc6d47962f0eec15f5f7f08bf8fb0dda1272314ac08f6,strapi,,none,0
vinodelnya-myshako-quintessence-storm-shiraz-krasnoe-polusuhoe-15-0001,vinodelnya-myshako-quintessence-storm-shiraz-krasnoe-polusuhoe-15,vinodelnya_myshako_quintessence_storm_shiraz_krasnoe_polusuhoe_15_ac3fdf4813.webp,studio_front,e3d8a05c1a8a9c39d3fbd911359c81968a1b47e037fee942e1d413f6fd4b1ed5,strapi,,none,0
vinodelnya-myshako-quintessence-new-generation-kaberne-fran-krasnoe-suhoe-145-0001,vinodelnya-myshako-quintessence-new-generation-kaberne-fran-krasnoe-suhoe-145,vinodelnya_myshako_quintessence_new_generation_kaberne_fran_krasnoe_suhoe_145_bc712f73ef.webp,studio_front,bd6a6cdec36e2ef7eb11c9c3e639784de3a1544c50d1909ea362d43510538c6d,strapi,,none,0
vinodelnya-myshako-quintessence-aligote-beloe-suhoe-128-0001,vinodelnya-myshako-quintessence-aligote-beloe-suhoe-128,vinodelnya_myshako_quintessence_aligote_beloe_suhoe_128_e122429861.webp,studio_front,b28b55b6a12fdbd190ba484e53844457a9e0d7817f595d133cf44c1e7c37c8e9,strapi,,none,0
vinodelnya-myshako-quintessence-blaufrankish-rozovoe-bryut-115-0001,vinodelnya-myshako-quintessence-blaufrankish-rozovoe-bryut-115,vinodelnya_myshako_quintessence_blaufrankish_igristoe_bryut_rozovoe_115_44d51328f7.webp,studio_front,fe6feb764ad78dd12e2cccc3f5d8471780b5309ceb51a99230efb73ac850d541,strapi,,none,0
vinodelnya-myshako-quintessence-vione-beloe-suhoe-128-0001,vinodelnya-myshako-quintessence-vione-beloe-suhoe-128,vinodelnya_myshako_quintessence_vione_beloe_suhoe_128_96e47d89e8.webp,studio_front,7d34ddb0f52ee2ea3eaca30fd0c7ff0e94bd5a3bb53ce25d9bdd887e63e47390,strapi,,none,0
vinodelnya-myshako-quintessence-gevyurtstraminer-beloe-suhoe-128-0001,vinodelnya-myshako-quintessence-gevyurtstraminer-beloe-suhoe-128,vinodelnya_myshako_quintessence_gevyurtstraminer_beloe_suhoe_128_2bf3d48221.webp,studio_front,f1c57cb6bc2991740540d0ed96efc6fc3837279c269c9d665e30984336e5b834,strapi,,none,0
vinodelnya-myshako-quintessence-zinfandel-krasnoe-suhoe-155-0001,vinodelnya-myshako-quintessence-zinfandel-krasnoe-suhoe-155,vinodelnya_myshako_quintessence_zinfandel_krasnoe_suhoe_155_1a803d0d96.webp,studio_front,211a54bcfd27b96cc0b4fa8c39928d9264b5b4e45208babcb68d189e1ade9c75,strapi,,none,0
vinodelnya-myshako-quintessence-kaberne-sovinon-ripasso-krasnoe-suhoe-152-0001,vinodelnya-myshako-quintessence-kaberne-sovinon-ripasso-krasnoe-suhoe-152,vinodelnya_myshako_quintessence_kaberne_sovinon_ripasso_krasnoe_suhoe_152_501be80695.webp,studio_front,1c219ed5b8bbf2f317bb97e10bb40a5d55b77c12bf0db1b64a95adc5ca474911,strapi,,none,0
vinodelnya-myshako-quintessence-karmener-krasnoe-suhoe-146-0001,vinodelnya-myshako-quintessence-karmener-krasnoe-suhoe-146,vinodelnya_myshako_quintessence_karmener_krasnoe_suhoe_146_199914a91b.webp,studio_front,e0a0cc7d3e66ababbbc180284aeea22f11a2da8ce364d2db20e551d6c41b1a4e,strapi,,none,0
vinodelnya-myshako-quintessence-sovinon-blan-bryut-beloe-115-0001,vinodelnya-myshako-quintessence-sovinon-blan-bryut-beloe-115,vinodelnya_myshako_quintessence_sovinon_blan_bryut_igristoe_bryut_beloe_115_ac2559da70.webp,studio_front,6841d7f41ec129bc81c028b96f7b06b5690cda72e306ac82567bf0d3e5ebf482,strapi,,none,0
usadba-divnomorskoe-rebo-rebo-krasnoe-suhoe-165-0001,usadba-divnomorskoe-rebo-rebo-krasnoe-suhoe-165,usadba_divnomorskoe_rebo_rebo_krasnoe_suhoe_165_74916357cf.webp,studio_front,303faa099b0ea2593589060e7d34f96db1f607d84823aed28675f32d2a40db90,strapi,,none,0
golubitskoe-estate-red-blend-kaberne-sovinon-krasnoe-suhoe-136-0001,golubitskoe-estate-red-blend-kaberne-sovinon-krasnoe-suhoe-136,golubitskoe_estate_red_blend_kaberne_sovinon_krasnoe_suhoe_136_29c2847d36.webp,studio_front,1c277a6afd631bc0ff488106a49cece415780d21f54f1aabd165ac7a332524ae,strapi,,none,0
esse-ridicule-sira-krasnoe-suhoe-125-0001,esse-ridicule-sira-krasnoe-suhoe-125,esse_ridicule_sira_krasnoe_suhoe_125_6a621251f5.webp,studio_front,619e436f0d700e10bf3191e3122042099e6af67f462ba7ce53af57bb1d46f687,strapi,,none,0
ferrum-winery-riesling-risling-reynskiy-beloe-suhoe-11-0001,ferrum-winery-riesling-risling-reynskiy-beloe-suhoe-11,ferrum_winery_riesling_risling_reynskiy_beloe_suhoe_11_9421a33d82.webp,studio_front,a8e4ea6f0361a8e57bbd4ac80421286629658cd80718d2b7a475be187445f405,strapi,,none,0
esse-rose-sira-rozovoe-suhoe-12-0001,esse-rose-sira-rozovoe-suhoe-12,esse_rose_sira_rozovoe_suhoe_12_f4150d71ea.webp,studio_front,964e4d0b42c1b0871133f690bbf5ca8f980d0f51d92b73170cc68b2affb80c4f,strapi,,none,0
rose-roze-oleg-repin-0001,rose-roze-oleg-repin,oleg_repin_roze_oleg_repin_sira_rozovoe_suhoe_13_a34988dd8f.webp,studio_front,b91be10ca262262c6c70e98e68a4078ba579d6972a59821c0b12c57ba8867d69,strapi,,none,0
esse-rose-cuvee-prestige-pino-nuar-rozovoe-bryut-13-0001,esse-rose-cuvee-prestige-pino-nuar-rozovoe-bryut-13,esse_rose_cuvee_prestige_pino_nuar_igristoe_bryut_rozovoe_13_606b304d1d.webp,studio_front,b1bc20dc1bbf123714357aa92637486c9b26cbf6182c66ba8560c80f769f1d1d,strapi,,none,0
esse-rose-cuvee-prestige-pino-nuar-rozovoe-bryut-115-0001,esse-rose-cuvee-prestige-pino-nuar-rozovoe-bryut-115,esse_rose_cuvee_prestige_pino_nuar_igristoe_bryut_rozovoe_115_725db31aa4.webp,studio_front,3e213d2c37e32b1d25d97588cccf86fda5c0555e141399ba58e81c62ba8d572e,strapi,,none,0
vinogradniki-gay-kodzora-rose-cuvee-prestige-de-gai-kodzor-murvedr-rozovoe-suhoe-13-0001,vinogradniki-gay-kodzora-rose-cuvee-prestige-de-gai-kodzor-murvedr-rozovoe-suhoe-13,vinogradniki_gay_kodzora_rose_cuvee_prestige_de_gai_kodzor_murvedr_rozovoe_suhoe_13_fd29618965.webp,studio_front,5478f9d502c4510d9b3a584da981398c740e122af4ae83933a08dc00903d9ad3,strapi,,none,0
vinodelnya-myshako-rose-de-noirs-pino-nuar-rozovoe-bryut-123-0001,vinodelnya-myshako-rose-de-noirs-pino-nuar-rozovoe-bryut-123,vinodelnya_myshako_rose_de_noirs_pino_nuar_igristoe_bryut_rozovoe_123_5383668bd3.webp,studio_front,633c7f152b214e0844534a97679083b338bc7d6408d3a21a585326dcba65d01b,strapi,,none,0
fanagoriya-rose-kaberne-sovinon-rozovoe-polusuhoe-13-0001,fanagoriya-rose-kaberne-sovinon-rozovoe-polusuhoe-13,fanagoriya_rose_kaberne_sovinon_rozovoe_polusuhoe_13_93945d7963.webp,studio_front,fefb3109d1937b889e528eca4d950ef6ea568d83c8f1bc672b6d9597bca9b75f,strapi,,none,0
fanagoriya-rose-kaberne-fran-rozovoe-suhoe-13-0001,fanagoriya-rose-kaberne-fran-rozovoe-suhoe-13,fanagoriya_rose_kaberne_fran_rozovoe_suhoe_13_516a037cf7.webp,studio_front,45738caa6ec044a696bd3c3fd8d9da56d409b97cdfe458cbcb98507640d1e187,strapi,,none,0
fanagoriya-rose-saperavi-rozovoe-polusuhoe-125-0001,fanagoriya-rose-saperavi-rozovoe-polusuhoe-125,fanagoriya_rose_saperavi_rozovoe_polusuhoe_125_79cbdac8e3.webp,studio_front,d7f2145f4a839e4d07306bca8f31c62391c71964cf3a1aa83bb1e69c1a760953,strapi,,none,0
vinodelnya-myshako-rouge-de-noirs-merlo-krasnoe-bryut-13-0001,vinodelnya-myshako-rouge-de-noirs-merlo-krasnoe-bryut-13,vinodelnya_myshako_rouge_de_noirs_merlo_igristoe_bryut_krasnoe_13_3e3fa77db7.webp,studio_front,1483be7599ed4e5b5597e9c46150c707e0235f9efd3761b1f8fa21ab89f7e95f,strapi,,none,0
fanagoriya-rs-noir-saperavi-krasnoe-polusladkoe-125-0001,fanagoriya-rs-noir-saperavi-krasnoe-polusladkoe-125,fanagoriya_rs_noir_saperavi_krasnoe_polusladkoe_125_9b8002f11a.webp,studio_front,d89e542ac392c8cfe69b2ea08ec8b4e871111467d8803de4b62d382856ae5136,strapi,,none,0
valeriy-zaharin-rubedo-reserve-merlo-krasnoe-suhoe-13-0001,valeriy-zaharin-rubedo-reserve-merlo-krasnoe-suhoe-13,valeriy_zaharin_rubedo_reserve_merlo_krasnoe_suhoe_13_bb611a1ce9.webp,studio_front,1a3f118763c7b70ab6d8f05cd38304303841c50eed6635cadd3e73afde94c456,strapi,,none,0
ruby-0001,ruby,Ruby_b440528e42.webp,studio_front,28f51d3c986bf50577954316cf7e761d4ab5ff295096765e1f14da8dc704d6d8,strapi,,none,0
sacrum-bryut-rozovoe-0001,sacrum-bryut-rozovoe,sacrum_rose_9a0538280a.webp,studio_front,4998284dd0146f6a67ec7a84d3d556f3d0aae6c82bf7efc2997ad5cf81148b58,strapi,,none,0
esse-sangiovese-sandzhoveze-krasnoe-suhoe-135-0001,esse-sangiovese-sandzhoveze-krasnoe-suhoe-135,esse_sangiovese_sandzhoveze_krasnoe_suhoe_135_cc1e0cdca2.webp,studio_front,5222efe0e8eefc08127b243ab85ae55a5214904503e57cb558b3f61cf5d25786,strapi,,none,0
ferrum-winery-saperavi-saperavi-krasnoe-suhoe-12-0001,ferrum-winery-saperavi-saperavi-krasnoe-suhoe-12,ferrum_winery_saperavi_saperavi_krasnoe_suhoe_12_38db68708e.webp,studio_front,7b46f542149c6ce6c79fd009bff4678601596c9d2b6812eea0bdf4f3ca54e068,strapi,,none,0
oleg-repin-saperavi-carbonica-saperavi-krasnoe-suhoe-13-0001,oleg-repin-saperavi-carbonica-saperavi-krasnoe-suhoe-13,oleg_repin_saperavisaperavi_carbonica_krasnoe_suhoe_13_157a571df2.webp,studio_front,da7daeea420c223059cccf981417b1f0e18fadada040b2f98646e622ce8fa75d,strapi,,none,0
fanagoriya-saqra-saperavi-krasnoe-suhoe-135-0001,fanagoriya-saqra-saperavi-krasnoe-suhoe-135,fanagoriya_saqra_saperavi_krasnoe_suhoe_vyderzhannoe_135_2bf601b1e4.webp,studio_front,36e0d00fef96d3c86cffb838945695a88e928bb013c4060973dbc02fff110952,strapi,,none,0
chteau-le-grand-vostock-sauvignon-blanc-sovinon-blan-beloe-suhoe-14-0001,chteau-le-grand-vostock-sauvignon-blanc-sovinon-blan-beloe-suhoe-14,chteau_le_grand_vostock_sauvignon_blanc_sovinon_blan_beloe_suhoe_14_1d0d531b62.webp,studio_front,3f97214505988fcd4663de071c069e26b28e60833c9bce1842c5cc484675a4b1,strapi,,none,0
belmas-winery-sauvignon-blanc-belmas-sovinon-blan-beloe-suhoe-13-0001,belmas-winery-sauvignon-blanc-belmas-sovinon-blan-beloe-suhoe-13,belmas_winery_sauvignon_blanc_belmas_sovinon_blan_beloe_suhoe_13_8043c6c433.webp,studio_front,58b1cd1ed3c35a5851d3df6070dc563f37e1decae5b2c8b3c08b32503e069b2a,strapi,,none,0
vinogradniki-gay-kodzora-sauvignon-blanc-de-ga-kodzor-sovinon-blan-beloe-suhoe-12-0001,vinogradniki-gay-kodzora-sauvignon-blanc-de-ga-kodzor-sovinon-blan-beloe-suhoe-12,vinogradniki_gay_kodzora_sauvignon_blanc_de_ga_kodzor_sovinon_blan_beloe_suhoe_12_b968e9c060.webp,studio_front,f0cc6ccd0f3e0dd1c7fbc4c36a56a3469b15de71fc5174e685182ac508bd3a02,strapi,,none,0
belmas-winery-sauvignon-blanc-katya-sovinon-blan-beloe-suhoe-115-0001,belmas-winery-sauvignon-blanc-katya-sovinon-blan-beloe-suhoe-115,belmas_winery_sauvignon_blanc_katya_sovinon_blan_beloe_suhoe_115_f45cba05c3.webp,studio_front,b5b4b947301b4d798e405041569594867deb7308f82280dd0bf007102693393c,strapi,,none,0
belmas-winery-sauvignon-blanc-katya-belmas-sovinon-blan-beloe-suhoe-115-0001,belmas-winery-sauvignon-blanc-katya-belmas-sovinon-blan-beloe-suhoe-115,belmas_winery_sauvignon_blanc_katya_belmas_sovinon_blan_beloe_suhoe_115_0d366fd128.webp,studio_front,8fe8ee6041af76de7b14023f0bcb9504d2543a6ac9a5e2f6a4e7cb76eb1a14b7,strapi,,none,0
chteau-le-grand-vostock-sauvignon-blanc-reserve-sovinon-blan-beloe-suhoe-14-0001,chteau-le-grand-vostock-sauvignon-blanc-reserve-sovinon-blan-beloe-suhoe-14,chteau_le_grand_vostock_sauvignon_blanc_reserve_sovinon_blan_beloe_suhoe_14_76f3ec9fa3.webp,studio_front,74a7708c0f65fd6843b2c23bae6deb9a414156a26fe942e8b1a193c9d6f5d36e,strapi,,none,0
vinogradniki-gay-kodzora-semillion-de-gai-kodzor-semilon-beloe-sladkoe-12-0001,vinogradniki-gay-kodzora-semillion-de-gai-kodzor-semilon-beloe-sladkoe-12,vinogradniki_gay_kodzora_semillion_de_gai_kodzor_semilon_beloe_sladkoe_12_61091f4885.webp,studio_front,2cfdec5a3f03afe78fd741812d46a78432cfe1d1fec7436ebb9400c1adfc057d,strapi,,none,0
vinodelnya-myshako-sesto-senso-tropicheskiy-vzryv-gevyurtstraminer-beloe-suhoe-12-0001,vinodelnya-myshako-sesto-senso-tropicheskiy-vzryv-gevyurtstraminer-beloe-suhoe-12,vinodelnya_myshako_sesto_senso_tropicheskiy_vzryv_gevyurtstraminer_beloe_suhoe_12_a6df063535.webp,studio_front,7bf2310b388319e4d9fbd65846eb7fa87fe134046df688b78f730f1edc5eeac2,strapi,,none,0
vinodelnya-myshako-sesto-senso-tropicheskiy-vzryv-sovinon-blan-beloe-suhoe-12-0001,vinodelnya-myshako-sesto-senso-tropicheskiy-vzryv-sovinon-blan-beloe-suhoe-12,vinodelnya_myshako_sesto_senso_tropicheskiy_vzryv_sovinon_blan_beloe_suhoe_12_d33e41aa16.webp,studio_front,d78287b3bd241706f8e3567370ea078c9085169751971748309005720ed20413,strapi,,none,0
vinodelnya-myshako-sesto-senso-fruktovyy-vzryv-kaberne-sovinon-krasnoe-suhoe-155-0001,vinodelnya-myshako-sesto-senso-fruktovyy-vzryv-kaberne-sovinon-krasnoe-suhoe-155,vinodelnya_myshako_sesto_senso_fruktovyy_vzryv_kaberne_sovinon_krasnoe_suhoe_155_1cdb10e46e.webp,studio_front,2f88748e533d09bfcf5c68de0b9dfa7462aaef1ca34898f7011f20c83e5cb1e6,strapi,,none,0
vinodelnya-myshako-sesto-senso-yagodnyy-vzryv-merlo-rozovoe-suhoe-122-0001,vinodelnya-myshako-sesto-senso-yagodnyy-vzryv-merlo-rozovoe-suhoe-122,vinodelnya_myshako_sesto_senso_yagodnyy_vzryv_merlo_rozovoe_suhoe_122_fe6bf47e82.webp,studio_front,0c545b35156c17421be7b960ad3c41fbc7ac73ada295df551ff498e60a7773bb,strapi,,none,0
fanagoriya-solera-moscatel-oro-muskat-ottonel-beloe-suhoe-16-0001,fanagoriya-solera-moscatel-oro-muskat-ottonel-beloe-suhoe-16,fanagoriya_solera_moscatel_oro_muskat_ottonel_beloe_suhoe_16_9b53f1b676.webp,studio_front,b437fdfd943bcc2358b38007de207b20206ac93986d874dbf7e6e4b2c6f5f93c,strapi,,none,0
fanagoriya-solera-porto-negro-saperavi-krasnoe-suhoe-15-0001,fanagoriya-solera-porto-negro-saperavi-krasnoe-suhoe-15,fanagoriya_solera_porto_negro_saperavi_krasnoe_suhoe_15_da8532cb52.webp,studio_front,e4d1f49d909d8f327134ca782ac5f85104ac7b38eb11cb2d2f29f5413f62e6e1,strapi,,none,0
fanagoriya-solera-rkatsiteli-ambra-rkatsiteli-beloe-suhoe-15-0001,fanagoriya-solera-rkatsiteli-ambra-rkatsiteli-beloe-suhoe-15,fanagoriya_solera_rkatsiteli_ambra_rkatsiteli_beloe_suhoe_15_e7d1b39f59.webp,studio_front,e4acf990e6278f15e1d64ed8953311aa8ef325a2d7e14134ff9f76905da73723,strapi,,none,0
fanagoriya-solera-saperavi-ruby-saperavi-krasnoe-suhoe-16-0001,fanagoriya-solera-saperavi-ruby-saperavi-krasnoe-suhoe-16,fanagoriya_solera_saperavi_ruby_saperavi_krasnoe_suhoe_16_12e48bf206.webp,studio_front,7e6ec3b90d84933093e38aa4223bbce5c7172ea6b10096d260f0e7a663655c0c,strapi,,none,0
inkermanskiy-zmv-special-reserve-rkatsiteli-beloe-suhoe-13-0001,inkermanskiy-zmv-special-reserve-rkatsiteli-beloe-suhoe-13,inkermanskiy_zmv_special_reserve_rkatsiteli_beloe_suhoe_vyderzhannoe_13_0f63a24569.webp,studio_front,d24570a8bf4f7846be37951d3f4d61467b35faaf2ea4c1a69349df04bdc7489b,strapi,,none,0
abrau-dyurso-spumante-bryut-roze-shardone-rozovoe-12-0001,abrau-dyurso-spumante-bryut-roze-shardone-rozovoe-12,abrau_dyurso_spumante_bryut_roze_shardone_igristoe_bryut_rozovoe_12_36f26aa26f.webp,studio_front,c5d51346cbb424d363c8f387d8dac2653ff6662cfdef10eba06223a3f7221ba9,strapi,,none,0
fanagoriya-sur-lie-chardonnay-shardone-beloe-suhoe-135-0001,fanagoriya-sur-lie-chardonnay-shardone-beloe-suhoe-135,fanagoriya_sur_lie_chardonnay_shardone_beloe_suhoe_135_03450c562d.webp,studio_front,a726972acef30e9dfc839fbe85ee72c7202d30befb6ddcdc03e722a3aa4cbf2f,strapi,,none,0
fanagoriya-sur-lie-clairet-saperavi-krasnoe-suhoe-13-0001,fanagoriya-sur-lie-clairet-saperavi-krasnoe-suhoe-13,fanagoriya_sur_lie_clairet_saperavi_krasnoe_suhoe_13_793f3ddcad.webp,studio_front,b080afc8b1fddfba2071ad3d1d199c5d7faa7745142c3068c43c2c35be7057de,strapi,,none,0
fanagoriya-sur-lie-vi-vi-aligote-beloe-suhoe-125-0001,fanagoriya-sur-lie-vi-vi-aligote-beloe-suhoe-125,fanagoriya_sur_lie_vi_vi_aligote_beloe_suhoe_125_389d32e07e.webp,studio_front,8e290daa56f4a29825f3f876b8cb7f7360991f3a279518c26415aae279be3f45,strapi,,none,0
stn-winery-syrah-sira-krasnoe-suhoe-13-0001,stn-winery-syrah-sira-krasnoe-suhoe-13,stn_winery_syrah_sira_krasnoe_suhoe_13_6fc188de6e.webp,studio_front,194b6268cfa78f67f223f56b020d85cc73d33acc1f955afd178e35c64f4102a8,strapi,,none,0
domaine-lipko-syrah-domaine-lipko-sira-krasnoe-suhoe-14-0001,domaine-lipko-syrah-domaine-lipko-sira-krasnoe-suhoe-14,domaine_lipko_syrah_domaine_lipko_sira_krasnoe_suhoe_14_4a737361dc.webp,studio_front,2b2554020571ae837b874235f4466d34695d0ac881fd23d919244a04ead28330,strapi,,none,0
belmas-winery-syrah-katya-belmas-sira-krasnoe-suhoe-125-0001,belmas-winery-syrah-katya-belmas-sira-krasnoe-suhoe-125,belmas_winery_syrah_katya_belmas_sira_krasnoe_suhoe_125_53ec9045d4.webp,studio_front,ef0071309867353857aa6f3e3eeaddc78be4cde62ef5fd2c5057f2184b081f6d,strapi,,none,0
tamara-2022-0001,tamara-2022,Tamara_22_9ef262fd0c.webp,studio_front,9378af0252163803c2842f8554f043c7747c9ff3fd76c43653acb4f28a5c912f,strapi,,none,0
tamara-0001,tamara,Tamara_23_6f3b7dd41c.webp,studio_front,2aff8076b20e1fa01b1814a18f10ab1e2b920d26d6ddcea7768adf10ae7f3d56,strapi,,none,0
vinogradniki-gay-kodzora-terroir-blanc-de-ga-kodzor-semilon-beloe-suhoe-13-0001,vinogradniki-gay-kodzora-terroir-blanc-de-ga-kodzor-semilon-beloe-suhoe-13,vinogradniki_gay_kodzora_terroir_blanc_de_ga_kodzor_semilon_beloe_suhoe_13_e642b358c7.webp,studio_front,daa39728b255bc0bb91b3c59e7d48660fbaf00f020d0768548d81959e599cdb8,strapi,,none,0
vinogradniki-gay-kodzora-terroir-de-gai-kodzor-sira-krasnoe-suhoe-14-0001,vinogradniki-gay-kodzora-terroir-de-gai-kodzor-sira-krasnoe-suhoe-14,vinogradniki_gay_kodzora_terroir_de_gai_kodzor_sira_krasnoe_suhoe_14_f2d3a63dff.webp,studio_front,1f01747ecafede38d3b73d9617dd9fb8a77917f861850151daeebb5b3e4453f4,strapi,,none,0
vinogradniki-gay-kodzora-terroir-red-klyon-de-ga-kodzor-sira-krasnoe-suhoe-14-0001,vinogradniki-gay-kodzora-terroir-red-klyon-de-ga-kodzor-sira-krasnoe-suhoe-14,vinogradniki_gay_kodzora_terroir_red_klyon_de_ga_kodzor_sira_krasnoe_suhoe_14_715bb0e9f8.webp,studio_front,73cda5c567dbeb174cb96a93aead3f50c463934599be1435ef666517a4c974c7,strapi,,none,0
pomeste-golubitskoe-tte-de-cheval-bryut-risling-reynskiy-beloe-12-0001,pomeste-golubitskoe-tte-de-cheval-bryut-risling-reynskiy-beloe-12,pomeste_golubitskoe_tte_de_cheval_bryut_risling_reynskiy_igristoe_bryut_beloe_12_2bf0507734.webp,studio_front,a3dc2006c9a16ca4f64b5981614781e6316bc066f0ea51079893c75fcf1a58eb,strapi,,none,0
pomeste-golubitskoe-tte-de-cheval-sladkoe-risling-reynskiy-beloe-12-0001,pomeste-golubitskoe-tte-de-cheval-sladkoe-risling-reynskiy-beloe-12,pomeste_golubitskoe_tte_de_cheval_sladkoe_risling_reynskiy_igristoe_sladkoe_beloe_12_1c2f312bb9.webp,studio_front,5215546fac4a99b9deee33790f621c318221818d5b977a9d6d8af8a4653decf6,strapi,,none,0
pomeste-golubitskoe-tte-de-cheval-sladkoe-roze-pino-gri-rozovoe-115-0001,pomeste-golubitskoe-tte-de-cheval-sladkoe-roze-pino-gri-rozovoe-115,pomeste_golubitskoe_tte_de_cheval_sladkoe_roze_pino_gri_sladkoe_rozovoe_115_f49c737b87.webp,studio_front,bc579f842d7965954eb5647d939cf27c30be056d1d2816f08b6b28efe8f9355b,strapi,,none,0
pomeste-golubitskoe-tte-de-cheval-blanc-de-blancs-shardone-beloe-bryut-12-0001,pomeste-golubitskoe-tte-de-cheval-blanc-de-blancs-shardone-beloe-bryut-12,pomeste_golubitskoe_tte_de_cheval_blanc_de_blancs_shardone_igristoe_bryut_beloe_12_62b407f781.webp,studio_front,9bef7f7a8ab28f3593318d1e40f925e1a9ce3490dc664ebbf7f19bcf72153986,strapi,,none,0
golubitskoe-estate-tte-de-cheval-blanc-de-blancs-shardone-beloe-bryut-12-0001,golubitskoe-estate-tte-de-cheval-blanc-de-blancs-shardone-beloe-bryut-12,golubitskoe_estate_tte_de_cheval_blanc_de_blancs_shardone_igristoe_bryut_beloe_12_3e39593da4.webp,studio_front,dc1de63c20dd1f61993f642d1d49bcd3d8d9a259ba9367d70a0b4c906ca5853e,strapi,,none,0
golubitskoe-estate-tte-de-cheval-reserve-risling-beloe-bryut-125-0001,golubitskoe-estate-tte-de-cheval-reserve-risling-beloe-bryut-125,golubitskoe_estate_tte_de_cheval_reserve_risling_igristoe_bryut_beloe_125_35e3a92939.webp,studio_front,6306823a73f522d428c76c4ac7a6d4d07feba742a59b47f58009b7fe54562e41,strapi,,none,0
golubitskoe-estate-tte-de-cheval-zero-dosage-ekstra-bryut-sovinon-blan-beloe-12-0001,golubitskoe-estate-tte-de-cheval-zero-dosage-ekstra-bryut-sovinon-blan-beloe-12,golubitskoe_estate_tte_de_cheval_zero_dosage_ekstra_bryut_sovinon_blan_igristoe_ekstra_bryut_beloe_12_9438066f79.webp,studio_front,2d9503374104cc47f25a86bcfdbba48641408801077c29b023c0c7e395fcba76,strapi,,none,0
golubitskoe-estate-tte-de-cheval-bryut-risling-beloe-12-0001,golubitskoe-estate-tte-de-cheval-bryut-risling-beloe-12,golubitskoe_estate_tte_de_cheval_bryut_risling_igristoe_bryut_beloe_12_4852fa5a2f.webp,studio_front,f8be8725a38433449cd74dc02439d3ee03f58024ccfcfa1032fc4d5090a3c1ca,strapi,,none,0
golubitskoe-estate-tte-de-chevall-roze-pino-nuar-rozovoe-bryut-12-0001,golubitskoe-estate-tte-de-chevall-roze-pino-nuar-rozovoe-bryut-12,golubitskoe_estate_tte_de_chevall_roze_pino_nuar_igristoe_bryut_rozovoe_12_6482e84b25.webp,studio_front,b0564245b05e5b9c4eb3f713ad521873b73ef8d31c5463d15de166cd6f9db360,strapi,,none,0
toile-de-vin-cabernet-sauvignon-0001,toile-de-vin-cabernet-sauvignon,toile_de_vin_cabernet_sauvignon_cfd349369d.webp,studio_front,9022676822ff11652d27d2f0230733bd14c3ac6999480e1dbc49770bfce3d834,strapi,,none,0
toile-de-vin-chardonnay-0001,toile-de-vin-chardonnay,toile_de_vin_chardonnay_cc38e00e9d.webp,studio_front,a220498cded9128ee710e1e926412b276b920590593dd8ee17eb7dbd99a4fa37,strapi,,none,0
toile-de-vin-merlot-0001,toile-de-vin-merlot,toile_de_vin_merlot_3d176a2b04.webp,studio_front,c113eaea1fd7e14ef4185efcc1f290826b99b9dd690038c9f4ed15548e1acdea,strapi,,none,0
toile-de-vin-pinot-blanc-0001,toile-de-vin-pinot-blanc,toile_de_vin_pinot_blanc_b7d593d929.webp,studio_front,ef83a419425748f0c571aa7be77286b6aa5de6419eeeb29c7769bf831d8c2261,strapi,,none,0
uva-vallis-sovinon-blan-0001,uva-vallis-sovinon-blan,ww57rzc00l282kwnjykk6sj1jnn3tcz6_bdc12a2c90.webp,studio_front,38c55727a85f4f3834f21ee6c5ec08d012b37be56eabd50013a944fb5d799dbf,strapi,,none,0
fanagoriya-velvet-season-risling-beloe-sladkoe-12-0001,fanagoriya-velvet-season-risling-beloe-sladkoe-12,fanagoriya_velvet_season_risling_beloe_sladkoe_12_3dae247160.webp,studio_front,68319735b44f925a4a5ae92b222db54f6923a0d8318444fc86fab0a2f9c33ea2,strapi,,none,0
fanagoriya-velvet-season-muskat-ottonel-beloe-sladkoe-13-0001,fanagoriya-velvet-season-muskat-ottonel-beloe-sladkoe-13,fanagoriya_velvet_season_muskat_ottonel_beloe_sladkoe_13_737d19601c.webp,studio_front,3a8f2901a48e3c61f553cd0722761f32d6f04ba7be09852e1953a8a1280ae3c8,strapi,,none,0
vibes-vermentino-viognier-barrel-fermented-vermentino-beloe-suhoe-115-0001,vibes-vermentino-viognier-barrel-fermented-vermentino-beloe-suhoe-115,vibes_vermentino_viognier_barrel_fermented_vermentino_beloe_suhoe_115_fe273c3a1b.webp,studio_front,de09ed3defccb24c72aa11cf8e370c69155238ed293b5f23fbdf52d2892622c1,strapi,,none,0
agrolayn-vexillum-blanc-de-blancs-shardone-beloe-bryut-115-0001,agrolayn-vexillum-blanc-de-blancs-shardone-beloe-bryut-115,agrolayn_vexillum_blanc_de_blancs_shardone_igristoe_bryut_beloe_115_95d59e344a.webp,studio_front,cf7496ae8a8c3bd107c6455512591c3c37d95c5cc6c4f6e8a803350d9dd0ef3e,strapi,,none,0
agrolayn-vexillum-blanc-de-noirs-pino-nuar-beloe-bryut-12-0001,agrolayn-vexillum-blanc-de-noirs-pino-nuar-beloe-bryut-12,agrolayn_vexillum_blanc_de_noirs_pino_nuar_igristoe_bryut_beloe_12_82c19c7b32.webp,studio_front,d12490a33ef8ef86dc9b57a44476a6671e7fbc44ece36f857de395074e5ab384,strapi,,none,0
vibes-chardonnay-barrel-fermented-2021-0001,vibes-chardonnay-barrel-fermented-2021,bottle_01_Chardonnay_3f2618d7aa.webp,studio_front,6f669c37458ec00ddeed2c9a9a7f6c2fdbe9ad6bf9ae3d866dc145a294c32a4b,strapi,,none,0
vibes-glera-col-fondo-2022-0001,vibes-glera-col-fondo-2022,bottle_07_Glera_c501ac35b9.webp,studio_front,197cc2398f0ce7f345cbf14e3bb6e5ab2cedf7af5d43eb7489982ebdb586b905,strapi,,none,0
vibes-pinot-grigio-2021-0001,vibes-pinot-grigio-2021,bottle_04_Pinot_Grigio_746de452f7.webp,studio_front,be62d958f824ed81bdda434b690f03cf1a7bf06a9c740015274fc9f67c403edc,strapi,,none,0
vibes-riesling-silvaner-2022-0001,vibes-riesling-silvaner-2022,01_Riesling_Silvaner_2022_1_4d11fabbf5.webp,studio_front,04a29d68b37f8510b94adced85c8d232d4d2108d77af036cdcc28ed5b0ffc435,strapi,,none,0
vibes-silvaner-2022-0001,vibes-silvaner-2022,02_Silvaner_2022_2241743a4e.webp,studio_front,a266b640aae111a82570af16e8d287155eebc1804999fbddd8cd23f5b8da01d8,strapi,,none,0
silvaner-pet-nat-2022-0001,silvaner-pet-nat-2022,bottle_06_Silvaner_a23d302323.webp,studio_front,bf143f7f5c75a8689a67199ef1a283f7947112c5bbca1fa60e1948ade8b26646,strapi,,none,0
abrau-dyurso-victor-dravigny-brut-shardone-beloe-bryut-12-0001,abrau-dyurso-victor-dravigny-brut-shardone-beloe-bryut-12,abrau_dyurso_victor_dravigny_brut_shardone_beloe_bryut_12_4ab7b05e3d.webp,studio_front,3c431abde15d578d921fe1dab5e78cf91badad104459160fc060a17b26a0b8d8,strapi,,none,0
abrau-dyurso-victor-dravigny-brut-rose-pino-nuar-rozovoe-bryut-12-0001,abrau-dyurso-victor-dravigny-brut-rose-pino-nuar-rozovoe-bryut-12,abrau_dyurso_victor_dravigny_brut_rose_pino_nuar_rozovoe_bryut_12_c7199512eb.webp,studio_front,27e0d378ef416c867877f631952a1f2c02027ddb1ca1296dab967207f2984f1a,strapi,,none,0
abrau-dyurso-victor-dravigny-extra-brut-shardone-beloe-bryut-125-0001,abrau-dyurso-victor-dravigny-extra-brut-shardone-beloe-bryut-125,abrau_dyurso_victor_dravigny_extra_brut_shardone_beloe_bryut_125_86dc223df3.webp,studio_front,d83b4af1e66a2959bb049a795016df800f3cb83436c96f8e442451db5229bcb0,strapi,,none,0
abrau-dyurso-victor-dravigny-koshernoe-bryut-shardone-beloe-125-0001,abrau-dyurso-victor-dravigny-koshernoe-bryut-shardone-beloe-125,abrau_dyurso_victor_dravigny_koshernoe_bryut_shardone_beloe_125_662e4e2b51.webp,studio_front,da3dee6088c78d3050f7a83c0329ae3c3b45eaa0a5bae649992f3675a2859612,strapi,,none,0
abrau-dyurso-victor-dravigny-krasnoe-polusladkoe-kaberne-sovinon-125-0001,abrau-dyurso-victor-dravigny-krasnoe-polusladkoe-kaberne-sovinon-125,abrau_dyurso_victor_dravigny_krasnoe_polusladkoe_kaberne_sovinon_125_f0e4d2775c.webp,studio_front,356c8664a428f36a108cb0a9005fc117335392b5fe867af745f18c1cc9855c1b,strapi,,none,0
abrau-dyurso-victor-dravigny-polusladkoe-sovinon-blan-beloe-12-0001,abrau-dyurso-victor-dravigny-polusladkoe-sovinon-blan-beloe-12,abrau_dyurso_victor_dravigny_polusladkoe_sovinon_blan_beloe_12_ec087df76c.webp,studio_front,fc1f7d60147c8749bfaa5a0628a835d9528aa130b25fab7dd50ad7ab034e7a99,strapi,,none,0
abrau-dyurso-victor-dravigny-polusuhoe-pino-blan-beloe-12-0001,abrau-dyurso-victor-dravigny-polusuhoe-pino-blan-beloe-12,abrau_dyurso_victor_dravigny_polusuhoe_pino_blan_beloe_12_7b6de7aca6.webp,studio_front,aecd7e2a637078ddcfa55e2909c96ed76ee59b20300a8a95dfa1e4e2d5495b08,strapi,,none,0
belmas-winery-viogner-katya-vione-beloe-suhoe-135-0001,belmas-winery-viogner-katya-vione-beloe-suhoe-135,belmas_winery_viogner_katya_vione_beloe_suhoe_135_400b1034b7.webp,studio_front,c853a783c067060082cfdbe5ec7bb64a1af89ed525f054ff0faef0b0a29a3e35,strapi,,none,0
belmas-winery-viognier-belmas-vione-beloe-suhoe-122-0001,belmas-winery-viognier-belmas-vione-beloe-suhoe-122,belmas_winery_viognier_belmas_vione_beloe_suhoe_122_555561eab4.webp,studio_front,4b32c338e7664c3bbb4076ecad990c56b0f7645eeb57754de70b5aeac7b5a331,strapi,,none,0
vinogradniki-gay-kodzora-viognier-de-ga-kodzor-vione-beloe-suhoe-125-0001,vinogradniki-gay-kodzora-viognier-de-ga-kodzor-vione-beloe-suhoe-125,vinogradniki_gay_kodzora_viognier_de_ga_kodzor_vione_beloe_suhoe_125_b8fae3d571.webp,studio_front,9a8cb12913c8dbedb2d928313f9169627c015bb2db5fc5218ce6c89e27a3d9aa,strapi,,none,0
belmas-winery-viognier-katya-belmas-vione-beloe-suhoe-135-0001,belmas-winery-viognier-katya-belmas-vione-beloe-suhoe-135,belmas_winery_viognier_katya_belmas_vione_beloe_suhoe_135_9ae123fee2.webp,studio_front,ec3a8297e18ddb204115e0d14bc151fa0866b9b1b0de987d0721fbcccff149bd,strapi,,none,0
viognier-special-reserve-0001,viognier-special-reserve,vivi_no_bg_preview_carve_photos_dc2346510b.webp,studio_front,e9ff3f754111bcb2a402e61e9204c3dbef4b82d72d09b4b8def9ebe34980b684,strapi,,none,0
vinodelnya-batrak-vitale-kraft-kaberne-sovinon-krasnoe-suhoe-14-0001,vinodelnya-batrak-vitale-kraft-kaberne-sovinon-krasnoe-suhoe-14,vinodelnya_batrak_vitale_kraft_kaberne_sovinon_krasnoe_suhoe_14_7c5d8749a7.webp,studio_front,a451f36c31bda88c13ae03fced0a0b988bdf62e06debdd22c5eb258403d4255f,strapi,,none,0
domaine-de-la-vivandiere-vn-beloe-aligote-suhoe-131-0001,domaine-de-la-vivandiere-vn-beloe-aligote-suhoe-131,domaine_de_la_vivandiere_vn_beloe_aligote_beloe_suhoe_131_5d98fba99a.webp,studio_front,b8ec7a54e00a2ff4dacde9c779f6f0c48d24c8341ffe794ed1d2f61b167e8048,strapi,,none,0
domaine-de-la-vivandiere-vn-krasnoe-pino-nuar-suhoe-12-0001,domaine-de-la-vivandiere-vn-krasnoe-pino-nuar-suhoe-12,domaine_de_la_vivandiere_vn_krasnoe_pino_nuar_krasnoe_suhoe_12_22b28437fb.webp,studio_front,35a5c3a8f5e173fe24bcc3be0951f8ad5354a5d7a04de2025ede6ee8364d3b30,strapi,,none,0
chteau-le-grand-vostock-vostock-blanc-sovinon-blan-beloe-suhoe-135-0001,chteau-le-grand-vostock-vostock-blanc-sovinon-blan-beloe-suhoe-135,chteau_le_grand_vostock_vostock_blanc_sovinon_blan_beloe_suhoe_135_5964579dc4.webp,studio_front,88e2733b504a7601cb8e762022751ad1e5710579c46a170169eeb988e2745364,strapi,,none,0
usadba-divnomorskoe-west-hill-blend-kaberne-sovinon-krasnoe-suhoe-145-0001,usadba-divnomorskoe-west-hill-blend-kaberne-sovinon-krasnoe-suhoe-145,usadba_divnomorskoe_west_hill_blend_kaberne_sovinon_krasnoe_suhoe_145_4333feb5d3.webp,studio_front,08ad0390a7f81093cf024ee9a36394b066531cd35f27c8442a25cbae694946d3,strapi,,none,0
domaine-lipko-white-blend-tsitronnyy-magaracha-beloe-suhoe-115-0001,domaine-lipko-white-blend-tsitronnyy-magaracha-beloe-suhoe-115,domaine_lipko_white_blend_tsitronnyy_magaracha_beloe_suhoe_115_24011764ba.webp,studio_front,63fc03e0dec79734f766dd6c6d3b2be3259d6a8e44d2c66f658fae14878685f4,strapi,,none,0
inkermanskiy-zmv-winemakers-selection-saperavi-krasnoe-polusladkoe-12-0001,inkermanskiy-zmv-winemakers-selection-saperavi-krasnoe-polusladkoe-12,inkermanskiy_zmv_winemakers_selection_saperavi_igristoe_polusladkoe_krasnoe_12_b8254979b2.webp,studio_front,4fd5052ef334c37a37a191c8a6b9a1b470b7beccdc3b5038647b56fffdc8718c,strapi,,none,0
golubitskoe-estate-winery-series-pino-nuar-rozovoe-suhoe-115-0001,golubitskoe-estate-winery-series-pino-nuar-rozovoe-suhoe-115,golubitskoe_estate_winery_series_pino_nuar_rozovoe_suhoe_115_98c49c99e9.webp,studio_front,31889e7c627bf074e7e6c0a17415c7f2436287ae0c6371522e18178b6688c0a6,strapi,,none,0
golubitskoe-estate-winery-series-roze-blend-kaberne-sovinon-rozovoe-suhoe-117-0001,golubitskoe-estate-winery-series-roze-blend-kaberne-sovinon-rozovoe-suhoe-117,golubitskoe_estate_winery_series_roze_blend_kaberne_sovinon_rozovoe_suhoe_117_caa738d581.webp,studio_front,f4ebbdd6baa7116d0c78458ef71752c5d4a1976404e238e7edac054c8c547827,strapi,,none,0
zolotaya-balka-zb-frizzante-dry-risling-beloe-suhoe-10-0001,zolotaya-balka-zb-frizzante-dry-risling-beloe-suhoe-10,zolotaya_balka_zb_frizzante_dry_risling_beloe_suhoe_10_992e8ffb9f.webp,studio_front,6ec6aed0f07d333373c0b71c4d9a58b644955921d23d12b734cc7245a68f5c7b,strapi,,none,0
zolotaya-balka-zb-frizzante-semi-dry-rose-risling-rozovoe-polusuhoe-10-0001,zolotaya-balka-zb-frizzante-semi-dry-rose-risling-rozovoe-polusuhoe-10,zolotaya_balka_zb_frizzante_semi_dry_rose_risling_rozovoe_polusuhoe_10_462381c9b4.webp,studio_front,7cf33a9c1e03624e8a45bae4a7b04cf2566af055c65e8d4c25bcbfdc7f63c1b5,strapi,,none,0
zolotaya-balka-zb-moscato-semi-sweet-rose-muskat-yantarnyy-rozovoe-polusladkoe-9-0001,zolotaya-balka-zb-moscato-semi-sweet-rose-muskat-yantarnyy-rozovoe-polusladkoe-9,zolotaya_balka_zb_moscato_semi_sweet_rose_muskat_yantarnyy_rozovoe_polusladkoe_9_25026eb2e3.webp,studio_front,7eadbe3ee025c7306ac54b99d6a429ac1fd3083859c1d9670789ce23cc1b8ab5,strapi,,none,0
zolotaya-balka-zb-spumante-brut-risling-beloe-bryut-125-0001,zolotaya-balka-zb-spumante-brut-risling-beloe-bryut-125,zolotaya_balka_zb_spumante_brut_risling_beloe_bryut_125_624bd4301a.webp,studio_front,b41e6c78d7b43a6d646827a0f26ab14dc5db3f5e58170bd836b0958606759bc0,strapi,,none,0
zolotaya-balka-zb-spumante-semi-dry-risling-beloe-polusuhoe-125-0001,zolotaya-balka-zb-spumante-semi-dry-risling-beloe-polusuhoe-125,zolotaya_balka_zb_spumante_semi_dry_risling_beloe_polusuhoe_125_b4807ef6ee.webp,studio_front,84df34b843a9517752a7cbe09d91f93e2d82d354fb3b4b51411e05003040556d,strapi,,none,0
zolotaya-balka-zb-wine-riesling-risling-beloe-polusuhoe-115-0001,zolotaya-balka-zb-wine-riesling-risling-beloe-polusuhoe-115,zolotaya_balka_zb_wine_riesling_risling_beloe_polusuhoe_115_1b10f56379.webp,studio_front,c2e82793865fc1c5bf05fcce5fd2fa9da8c424a10eaf215777a3f3b70b11b589,strapi,,none,0
zolotaya-balka-zb-wine-sauvignon-blanc-sovinon-blan-beloe-suhoe-125-0001,zolotaya-balka-zb-wine-sauvignon-blanc-sovinon-blan-beloe-suhoe-125,zolotaya_balka_zb_wine_sauvignon_blanc_sovinon_blan_beloe_suhoe_125_f910ea40b7.webp,studio_front,a55afa97b952c5fe6dc960d0b0a629f9183f00c8362c261638223467110bd801,strapi,,none,0
abrau-dyurso-udelnoe-vedomstvo-imperatorskoe-beloe-polusladkoe-0001,abrau-dyurso-udelnoe-vedomstvo-imperatorskoe-beloe-polusladkoe,Abrau_Dyurso_Udelnoe_Vedomstvo_Imperatorskoe_beloe_polusladkoe_fac98a6538.webp,studio_front,15cb011ca98404d85a3b021f21f91269af3e905cb9eabb279a0f25f503b9d229,strapi,,none,0
abrau-dyurso-abrau-kupazh-krasnyy-polsusladkoe-kaberne-sovinon-krasnoe-polusladkoe-11-0001,abrau-dyurso-abrau-kupazh-krasnyy-polsusladkoe-kaberne-sovinon-krasnoe-polusladkoe-11,abrau_dyurso_abrau_kupazh_krasnyy_polsusladkoe_kaberne_sovinon_krasnoe_polusladkoe_11_291e93ae8d.webp,studio_front,dc2cd3a9987363d9fca3ade8ebf86293511db0a29675870a7a048e3f8a62710f,strapi,,none,0
abrau-dyurso-abrau-kupazh-svetlyy-suhoe-shardone-beloe-125-0001,abrau-dyurso-abrau-kupazh-svetlyy-suhoe-shardone-beloe-125,abrau_dyurso_abrau_kupazh_svetlyy_suhoe_shardone_beloe_125_b60d4bb639.webp,studio_front,1da65da387479645a1c4360bb92dffb4f31d8be823104454ba4ad8f9f8cfd1fa,strapi,,none,0
abrau-dyurso-abrau-kupazh-tyomnyy-suhoe-kaberne-sovinon-krasnoe-13-0001,abrau-dyurso-abrau-kupazh-tyomnyy-suhoe-kaberne-sovinon-krasnoe-13,abrau_dyurso_abrau_kupazh_tyomnyy_suhoe_kaberne_sovinon_krasnoe_13_a9c6a97e9b.webp,studio_front,aeac8a6eff423d88e8cf66349d4138a8ac717b9b9bf9ceeaa32c9453da17eb16,strapi,,none,0
abrau-dyurso-abrau-dyurso-pino-nuar-krasnoe-suhoe-13-0001,abrau-dyurso-abrau-dyurso-pino-nuar-krasnoe-suhoe-13,abrau_dyurso_abrau_dyurso_pino_nuar_krasnoe_suhoe_13_2c1e6330fe.webp,studio_front,b3c3379aa13e2ce09eb6cd740e9d6e6d8b339644a90478082254d5f74f9ba97b,strapi,,none,0
sober-bash-avrora-2024-krasnostop-zolotovskiy-rozovoe-suhoe-14-0001,sober-bash-avrora-2024-krasnostop-zolotovskiy-rozovoe-suhoe-14,sober_bash_avrora_2024_krasnostop_zolotovskiy_rozovoe_suhoe_14_016209463e.webp,studio_front,41be9b4608980737ab185bb754df6fe341ecec5d1593923004cc4e348c89cd83,strapi,,none,0
valeriy-zaharin-avtorskoe-vino-ot-valeriya-zaharina-aleatiko-rozovoe-suhoe-115-0001,valeriy-zaharin-avtorskoe-vino-ot-valeriya-zaharina-aleatiko-rozovoe-suhoe-115,valeriy_zaharin_avtorskoe_vino_ot_valeriya_zaharina_aleatiko_rozovoe_suhoe_115_433a921c43.webp,studio_front,49663bc4a3aa7de935fa578fdc50fb84f2650104f270609c9abc12317afae715,strapi,,none,0
valeriy-zaharin-avtorskoe-vino-ot-valeriya-zaharina-bastardo-bastardo-magarachskiy-krasnoe-suhoe-12-0001,valeriy-zaharin-avtorskoe-vino-ot-valeriya-zaharina-bastardo-bastardo-magarachskiy-krasnoe-suhoe-12,valeriy_zaharin_avtorskoe_vino_ot_valeriya_zaharina_bastardo_bastardo_magarachskiy_krasnoe_suhoe_12_9ae8962a73.webp,studio_front,002052e2fd67449f8f5fd00b199834a2febf8570a8f39254ab995940d0a1ca9a,strapi,,none,0
valeriy-zaharin-avtorskoe-vino-ot-valeriya-zaharina-krasnoe-pino-nuar-suhoe-125-0001,valeriy-zaharin-avtorskoe-vino-ot-valeriya-zaharina-krasnoe-pino-nuar-suhoe-125,valeriy_zaharin_avtorskoe_vino_ot_valeriya_zaharina_krasnoe_pino_nuar_krasnoe_suhoe_125_32e5dd1102.webp,studio_front,43636ef409f5070093d0544a9ddcec4d07e52ac1c8492cc59f0f5bd822f47b5c,strapi,,none,0
massandra-avtorskoe-murvedr-krasnoe-suhoe-14-0001,massandra-avtorskoe-murvedr-krasnoe-suhoe-14,massandra_avtorskoe_murvedr_krasnoe_suhoe_14_9f3b7f61d6.webp,studio_front,53a94644da3c59c3004c3434002a0e528bb5fa31c1f7a9f5c5f30f1721b0f0a5,strapi,,none,0
zimovets-avtohton-tsimlyanskiy-chernyy-krasnoe-suhoe-135-0001,zimovets-avtohton-tsimlyanskiy-chernyy-krasnoe-suhoe-135,zimovets_avtohton_tsimlyanskiy_chernyy_krasnoe_suhoe_135_c4f818da0f.webp,studio_front,f75f1621c65f689bc889cb67126bcf4da10ed61d175107d74bd9e1aa2e093316,strapi,,none,0
valeriy-zaharin-avtohtonnoe-vino-kryma-ot-valeriya-zaharina-aleatiko-kefesiya-rozovoe-suhoe-11-0001,valeriy-zaharin-avtohtonnoe-vino-kryma-ot-valeriya-zaharina-aleatiko-kefesiya-rozovoe-suhoe-11,valeriy_zaharin_avtohtonnoe_vino_kryma_ot_valeriya_zaharina_aleatiko_kefesiya_rozovoe_suhoe_11_8a5f697ad1.webp,studio_front,a422c720fcfd061ecda89de3bb72d01dbe3cd95735d174428b8ca645cc5cd3f2,strapi,,none,0
valeriy-zaharin-avtohtonnoe-vino-kryma-ot-valeriya-zaharina-bastardo-kefesiya-bastardo-magarachskiy-krasnoe-suhoe-115-0001,valeriy-zaharin-avtohtonnoe-vino-kryma-ot-valeriya-zaharina-bastardo-kefesiya-bastardo-magarachskiy-krasnoe-suhoe-115,valeriy_zaharin_avtohtonnoe_vino_kryma_ot_valeriya_zaharina_bastardo_kefesiya_bastardo_magarachskiy_krasnoe_suhoe_115_292d4c5970.webp,studio_front,47d31836522a42e9b4df2320c94b645b7e7c47b6edb81ed944cc8a92edbdcb10,strapi,,none,0
valeriy-zaharin-avtohtonnoe-vino-kryma-ot-valeriya-zaharina-kefesiya-rezerv-krasnoe-suhoe-13-0001,valeriy-zaharin-avtohtonnoe-vino-kryma-ot-valeriya-zaharina-kefesiya-rezerv-krasnoe-suhoe-13,valeriy_zaharin_avtohtonnoe_vino_kryma_ot_valeriya_zaharina_kefesiya_rezerv_krasnoe_suhoe_13_a236e73a0c.webp,studio_front,fd5c68ae6bffed56a6a9ab338f93331de80819babc99c32522233eb2b60651d8,strapi,,none,0
valeriy-zaharin-avtohtonnoe-vino-kryma-ot-valeriya-zaharina-kokur-sary-pandas-kokur-belyy-beloe-suhoe-115-0001,valeriy-zaharin-avtohtonnoe-vino-kryma-ot-valeriya-zaharina-kokur-sary-pandas-kokur-belyy-beloe-suhoe-115,valeriy_zaharin_avtohtonnoe_vino_kryma_ot_valeriya_zaharina_kokur_sary_pandas_kokur_belyy_beloe_suhoe_115_c97a8b21ba.webp,studio_front,4f145e2625c9d2160366a78e73481ac929184fe553ed7cbffc0d8a72e5386caa,strapi,,none,0
valeriy-zaharin-avtohtonnoe-vino-kryma-avtorskiy-kupazh-bastardo-saperavi-kefesiya-bastardo-magarachskiy-krasnoe-suhoe-12-0001,valeriy-zaharin-avtohtonnoe-vino-kryma-avtorskiy-kupazh-bastardo-saperavi-kefesiya-bastardo-magarachskiy-krasnoe-suhoe-12,valeriy_zaharin_avtohtonnoe_vino_kryma_avtorskiy_kupazh_bastardo_saperavi_kefesiya_bastardo_magarachskiy_krasnoe_suhoe_12_1d86b29cfe.webp,studio_front,1666d8b3058a2f3586e05529936011590638ea7db86beabab6c4800e29d134ed,strapi,,none,0
valeriy-zaharin-avtohtonnoe-vino-kryma-sary-pandas-rezerv-beloe-suhoe-115-0001,valeriy-zaharin-avtohtonnoe-vino-kryma-sary-pandas-rezerv-beloe-suhoe-115,valeriy_zaharin_avtohtonnoe_vino_kryma_sary_pandas_rezerv_beloe_suhoe_115_10be7b7189.webp,studio_front,31f07ebcd461fe5f6d7f6471f66405e65c71ce16676647860bd7a5f4782df66a,strapi,,none,0
vinodelnya-krinitsa-azyur-vione-beloe-suhoe-12-0001,vinodelnya-krinitsa-azyur-vione-beloe-suhoe-12,vinodelnya_krinitsa_azyur_vione_beloe_suhoe_12_f97e1cbf46.webp,studio_front,4c622decd969cf660d50906900c6efaa4eabebb8a03fc98a4a07b4b8b92fd635,strapi,,none,0
vinodelnya-krinitsa-azyur-risling-beloe-suhoe-127-0001,vinodelnya-krinitsa-azyur-risling-beloe-suhoe-127,vinodelnya_krinitsa_azyur_risling_beloe_suhoe_127_89de32ac85.webp,studio_front,b3a5bf04d7c03140e4619db2a2a48da1735419cda72f373a3e6867e6f8535c19,strapi,,none,0
valeriy-zaharin-aleatiko-kefesiya-avtohtonnoe-vino-kryma-ot-valeriya-zaharina-rozovoe-suhoe-125-0001,valeriy-zaharin-aleatiko-kefesiya-avtohtonnoe-vino-kryma-ot-valeriya-zaharina-rozovoe-suhoe-125,valeriy_zaharin_aleatiko_kefesiya_avtohtonnoe_vino_kryma_ot_valeriya_zaharina_rozovoe_suhoe_125_135a858d15.webp,studio_front,c58e87cdf4727ef8d58354a41f76b177888730394ada920e38bd60aeb481b128,strapi,,none,0
abrau-dyurso-aleksandr-ii-magnum-shardone-beloe-bryut-125-0001,abrau-dyurso-aleksandr-ii-magnum-shardone-beloe-bryut-125,abrau_dyurso_aleksandr_ii_magnum_shardone_beloe_bryut_125_256840c1d1.webp,studio_front,6d74111cb46c182944b8c6a8d42d04caa7f7c689c99711a67a1560f84758b5d1,strapi,,none,0
chateau-andre-aligote-beloe-suhoe-13-0001,chateau-andre-aligote-beloe-suhoe-13,chateau_andre_aligote_beloe_suhoe_13_c3d34b9641.webp,studio_front,abe42133f9264fa80d948b860a4f649c595d23b46ff51a4c62d31bcf48003339,strapi,,none,0
vinodelnya-uzunov-aligote-beloe-suhoe-127-0001,vinodelnya-uzunov-aligote-beloe-suhoe-127,vinodelnya_uzunov_aligote_beloe_suhoe_127_575bc5c29d.webp,studio_front,3452dc143b3b9c4dd3c239ab2c308a9f18550c3732a4792fa706e59ed904d2a5,strapi,,none,0
shato-pino-aligote-rkatsiteli-beloe-suhoe-12-0001,shato-pino-aligote-rkatsiteli-beloe-suhoe-12,shato_pino_aligote_rkatsiteli_beloe_suhoe_12_c9a1a8a474.webp,studio_front,27bc636f5db18f118667e7bf4f23276aed239b254ef21fbd57b3d535873c8f56,strapi,,none,0
vinodelnya-myshako-aligote-vione-kyuve-beloe-polusladkoe-125-0001,vinodelnya-myshako-aligote-vione-kyuve-beloe-polusladkoe-125,vinodelnya_myshako_aligote_vione_kyuve_beloe_polusladkoe_125_8b824b620d.webp,studio_front,b8ccadbb2b7066297d103b3b5be9e90194b455bfdced1d83bb13516769626660,strapi,,none,0
valeriy-zaharin-aligote-avtorskoe-valeriy-zaharin-beloe-bryut-115-0001,valeriy-zaharin-aligote-avtorskoe-valeriy-zaharin-beloe-bryut-115,valeriy_zaharin_aligote_avtorskoe_valeriy_zaharin_igristoe_bryut_beloe_115_3b74fa58cc.webp,studio_front,0cda47bbe3564867145b860e66ae6f730921a23559abc45f13bdb315c938ca92,strapi,,none,0
valeriy-zaharin-aligote-burlyuk-beloe-bryut-115-0001,valeriy-zaharin-aligote-burlyuk-beloe-bryut-115,valeriy_zaharin_aligote_burlyuk_igristoe_bryut_beloe_115_adb6620d61.webp,studio_front,ecac6df3b493f002028161787a483a67bd8d1a27c555ce693c426d4c483aedda,strapi,,none,0
valeriy-zaharin-aligote-burlyuk-beloe-suhoe-13-0001,valeriy-zaharin-aligote-burlyuk-beloe-suhoe-13,valeriy_zaharin_aligote_burlyuk_beloe_suhoe_13_6a0eb14c98.webp,studio_front,8236f774083d0aedfdaf7f636f783ffe7aa428cb647031d3b015ca85544324af,strapi,,none,0
valeriy-zaharin-aligote-valeriy-zaharin-beloe-suhoe-13-0001,valeriy-zaharin-aligote-valeriy-zaharin-beloe-suhoe-13,valeriy_zaharin_aligote_valeriy_zaharin_beloe_suhoe_13_42ca83c531.webp,studio_front,b8793e18e3d3b04608daa63284a46c35e3e7feb2454a6e31f676dd3f288827a8,strapi,,none,0
domaine-de-la-vivandiere-alkomishka-malbek-krasnoe-suhoe-123-0001,domaine-de-la-vivandiere-alkomishka-malbek-krasnoe-suhoe-123,domaine_de_la_vivandiere_alkomishka_malbek_krasnoe_suhoe_123_edeea28c08.webp,studio_front,31474b3a53742e3e3717fbaaccf44de7dbba041ef7b6bb16c2bb39414307e6d5,strapi,,none,0
alma-valley-alma-graviti-pino-nuar-merlo-kaberne-sovinon-krasnoe-suhoe-14-0001,alma-valley-alma-graviti-pino-nuar-merlo-kaberne-sovinon-krasnoe-suhoe-14,alma_valley_alma_graviti_pino_nuar_merlo_kaberne_sovinon_krasnoe_suhoe_14_aed5a84143.webp,studio_front,164efe0c843060963bfe31f133505bfc501e27844a527e07b947f8c7052af30e,strapi,,none,0
vinodelnya-krinitsa-arena-sira-krasnoe-suhoe-13-0001,vinodelnya-krinitsa-arena-sira-krasnoe-suhoe-13,vinodelnya_krinitsa_arena_sira_krasnoe_suhoe_13_dc8b753978.webp,studio_front,7c162de696a4196b751ad3eb30ce193f645e544426b95d4ffc1726417aad70b6,strapi,,none,0
gavras-areni-krasnoe-suhoe-13-0001,gavras-areni-krasnoe-suhoe-13,gavras_areni_krasnoe_suhoe_13_52b40d0436.webp,studio_front,9bb14dcfb1e3b5c8afa8f2b80e0acaa9ddf18858274107b1922ec11c88617308,strapi,,none,0
dva-serdtsa-arinarnoa-kaberne-sovinon-krasnoe-suhoe-135-0001,dva-serdtsa-arinarnoa-kaberne-sovinon-krasnoe-suhoe-135,dva_serdtsa_arinarnoa_kaberne_sovinon_krasnoe_suhoe_135_047c8cca68.webp,studio_front,818909af3d241acba7042fe2e6f74c13118d25ef50b4076ef6adfd7cd5a82cf9,strapi,,none,0
kuban-vino-aristov-8-byanko-shardone-beloe-suhoe-8-0001,kuban-vino-aristov-8-byanko-shardone-beloe-suhoe-8,kuban_vino_aristov_8_byanko_shardone_beloe_suhoe_8_c4aa32acf7.webp,studio_front,8b9d8b6b9d2ad523a00f7dadd27c234e340a81dcb9f2862933faeb4d9b90ced8,strapi,,none,0
kuban-vino-aristov-8-roze-merlo-rozovoe-suhoe-8-0001,kuban-vino-aristov-8-roze-merlo-rozovoe-suhoe-8,kuban_vino_aristov_8_roze_merlo_rozovoe_suhoe_8_a0208632d6.webp,studio_front,9617d5d7cbfbc87bd0609f16b182ce21b524310e77dea6b3ae82eac814c493b3,strapi,,none,0
kuban-vino-aristov-amata-byanko-shardone-beloe-suhoe-125-0001,kuban-vino-aristov-amata-byanko-shardone-beloe-suhoe-125,kuban_vino_aristov_amata_byanko_shardone_beloe_suhoe_125_2c9f48a496.webp,studio_front,2d4158d2cb52e5c9044a179ec0892eadbc899f32a645b03c144c5f2aa4a0b25b,strapi,,none,0
kuban-vino-aristov-amata-roze-kaberne-sovinon-rozovoe-suhoe-13-0001,kuban-vino-aristov-amata-roze-kaberne-sovinon-rozovoe-suhoe-13,kuban_vino_aristov_amata_roze_kaberne_sovinon_rozovoe_suhoe_13_520459ddc4.webp,studio_front,b99a8244fe60d5fed0dbc9610b2e15310324fb90ed60d0c54fbc6e0e9eb4e71f,strapi,,none,0
kuban-vino-aristov-amata-rosso-kaberne-sovinon-krasnoe-suhoe-145-0001,kuban-vino-aristov-amata-rosso-kaberne-sovinon-krasnoe-suhoe-145,kuban_vino_aristov_amata_rosso_kaberne_sovinon_krasnoe_suhoe_145_40d0ae1b20.webp,studio_front,0e437520fac8ec0c5e418977a0c6369038729b198e9d81f8a0da3be5f6c0f91c,strapi,,none,0
kuban-vino-aristov-anima-michela-2023-sandzhoveze-krasnoe-suhoe-115-0001,kuban-vino-aristov-anima-michela-2023-sandzhoveze-krasnoe-suhoe-115,kuban_vino_aristov_anima_michela_2023_sandzhoveze_krasnoe_suhoe_115_6e5381d827.webp,studio_front,15146041bf21fc1818380c46e6bc42ff748be548f204c98d06faa9ace491392f,strapi,,none,0
kuban-vino-aristov-anima-pino-gridzhio-beloe-suhoe-12-0001,kuban-vino-aristov-anima-pino-gridzhio-beloe-suhoe-12,kuban_vino_aristov_anima_pino_gridzhio_beloe_suhoe_12_2b93e769db.webp,studio_front,4e43607a0c771282fde2e8dee366d34c7d07812d165b5465c4b023b9feb070a0,strapi,,none,0
kuban-vino-aristov-anima-pino-gridzhio-blash-rozovoe-suhoe-125-0001,kuban-vino-aristov-anima-pino-gridzhio-blash-rozovoe-suhoe-125,kuban_vino_aristov_anima_pino_gridzhio_blash_rozovoe_suhoe_125_c6ac2c7f10.webp,studio_front,def3ee0968c534ba60c1dc962b019f2beb1002fafd615e74188e86738634b8b6,strapi,,none,0
kuban-vino-aristov-anima-pino-nero-sandzhoveze-pino-nuar-krasnoe-suhoe-125-0001,kuban-vino-aristov-anima-pino-nero-sandzhoveze-pino-nuar-krasnoe-suhoe-125,kuban_vino_aristov_anima_pino_nero_sandzhoveze_pino_nuar_krasnoe_suhoe_125_6fc8b03351.webp,studio_front,89ac38ed5def6963f869c82a6ad8abbe43def8031a04534d242c78cab044b5a9,strapi,,none,0
kuban-vino-aristov-byanko-shardone-beloe-suhoe-13-0001,kuban-vino-aristov-byanko-shardone-beloe-suhoe-13,kuban_vino_aristov_byanko_shardone_beloe_suhoe_13_4ffd5831ff.webp,studio_front,71b1a45e1f65f7f54493a1b2678a1adab3e460425fa38c6eaad9232a2cd896f2,strapi,,none,0
kuban-vino-aristov-byanko-polusladkoe-shardone-beloe-13-0001,kuban-vino-aristov-byanko-polusladkoe-shardone-beloe-13,kuban_vino_aristov_byanko_polusladkoe_shardone_beloe_13_4167038d66.webp,studio_front,ab2bca8a32412be863afa84f6beabd9bdfb292ba2cff1d02168af09dcb2d4704,strapi,,none,0
kuban-vino-aristov-rosso-polusladkoe-saperavi-krasnoe-13-0001,kuban-vino-aristov-rosso-polusladkoe-saperavi-krasnoe-13,kuban_vino_aristov_rosso_polusladkoe_saperavi_krasnoe_13_ed04238b6b.webp,studio_front,69ba73e1d990c37939bc066e97191d3cb78716056ccbe509edbdaa57e406d53d,strapi,,none,0
kuban-vino-aristov-sandzhoveze-krasnoe-suhoe-13-0001,kuban-vino-aristov-sandzhoveze-krasnoe-suhoe-13,kuban_vino_aristov_sandzhoveze_krasnoe_suhoe_13_346f0e6195.webp,studio_front,e63bb2544caf1ae535b881928ce2a7d4ab7073bd5ebe468afe3bf76368ca2971,strapi,,none,0
kuban-vino-aristov-tsvaygelt-320-rozovoe-suhoe-125-0001,kuban-vino-aristov-tsvaygelt-320-rozovoe-suhoe-125,kuban_vino_aristov_tsvaygelt_320_rozovoe_suhoe_125_42f977144e.webp,studio_front,ffe3046b53edb6364eee5d6320f0da0436db65f4dfba4bf5b2545d4090d968a6,strapi,,none,0
kuban-vino-aristov-shardone-318-beloe-suhoe-115-0001,kuban-vino-aristov-shardone-318-beloe-suhoe-115,kuban_vino_aristov_shardone_318_beloe_suhoe_115_da1c20930f.webp,studio_front,813265e5b093789398bf4076a61f41b950961801c9ee3f4d002d09270b9ea487,strapi,,none,0
kuban-vino-aristov-kyuve-aleksandr-blanc-de-blancs-36-shardone-beloe-ekstra-bryut-12-0001,kuban-vino-aristov-kyuve-aleksandr-blanc-de-blancs-36-shardone-beloe-ekstra-bryut-12,kuban_vino_aristov_kyuve_aleksandr_blanc_de_blancs_36_shardone_igristoe_ekstra_bryut_beloe_12_8ac9babcfc.webp,studio_front,617f83c23f893cc7e4d43993893b3185262113da41acbaf09d866cfb897646de,strapi,,none,0
kuban-vino-aristov-kyuve-aleksandr-rose-de-pinot-pino-nuar-rozovoe-ekstra-bryut-12-0001,kuban-vino-aristov-kyuve-aleksandr-rose-de-pinot-pino-nuar-rozovoe-ekstra-bryut-12,kuban_vino_aristov_kyuve_aleksandr_rose_de_pinot_pino_nuar_igristoe_ekstra_bryut_rozovoe_12_26aee6560b.webp,studio_front,8b4a556c1570166ea68cf883cb279ed56c105365147978418a0a7a950963f60c,strapi,,none,0
kuban-vino-aristov-kyuve-aleksandr-millezimato-shardone-beloe-ekstra-bryut-12-0001,kuban-vino-aristov-kyuve-aleksandr-millezimato-shardone-beloe-ekstra-bryut-12,kuban_vino_aristov_kyuve_aleksandr_millezimato_shardone_igristoe_ekstra_bryut_beloe_12_b2f7daf617.webp,studio_front,87c5c97e92cc30c07cf10432172216e58e02d3909dd2dc691d921b1918e92eb7,strapi,,none,0
vina-arpachina-arpachino-aligote-ekstra-bryut-beloe-115-0001,vina-arpachina-arpachino-aligote-ekstra-bryut-beloe-115,vina_arpachina_arpachino_aligote_ekstra_bryut_igristoe_ekstra_bryut_beloe_115_f4daed56e5.webp,studio_front,b91bf8b8d49af4abdd0e2c49187907b4d3fcc4720916eb9608f686a3b844793c,strapi,,none,0
vina-arpachina-arpachino-inohodets-aligote-beloe-ekstra-bryut-125-0001,vina-arpachina-arpachino-inohodets-aligote-beloe-ekstra-bryut-125,vina_arpachina_arpachino_inohodets_aligote_igristoe_ekstra_bryut_beloe_125_14bff66ea7.webp,studio_front,df73361cf4c5c34246a9e92121623bd115c53cda34fda36f3b0ac73ee9f02016,strapi,,none,0
vina-arpachina-arpachino-tsimlyanskiy-chernyy-rozovoe-ekstra-bryut-13-0001,vina-arpachina-arpachino-tsimlyanskiy-chernyy-rozovoe-ekstra-bryut-13,vina_arpachina_arpachino_tsimlyanskiy_chernyy_igristoe_ekstra_bryut_rozovoe_13_174452bb6e.webp,studio_front,ee6de363f245ee35ab2de909878e7f73cd18dd89e1481f7eb6a658b28f829e54,strapi,,none,0
stn-winery-arhitektor-sira-krasnoe-suhoe-12-0001,stn-winery-arhitektor-sira-krasnoe-suhoe-12,stn_winery_arhitektor_sira_krasnoe_suhoe_12_6667db52b5.webp,studio_front,30a7466467c68c18413550bc320c6266a016a719b8b9b629da63baf79ef340ea,strapi,,none,0
zmv-koktebel-atmosfera-aligote-rkatsiteli-shardone-beloe-suhoe-11-0001,zmv-koktebel-atmosfera-aligote-rkatsiteli-shardone-beloe-suhoe-11,zmv_koktebel_atmosfera_aligote_rkatsiteli_shardone_beloe_suhoe_11_c621a4aae9.webp,studio_front,3663827a1b2949d9d98d8af5e3206660d8a209de965e41963413db1dbab00dc5,strapi,,none,0
zmv-koktebel-atmosfera-kaberne-sovinon-kaberne-fran-merlo-bastardo-magarachskiy-krasnoe-suhoe-13-0001,zmv-koktebel-atmosfera-kaberne-sovinon-kaberne-fran-merlo-bastardo-magarachskiy-krasnoe-suhoe-13,zmv_koktebel_atmosfera_kaberne_sovinon_kaberne_fran_merlo_bastardo_magarachskiy_krasnoe_suhoe_13_e6f84956bb.webp,studio_front,1aa94b4c3e7f4c2757f996a8ee55da5913226f2a12e9b041558e14c959055333,strapi,,none,0
zmv-koktebel-atmosfera-kaberne-sovinon-merlo-pino-chernyy-krasnoe-polusladkoe-13-0001,zmv-koktebel-atmosfera-kaberne-sovinon-merlo-pino-chernyy-krasnoe-polusladkoe-13,zmv_koktebel_atmosfera_kaberne_sovinon_merlo_pino_chernyy_krasnoe_polusladkoe_13_542fe78f22.webp,studio_front,3359011dc483fc50872b10ec0bb8a2106d32e46693769ac61f354e481c830d57,strapi,,none,0
zmv-koktebel-atmosfera-rkatsiteli-aligote-kokur-muskat-belyy-shardone-beloe-polusladkoe-11-0001,zmv-koktebel-atmosfera-rkatsiteli-aligote-kokur-muskat-belyy-shardone-beloe-polusladkoe-11,zmv_koktebel_atmosfera_rkatsiteli_aligote_kokur_muskat_belyy_shardone_beloe_polusladkoe_11_773cbbcc47.webp,studio_front,df4f3c529e5ae5431da5a8c65d6a3d17c0f443c00dabf7eb6b5585a10c7fbf37,strapi,,none,0
zmv-koktebel-atmosfera-shardone-merlo-rkatsiteli-muskat-rozovyy-muskat-gamburgskiy-rozovoe-polusuhoe-12-0001,zmv-koktebel-atmosfera-shardone-merlo-rkatsiteli-muskat-rozovyy-muskat-gamburgskiy-rozovoe-polusuhoe-12,zmv_koktebel_atmosfera_shardone_merlo_rkatsiteli_muskat_rozovyy_muskat_gamburgskiy_rozovoe_polusuhoe_12_5fd10c99b4.webp,studio_front,5bf1912e3539737ef2ff17b56ac6f639856c48989f8db083abfd8865d5f6985a,strapi,,none,0
sober-bash-afa-kaberne-sovinon-krasnoe-suhoe-125-0001,sober-bash-afa-kaberne-sovinon-krasnoe-suhoe-125,sober_bash_afa_kaberne_sovinon_krasnoe_suhoe_125_d85dc3b521.webp,studio_front,2f776ed62cbfc785423b011e0dc579f415edde87fd55f0aac9065ba61a6b33d1,strapi,,none,0
valeriy-zaharin-bakkal-su-aligote-beloe-suhoe-115-0001,valeriy-zaharin-bakkal-su-aligote-beloe-suhoe-115,valeriy_zaharin_bakkal_su_aligote_beloe_suhoe_115_5fe4cf81cf.webp,studio_front,51f173c55a769f2593d1c9783039794d98574d8bac2896897d93a91162962782,strapi,,none,0
valeriy-zaharin-bakkal-su-kaberne-kaberne-sovinon-krasnoe-suhoe-125-0001,valeriy-zaharin-bakkal-su-kaberne-kaberne-sovinon-krasnoe-suhoe-125,valeriy_zaharin_bakkal_su_kaberne_kaberne_sovinon_krasnoe_suhoe_125_53073ba214.webp,studio_front,57a2635fa32f3827c438158b8ff47e52b0f31961342303ce11ad0cbd8eeadef3,strapi,,none,0
valeriy-zaharin-bakkal-su-saperavi-bastardo-kaberne-sovinon-krasnoe-polusladkoe-11-0001,valeriy-zaharin-bakkal-su-saperavi-bastardo-kaberne-sovinon-krasnoe-polusladkoe-11,valeriy_zaharin_bakkal_su_saperavi_bastardo_kaberne_sovinon_krasnoe_polusladkoe_11_b8d351c52f.webp,studio_front,1eaa3eaea8dd5854a1ff621b9e2cad04c07b12b6e57bf38eb0490fc3b3691739,strapi,,none,0
valeriy-zaharin-bakkal-su-muskat-ottonel-beloe-polusladkoe-115-0001,valeriy-zaharin-bakkal-su-muskat-ottonel-beloe-polusladkoe-115,valeriy_zaharin_bakkal_su_muskat_ottonel_beloe_polusladkoe_115_34542492ff.webp,studio_front,e02eca3bc8c328676058b2455faf0515f505524906f5944375a84197a70d2a94,strapi,,none,0
valeriy-zaharin-bakkal-su-saperavi-kaberne-sovinon-krasnoe-suhoe-12-0001,valeriy-zaharin-bakkal-su-saperavi-kaberne-sovinon-krasnoe-suhoe-12,valeriy_zaharin_bakkal_su_saperavi_kaberne_sovinon_krasnoe_suhoe_12_f6ce17d50e.webp,studio_front,374d8adc658b447a57c199f2b78e9ffae39c82111003764ddafefbe2abe09428,strapi,,none,0
balaklava-muskat-beloe-polusladkoe-0001,balaklava-muskat-beloe-polusladkoe,Balaklava_Muskat_beloe_polusladkoe_0e4a6563a4.webp,studio_front,9f1197c43537deebe54f7b7e849d6e22445538a6bc101425d00d14e498ea0494,strapi,,none,0
zmv-koktebel-bastardo-krasnoe-suhoe-14-0001,zmv-koktebel-bastardo-krasnoe-suhoe-14,zmv_koktebel_bastardo_krasnoe_suhoe_14_493c75d397.webp,studio_front,850516a2927bc81dfcd5912d906db6519750c1b17ca8c91102a4982003badafd,strapi,,none,0
valeriy-zaharin-bastardo-kefesiya-avtohtonnoe-vino-kryma-bastardo-magarachskiy-krasnoe-suhoe-115-0001,valeriy-zaharin-bastardo-kefesiya-avtohtonnoe-vino-kryma-bastardo-magarachskiy-krasnoe-suhoe-115,valeriy_zaharin_bastardo_kefesiya_avtohtonnoe_vino_kryma_bastardo_magarachskiy_krasnoe_suhoe_115_e521ee5147.webp,studio_front,665d0e6bef52de4a27023360ce5fc011ff61b3fea3989928a46a517ec94cdbf7,strapi,,none,0
levokumskoe-beloe-rkatsiteli-suhoe-10-0001,levokumskoe-beloe-rkatsiteli-suhoe-10,levokumskoe_beloe_rkatsiteli_beloe_suhoe_10_65a7a71e88.webp,studio_front,9eabd781f7b22991b909c6d585f34a81b475cb969bec63d3c6c09147ca174bf3,strapi,,none,0
belbek-beloe-suhoe-kaberne-sovinon-krasnoe-14-0001,belbek-beloe-suhoe-kaberne-sovinon-krasnoe-14,belbek_beloe_suhoe_kaberne_sovinon_krasnoe_suhoe_14_82f8b0eda2.webp,studio_front,fa5b30ae724a43d155cfd1e312aeeb2e51048ad579a0d4eef0237b732afc8730,strapi,,none,0
belbek-belbek-kaberne-fran-krasnoe-suhoe-13-0001,belbek-belbek-kaberne-fran-krasnoe-suhoe-13,belbek_belbek_kaberne_fran_krasnoe_suhoe_13_1dc81c94ac.webp,studio_front,4888ebdd3fe06f5cb3f004b5107955a2b5bf0d66266d3f3a6a44a1d52d9deb06,strapi,,none,0
belbek-belbek-meritazh-kaberne-sovinon-krasnoe-suhoe-135-0001,belbek-belbek-meritazh-kaberne-sovinon-krasnoe-suhoe-135,belbek_belbek_meritazh_kaberne_sovinon_krasnoe_suhoe_135_3ac532f36b.webp,studio_front,51e86f66d3e3f882f52eb45fd138cb8d21e10d98746676f1f04e7bfb9b9c065a,strapi,,none,0
belbek-belbek-merlo-krasnoe-suhoe-129-0001,belbek-belbek-merlo-krasnoe-suhoe-129,belbek_belbek_merlo_krasnoe_suhoe_129_721da2ee04.webp,studio_front,6cf9809d1b2846dd3630cbc83c6562897ae3f9aab885fad9a4ff56e1e08f80a8,strapi,,none,0
belbek-belbek-muskat-beloe-suhoe-128-0001,belbek-belbek-muskat-beloe-suhoe-128,belbek_belbek_muskat_beloe_suhoe_128_630defdbb3.webp,studio_front,097f3cbf826aa7ac370ca0124aea547a95244da45a5bad69ad77679163ac0f68,strapi,,none,0
belbek-belbek-pino-nuar-krasnoe-suhoe-13-0001,belbek-belbek-pino-nuar-krasnoe-suhoe-13,belbek_belbek_pino_nuar_krasnoe_suhoe_13_f1519564c9.webp,studio_front,1653c77b7074cb28e95c34cca8909365e78d1e4360d14da720375b61f238658d,strapi,,none,0
belbek-belbek-pti-verdo-krasnoe-suhoe-121-0001,belbek-belbek-pti-verdo-krasnoe-suhoe-121,belbek_belbek_pti_verdo_krasnoe_suhoe_121_40c032fb64.webp,studio_front,9c409159289ce649a49c35e6c1124525a64084fca8b1b7c95fd4870265e483ba,strapi,,none,0
belbek-belbek-risling-beloe-suhoe-128-0001,belbek-belbek-risling-beloe-suhoe-128,belbek_belbek_risling_beloe_suhoe_128_cb6f66781a.webp,studio_front,85bc05800672954be4ad8fb31e82461ba2cc667e9776c7377225f707e2cc2eb5,strapi,,none,0
belbek-belbek-risling-rezerv-beloe-suhoe-13-0001,belbek-belbek-risling-rezerv-beloe-suhoe-13,belbek_belbek_risling_rezerv_beloe_suhoe_13_618fbe6775.webp,studio_front,914fe877e14892c33c25de98720648430bfa5820993d8c81643de967bdcbe748,strapi,,none,0
belbek-belbek-rkatsiteli-barrik-beloe-suhoe-13-0001,belbek-belbek-rkatsiteli-barrik-beloe-suhoe-13,belbek_belbek_rkatsiteli_barrik_beloe_suhoe_13_44d3a11b2f.webp,studio_front,badf865e128f4da2daaabb6c37dca031a622ca566c06a4a0ed5df61feebe9898,strapi,,none,0
belbek-belbek-roze-pino-nuar-rozovoe-suhoe-129-0001,belbek-belbek-roze-pino-nuar-rozovoe-suhoe-129,belbek_belbek_roze_pino_nuar_rozovoe_suhoe_129_051d90b1ff.webp,studio_front,df5adbdcd5ec4f9e545e70ecf30f4c70cb2bdb64a675901510650a17869d84f5,strapi,,none,0
belbek-belbek-sandzhoveze-krasnoe-suhoe-138-0001,belbek-belbek-sandzhoveze-krasnoe-suhoe-138,belbek_belbek_sandzhoveze_krasnoe_suhoe_138_9bf09c1a82.webp,studio_front,7e27204bc48ed41341b721d438f1faa3a79716a8547fecb94353f8d900b62a0f,strapi,,none,0
belbek-belbek-saperavi-rezerv-krasnoe-suhoe-14-0001,belbek-belbek-saperavi-rezerv-krasnoe-suhoe-14,belbek_belbek_saperavi_rezerv_krasnoe_suhoe_14_d920558ff2.webp,studio_front,0243a0542f6372b6d98e3385c3db3459649c8252eb1e17d4d84ec5e10dc204ad,strapi,,none,0
belbek-belbek-sira-krasnoe-suhoe-132-0001,belbek-belbek-sira-krasnoe-suhoe-132,belbek_belbek_sira_krasnoe_suhoe_132_e2a205e856.webp,studio_front,cd7ad971e645bcf6398940cdfe42f003dac546cb5387790932c81911215049e2,strapi,,none,0
belbek-belbek-fiolent-muskat-beloe-polusladkoe-125-0001,belbek-belbek-fiolent-muskat-beloe-polusladkoe-125,belbek_belbek_fiolent_muskat_beloe_polusladkoe_125_a8f84e49d2.webp,studio_front,f86b08f21e41430acf7ae2e12af339a256ae6a80dde2879edb63ef0e8debb2af,strapi,,none,0
chateau-de-talu-blan-semilon-beloe-suhoe-127-0001,chateau-de-talu-blan-semilon-beloe-suhoe-127,chateau_de_talu_blan_semilon_beloe_suhoe_127_93430db9c7.webp,studio_front,9cf93e7dfb331c222196d6cb724650d8e8c3dbaeea34de03579844a76428da29,strapi,,none,0
shato-pino-blan-de-blan-shardone-beloe-ekstra-bryut-12-0001,shato-pino-blan-de-blan-shardone-beloe-ekstra-bryut-12,shato_pino_blan_de_blan_shardone_igristoe_ekstra_bryut_beloe_12_655949f151.webp,studio_front,82e9121f2ad542ecffe13cbe902e260f166a3b2622c9c521a0775bed3c013466,strapi,,none,0
perovskih_blan_de_noir-0001,perovskih_blan_de_noir,Blanc_de_noirs_brut_nature_030b095589.webp,studio_front,6fce6a999b4610f846eb2b1313383b88d1c59177c981eb61f735e1e1464fde8f,strapi,,none,0
zmv-koktebel-blan-aligote-beloe-suhoe-12-0001,zmv-koktebel-blan-aligote-beloe-suhoe-12,zmv_koktebel_blan_aligote_beloe_suhoe_12_b350503764.webp,studio_front,f52a81574c9997f989fcb7b1548752d2c14b4a4de32996d2d2008023e7f37ae6,strapi,,none,0
vaynkraft-blan-pino-nuar-beloe-suhoe-12-0001,vaynkraft-blan-pino-nuar-beloe-suhoe-12,vaynkraft_blan_pino_nuar_beloe_suhoe_12_a3e776df11.webp,studio_front,d998e90d997f4460ba6150f85250cc738eace866e95007c927ada12a59518c58,strapi,,none,0
shato-ay-danil-bomond-aligote-beloe-suhoe-13-0001,shato-ay-danil-bomond-aligote-beloe-suhoe-13,shato_ay_danil_bomond_aligote_beloe_suhoe_vyderzhannoe_13_6c7ff5a32b.webp,studio_front,dbb2a92146e1d1dbdb92a07523e4ea7518b527b42fa1e5d2dfdaf66a3995c708,strapi,,none,0
stn-winery-bratstvo-kochergi-pino-nuar-krasnoe-suhoe-12-0001,stn-winery-bratstvo-kochergi-pino-nuar-krasnoe-suhoe-12,stn_winery_bratstvo_kochergi_pino_nuar_krasnoe_suhoe_12_e029506394.webp,studio_front,b05d5c38d562360f6f6b5836dbdfb242b9bc1d73efce83dc774add8fdff05b90,strapi,,none,0
rem-akchurin-bryut-roze-pino-nuar-rozovoe-129-0001,rem-akchurin-bryut-roze-pino-nuar-rozovoe-129,rem_akchurin_bryut_roze_pino_nuar_igristoe_bryut_rozovoe_129_9797abf1e3.webp,studio_front,dc5359ee7a34590e973dcb59fb6b01931ecced9ba464308787a4cacb1bdf17b6,strapi,,none,0
gunko-winery-bryut-roze-pino-nuar-rozovoe-12-0001,gunko-winery-bryut-roze-pino-nuar-rozovoe-12,gunko_winery_bryut_roze_pino_nuar_igristoe_bryut_rozovoe_12_09f00ed0d1.webp,studio_front,805475657a2b7afc5085c3b4cf83c56f2e5fbec451e88ccb86bc542f713d616b,strapi,,none,0
usadba-aleksandrovskaya-bubnovyy-valet-kaberne-sovinon-krasnoe-polusladkoe-13-0001,usadba-aleksandrovskaya-bubnovyy-valet-kaberne-sovinon-krasnoe-polusladkoe-13,usadba_aleksandrovskaya_bubnovyy_valet_kaberne_sovinon_krasnoe_polusladkoe_13_bf2a0f6928.webp,studio_front,3951e10dd803b30a90a2b84d6a31b59ece6983eacd433780a4d3e2f1dc5e620c,strapi,,none,0
vinodelnya-uzunov-bunt-tsitronnyy-magaracha-beloe-suhoe-132-0001,vinodelnya-uzunov-bunt-tsitronnyy-magaracha-beloe-suhoe-132,vinodelnya_uzunov_bunt_tsitronnyy_magaracha_beloe_suhoe_132_145bb8e9f1.webp,studio_front,52cfa38f679af95fe1216f3b5a7a5bec665c74eab7cd858d8abfe3076623dd80,strapi,,none,0
shato-ay-danil-byanko-da-sole-muskat-belyy-beloe-polusladkoe-13-0001,shato-ay-danil-byanko-da-sole-muskat-belyy-beloe-polusladkoe-13,shato_ay_danil_byanko_da_sole_muskat_belyy_beloe_polusladkoe_13_2c5d204811.webp,studio_front,0fde5a3b2833f81ceaaa40e96fb157528e6c48b36417fa09af705ee3bcd65c5a,strapi,,none,0
le-k2-v-glubine-shardone-beloe-suhoe-13-0001,le-k2-v-glubine-shardone-beloe-suhoe-13,le_k2_v_glubine_shardone_beloe_suhoe_13_4f4151b39f.webp,studio_front,03bd90315d2b697d7ccb45b46d6b84f76c407ea7d95dd89b6046306ba6388c87,strapi,,none,0
le-k2-v-tumane-sovinon-blan-beloe-suhoe-13-0001,le-k2-v-tumane-sovinon-blan-beloe-suhoe-13,le_k2_v_tumane_sovinon_blan_beloe_suhoe_13_8e8145173e.webp,studio_front,3c14911c4add806c0ffc2c891dbf60f563a068ce4e7de1ca58d95ee3f4b566a1,strapi,,none,0
wein-und-wasser-vayn-taym-sira-krym-krasnoe-suhoe-13-0001,wein-und-wasser-vayn-taym-sira-krym-krasnoe-suhoe-13,wein_und_wasser_vayn_taym_sira_krym_krasnoe_suhoe_13_375652c038.webp,studio_front,7ee4d503d65382ef677e50b70493ba0e3560933b0113e0552e7bcd5c9193cc29,strapi,,none,0
wein-und-wasser-vayn-taym-sovinon-blan-krym-beloe-suhoe-12-0001,wein-und-wasser-vayn-taym-sovinon-blan-krym-beloe-suhoe-12,wein_und_wasser_vayn_taym_sovinon_blan_krym_beloe_suhoe_12_a4ab928b4f.webp,studio_front,31827b5ff65aee2176be810a4c3858c70ac1c84b9c4d504665a23bfbafac2dca,strapi,,none,0
le-k2-vassal-risling-reynskiy-beloe-suhoe-14-0001,le-k2-vassal-risling-reynskiy-beloe-suhoe-14,le_k2_vassal_risling_reynskiy_beloe_suhoe_14_28e38009b0.webp,studio_front,b739a002f349af4cca4c392bc0dda009df37228a359e0f59541e6bf081eb3657,strapi,,none,0
le-k2-vassal-risling-beloe-suhoe-14-0001,le-k2-vassal-risling-beloe-suhoe-14,le_k2_vassal_risling_beloe_suhoe_14_19652f8fb4.webp,studio_front,05813d817ebab1279948f1825bb44453112c030317e7863f367aa2a1ef438df8,strapi,,none,0
vinodelnya-vedernikov-vedernikov-gubernatorskoe-golubok-krasnoe-suhoe-115-0001,vinodelnya-vedernikov-vedernikov-gubernatorskoe-golubok-krasnoe-suhoe-115,vinodelnya_vedernikov_vedernikov_gubernatorskoe_golubok_krasnoe_suhoe_115_8c9f5c5b2a.webp,studio_front,2f9480b77c09427aef1903f0da21369290d1919e3a821b4a1809967b340a114a,strapi,,none,0
vinodelnya-vedernikov-vedernikov-gubernatorskoe-rezerv-kaberne-sovinon-krasnoe-suhoe-14-0001,vinodelnya-vedernikov-vedernikov-gubernatorskoe-rezerv-kaberne-sovinon-krasnoe-suhoe-14,vinodelnya_vedernikov_vedernikov_gubernatorskoe_rezerv_kaberne_sovinon_krasnoe_suhoe_14_89b77c35e7.webp,studio_front,94c6143776506aad9dd62a5d3a28cc7030662ee76f1a9b82929db27a9128c2df,strapi,,none,0
vinodelnya-vedernikov-vedernikov-dolina-dona-beloe-suhoe-aligote-12-0001,vinodelnya-vedernikov-vedernikov-dolina-dona-beloe-suhoe-aligote-12,vinodelnya_vedernikov_vedernikov_dolina_dona_beloe_suhoe_aligote_12_e8c5795ff3.webp,studio_front,3cf3ceae9aa3096f7b589fbc550ff7e46abc2ee52a89a72f4bf6e1fb996dc0fb,strapi,,none,0
vinodelnya-vedernikov-vedernikov-dolina-dona-krasnoe-suhoe-kaberne-sovinon-125-0001,vinodelnya-vedernikov-vedernikov-dolina-dona-krasnoe-suhoe-kaberne-sovinon-125,vinodelnya_vedernikov_vedernikov_dolina_dona_krasnoe_suhoe_kaberne_sovinon_125_61017e5b54.webp,studio_front,c5c8a53755ed53787d018013eea6a25ceed70bb18029f8e19e01fe9de3bd4f2d,strapi,,none,0
vinodelnya-vedernikov-vedernikov-kaberne-sovinon-krasnoe-suhoe-145-0001,vinodelnya-vedernikov-vedernikov-kaberne-sovinon-krasnoe-suhoe-145,vinodelnya_vedernikov_vedernikov_kaberne_sovinon_krasnoe_suhoe_145_1833c3f20b.webp,studio_front,eb33a4fbb3e0142c97081882b8f873959b4f1c7a7d71cd7b5cd3552fcd40104e,strapi,,none,0
vinodelnya-vedernikov-vedernikov-krasnostop-zolotovskiy-krasnoe-suhoe-145-0001,vinodelnya-vedernikov-vedernikov-krasnostop-zolotovskiy-krasnoe-suhoe-145,vinodelnya_vedernikov_vedernikov_krasnostop_zolotovskiy_krasnoe_suhoe_145_07aa21a458.webp,studio_front,24812bd507ceaf132b11a4d631781994db9a5c58d01f5024f0e8610b50803f17,strapi,,none,0
vinodelnya-vedernikov-vedernikov-krasnostop-zolotovskiy-magnum-krasnoe-suhoe-145-0001,vinodelnya-vedernikov-vedernikov-krasnostop-zolotovskiy-magnum-krasnoe-suhoe-145,vinodelnya_vedernikov_vedernikov_krasnostop_zolotovskiy_magnum_krasnoe_suhoe_145_8e7ef2fb06.webp,studio_front,55fbd00cba156f1d795b3c08e2c182ee1c7f6e20f6eb2c9f5de77e51d509417f,strapi,,none,0
vinodelnya-vedernikov-vedernikov-pet-nat-golubok-krasnyy-bryut-krasnoe-suhoe-13-0001,vinodelnya-vedernikov-vedernikov-pet-nat-golubok-krasnyy-bryut-krasnoe-suhoe-13,vinodelnya_vedernikov_vedernikov_pet_nat_golubok_krasnyy_bryut_krasnoe_suhoe_13_59ca83550f.webp,studio_front,785d5c0d669ef5e53d8979390a0c7ea2bce2f8495dcb5b93ae64e1bd35346f02,strapi,,none,0
vinodelnya-vedernikov-vedernikov-pet-nat-platovskiy-aligote-bryut-beloe-suhoe-10-0001,vinodelnya-vedernikov-vedernikov-pet-nat-platovskiy-aligote-bryut-beloe-suhoe-10,vinodelnya_vedernikov_vedernikov_pet_nat_platovskiy_aligote_bryut_beloe_suhoe_10_d5c01e9bdf.webp,studio_front,b72bffa42236624a8da8747d02925bea086ca7c9978b6c9d6f3f1307cdda6308,strapi,,none,0
vinodelnya-vedernikov-vedernikov-puhlyakovskiy-beloe-suhoe-12-0001,vinodelnya-vedernikov-vedernikov-puhlyakovskiy-beloe-suhoe-12,vinodelnya_vedernikov_vedernikov_puhlyakovskiy_beloe_suhoe_12_f332a8999d.webp,studio_front,ea81cb223bdc4748cc82b6f81e6b10f104e0adc372a1d64f3a26229776d02779,strapi,,none,0
vinodelnya-vedernikov-vedernikov-tsimlyanskiy-chyornyy-bryut-tsimlyanskiy-chernyy-beloe-12-0001,vinodelnya-vedernikov-vedernikov-tsimlyanskiy-chyornyy-bryut-tsimlyanskiy-chernyy-beloe-12,vinodelnya_vedernikov_vedernikov_tsimlyanskiy_chyornyy_bryut_tsimlyanskiy_chernyy_beloe_12_94126ea6cf.webp,studio_front,8793a5c16a5969570d05e785defbcbf0a179180d6b3d6f47ae6396f27fe63110,strapi,,none,0
vinodelnya-vedernikov-vedernikov-tsimlyanskiy-chyornyy-bryut-roze-tsimlyanskiy-chernyy-rozovoe-12-0001,vinodelnya-vedernikov-vedernikov-tsimlyanskiy-chyornyy-bryut-roze-tsimlyanskiy-chernyy-rozovoe-12,vinodelnya_vedernikov_vedernikov_tsimlyanskiy_chyornyy_bryut_roze_tsimlyanskiy_chernyy_rozovoe_12_62efb1454a.webp,studio_front,f8fb2d9961468c3f12acdb022bb8c8e7b347a76b50d5b5c348ff1daa01144932,strapi,,none,0
vinodelnya-vedernikov-vedernikov-tsimlyanskiy-chyornyy-bryut-roze-2-tsimlyanskiy-chernyy-rozovoe-12-0001,vinodelnya-vedernikov-vedernikov-tsimlyanskiy-chyornyy-bryut-roze-2-tsimlyanskiy-chernyy-rozovoe-12,vinodelnya_vedernikov_vedernikov_tsimlyanskiy_chyornyy_bryut_roze_2_tsimlyanskiy_chernyy_rozovoe_12_f890d2ca11.webp,studio_front,4718a70912cc5074dd5ece37e73667ba09fe2d8722c86a0bab199459901eff9f,strapi,,none,0
massandra-vino-avtorskoe-pino-gri-beloe-suhoe-12-0001,massandra-vino-avtorskoe-pino-gri-beloe-suhoe-12,massandra_vino_avtorskoe_pino_gri_beloe_suhoe_12_bf2039c511.webp,studio_front,857be081e059c42ab5d66f8fa72fba047e8ae4b23d2a89d07f0b8ec2d7c5807b,strapi,,none,0
vinodelnya-vedernikov-vinodelnya-vedernikov-pet-nat-roze-tsimlyanskiy-chernyy-rozovoe-suhoe-12-0001,vinodelnya-vedernikov-vinodelnya-vedernikov-pet-nat-roze-tsimlyanskiy-chernyy-rozovoe-suhoe-12,vinodelnya_vedernikov_vinodelnya_vedernikov_pet_nat_roze_tsimlyanskiy_chernyy_rozovoe_suhoe_12_647e4c90d6.webp,studio_front,f79b20f2b6f345e1b8d629a5a8428d54398f573119457bf43e4daf025c3457a1,strapi,,none,0
vinodelnya-vedernikov-vinodelnya-vedernikov-tsimlyanskiy-chernyy-sibirkovyy-ekstra-bryut-beloe-13-0001,vinodelnya-vedernikov-vinodelnya-vedernikov-tsimlyanskiy-chernyy-sibirkovyy-ekstra-bryut-beloe-13,vinodelnya_vedernikov_vinodelnya_vedernikov_tsimlyanskiy_chernyy_sibirkovyy_ekstra_bryut_beloe_13_8299616071.webp,studio_front,dbe9f9146ff4a544482095f534827b845522217066204cc1b3da8c254eddf5ad,strapi,,none,0
vintazh-premium-0001,vintazh-premium,VT_page_0001_Photoroom_09c11818c7.webp,studio_front,3783847d90e50a11d8a0236ba7c66fd15b1ae061ae3abf293bd07159272f3f8d,strapi,,none,0
andryus-yutsis-vione-beloe-suhoe-112-0001,andryus-yutsis-vione-beloe-suhoe-112,andryus_yutsis_vione_beloe_suhoe_112_3dcc463d21.webp,studio_front,4c244c1f83c43a3bbeb8f75f812859f16f96810b75fe68052968f9f7818d0e2c,strapi,,none,0
vinodelnya-marko-vione-beloe-suhoe-12-0001,vinodelnya-marko-vione-beloe-suhoe-12,vinodelnya_marko_vione_beloe_suhoe_12_b8f5e2497b.webp,studio_front,06735abe2eb1a4894cbf876e8a12294a4904aa6976689d8243a94b01541b62d3,strapi,,none,0
vinodelnya-krinitsa-vione-beloe-suhoe-133-0001,vinodelnya-krinitsa-vione-beloe-suhoe-133,vinodelnya_krinitsa_vione_beloe_suhoe_133_e3c078da52.webp,studio_front,2acbbde96fd002ba531875b0e817f1ab0ce245ca198ae5764f14bbcfa70d20b2,strapi,,none,0
esse-vione-beloe-suhoe-13-0001,esse-vione-beloe-suhoe-13,esse_vione_beloe_suhoe_13_aec36b710c.webp,studio_front,3457452e5e00ddffd498ba10dafe7f60811c8c9dca4f0bbaf7c9aedde9338191,strapi,,none,0
usadba-mezyb-vione-beloe-suhoe-118-0001,usadba-mezyb-vione-beloe-suhoe-118,usadba_mezyb_vione_beloe_suhoe_118_09f77ea9a0.webp,studio_front,fe4576114185598b6e05bafa356d4ae5541f208f90890eb29982839a014a6794,strapi,,none,0
dva-serdtsa-vione-beloe-suhoe-125-0001,dva-serdtsa-vione-beloe-suhoe-125,dva_serdtsa_vione_beloe_suhoe_125_2e3fcdb2b9.webp,studio_front,f609555b9b84f6ba88a2b80ff122dfb30e2048df1958d170843a6effdb8e3a4c,strapi,,none,0
loco-cimbali-vione-beloe-suhoe-14-0001,loco-cimbali-vione-beloe-suhoe-14,loco_cimbali_vione_beloe_suhoe_14_c9f29d5f9c.webp,studio_front,660ab4f5765f52422ddf182bd15d3ede1f81a440902bc07a330c3dc7d3317c42,strapi,,none,0
chateau-cachalot-vione-beloe-suhoe-112-0001,chateau-cachalot-vione-beloe-suhoe-112,chateau_cachalot_vione_beloe_suhoe_112_fe94c08087.webp,studio_front,63d0d4a37c3c001af0912939c3e3ba69ec031008eed25692185880d63bf7d7b9,strapi,,none,0
vinodelnya-zhakov-vostorg-beloe-suhoe-116-0001,vinodelnya-zhakov-vostorg-beloe-suhoe-116,vinodelnya_zhakov_vostorg_beloe_suhoe_116_d4de151c7e.webp,studio_front,e80e156e239eb85433f3309d3622c89efbb1032e2b233dd55c2472577ee1baa9,strapi,,none,0
kuban-vino-vysokiy-bereg-grafit-roze-kaberne-sovinon-rozovoe-suhoe-12-0001,kuban-vino-vysokiy-bereg-grafit-roze-kaberne-sovinon-rozovoe-suhoe-12,kuban_vino_vysokiy_bereg_grafit_roze_kaberne_sovinon_rozovoe_suhoe_12_1d75bb3149.webp,studio_front,777bbc8c6ec31c240e21bd83294b90be8ab38fc5385b8dedb14e253f8cead09a,strapi,,none,0
vysokij-bereg-czvajgelt-0001,vysokij-bereg-czvajgelt,Vysokij_bereg_Czvajgelt_8c439c9f75.webp,studio_front,9ca8ac675739819607019f60c7c6697709b44908860aa948673ed824315f209e,strapi,,none,0
esse-gevyurtstraminer-beloe-suhoe-12-0001,esse-gevyurtstraminer-beloe-suhoe-12,esse_gevyurtstraminer_beloe_suhoe_12_c0993e07dc.webp,studio_front,b7026509268edaabcd31c4c986d5c8ab21344e730cb2a4d5451b909c4f3928e4,strapi,,none,0
uppa-winery-gevyurtstraminer-muskat-beloe-suhoe-14-0001,uppa-winery-gevyurtstraminer-muskat-beloe-suhoe-14,uppa_winery_gevyurtstraminer_muskat_beloe_suhoe_14_0795455a8d.webp,studio_front,ace27b0d1d1dc2d520488cfca3b03d7d9f7a6b66439e57d0f9014d4fb3338555,strapi,,none,0
vinodelnya-myshako-gevyurtstraminer-mode-petnat-beloe-bryut-118-0001,vinodelnya-myshako-gevyurtstraminer-mode-petnat-beloe-bryut-118,vinodelnya_myshako_gevyurtstraminer_mode_petnat_petnat_bryut_belyy_118_efec323182.webp,studio_front,16aa33b87613086dfb6c64372bc950691e3926c9e82bfc74c1da21f61d9547c6,strapi,,none,0
vinodelnya-myshako-gevyurtstraminer-kyuve-bryut-beloe-123-0001,vinodelnya-myshako-gevyurtstraminer-kyuve-bryut-beloe-123,vinodelnya_myshako_gevyurtstraminer_kyuve_bryut_igristoe_bryut_beloe_123_8da56b2ab5.webp,studio_front,d51bd4ef05f71a2bfe330343c66c5896ca8aca223969c3c198553372e74677bc,strapi,,none,0
imenie-sikory-gerts-kaberne-sovinon-krasnoe-suhoe-14-0001,imenie-sikory-gerts-kaberne-sovinon-krasnoe-suhoe-14,imenie_sikory_gerts_kaberne_sovinon_krasnoe_suhoe_vyderzhannoe_14_c875bac299.webp,studio_front,73f63ba2dd13243549a4411230e841da54fc5e4c0eafa9fe4928ae4c8d8b8af5,strapi,,none,0
imenie-sikory-gerts-sikory-kaberne-sovinon-krasnoe-suhoe-14-0001,imenie-sikory-gerts-sikory-kaberne-sovinon-krasnoe-suhoe-14,imenie_sikory_gerts_sikory_kaberne_sovinon_krasnoe_suhoe_14_2dc7c653fd.webp,studio_front,fc3c7b3ba7df07d08c2542130eaf9adf0e117aba7906e331aa9472f6e9f2eefe,strapi,,none,0
vinodelnya-uzunov-glad-shardone-beloe-ekstra-bryut-127-0001,vinodelnya-uzunov-glad-shardone-beloe-ekstra-bryut-127,vinodelnya_uzunov_glad_shardone_igristoe_ekstra_bryut_beloe_127_7d4577552b.webp,studio_front,f8fb83b7d8e09d76d99c0cbbc625803c745891988639a908ba06b1462c5c0337,strapi,,none,0
soyuz-vino-gloriya-de-luna-byanko-sekko-shardone-beloe-suhoe-11-0001,soyuz-vino-gloriya-de-luna-byanko-sekko-shardone-beloe-suhoe-11,soyuz_vino_gloriya_de_luna_byanko_sekko_shardone_beloe_suhoe_11_e1eb459568.webp,studio_front,eab98b726804c125640089c6587a306c7ea7bb12bf20e4f4ce3320161f2795eb,strapi,,none,0
soyuz-vino-gloriya-de-luna-byanko-semidolche-shardone-beloe-polusladkoe-11-0001,soyuz-vino-gloriya-de-luna-byanko-semidolche-shardone-beloe-polusladkoe-11,soyuz_vino_gloriya_de_luna_byanko_semidolche_shardone_beloe_polusladkoe_11_22883623c8.webp,studio_front,9dec13aa646517e396bc633a43c935e3a645632409f7f631b9108c9b2ca4d34f,strapi,,none,0
soyuz-vino-gloriya-de-luna-rosso-sekko-kaberne-sovinon-krasnoe-suhoe-11-0001,soyuz-vino-gloriya-de-luna-rosso-sekko-kaberne-sovinon-krasnoe-suhoe-11,soyuz_vino_gloriya_de_luna_rosso_sekko_kaberne_sovinon_krasnoe_suhoe_11_22e36306c0.webp,studio_front,97e800d0597d5a4b79284b0954c0e03aa513bc77cd2ac4d730141fb73718360b,strapi,,none,0
soyuz-vino-gloriya-de-luna-rosso-semidolche-kaberne-sovinon-krasnoe-polusladkoe-11-0001,soyuz-vino-gloriya-de-luna-rosso-semidolche-kaberne-sovinon-krasnoe-polusladkoe-11,soyuz_vino_gloriya_de_luna_rosso_semidolche_kaberne_sovinon_krasnoe_polusladkoe_11_a2b9c3484a.webp,studio_front,f49747a21ad7797d29b42aa2ea082165440cb1ef5d6aa7a38dcbe4959b0d1ebd,strapi,,none,0
vinodelnya-raevskoe-glou-krasnoe-merlo-suhoe-14-0001,vinodelnya-raevskoe-glou-krasnoe-merlo-suhoe-14,vinodelnya_raevskoe_glou_krasnoe_merlo_krasnoe_suhoe_14_2560e6ae7b.webp,studio_front,7728369bee18259af104d740355704925db96fc6e596b4f05b33f73825f50b1b,strapi,,none,0
vinodelnya-batrak-glyu-glyu-podarok-magaracha-krasnoe-suhoe-12-0001,vinodelnya-batrak-glyu-glyu-podarok-magaracha-krasnoe-suhoe-12,vinodelnya_batrak_glyu_glyu_podarok_magaracha_krasnoe_suhoe_12_f97132e4a2.webp,studio_front,471ebb0cedfcd8c65e6d4695b7fbc832db7fa416f4fae0cfb8b9e26e5f5dccaf,strapi,,none,0
alma-valley-graviti-pino-blan-beloe-suhoe-135-0001,alma-valley-graviti-pino-blan-beloe-suhoe-135,alma_valley_graviti_pino_blan_beloe_suhoe_135_78180c873a.webp,studio_front,7eca3f60a2d2a850a8e3c70e2ed903db6206aede3993b97e26d5060610d59aee,strapi,,none,0
alma-valley-graviti-kaberne-sovinon-krasnoe-suhoe-15-0001,alma-valley-graviti-kaberne-sovinon-krasnoe-suhoe-15,alma_valley_graviti_kaberne_sovinon_krasnoe_suhoe_15_018520df79.webp,studio_front,01d712057745e31a808d3088b1da2864dc406d929c380610a978cfe2fc037ac6,strapi,,none,0
zmv-koktebel-grand-kupazh-kaberne-sovinon-krasnoe-suhoe-13-0001,zmv-koktebel-grand-kupazh-kaberne-sovinon-krasnoe-suhoe-13,zmv_koktebel_grand_kupazh_kaberne_sovinon_krasnoe_suhoe_13_df6b6621b0.webp,studio_front,bc0adee738609f7b53bc3a1e307d22fa71cbc9141519fe988a5be437a2af8902,strapi,,none,0
sober-bash-grani-kumshatskiy-kumshatskiy-belyy-beloe-suhoe-11-0001,sober-bash-grani-kumshatskiy-kumshatskiy-belyy-beloe-suhoe-11,sober_bash_grani_kumshatskiy_kumshatskiy_belyy_beloe_suhoe_11_6cb0d67e2f.webp,studio_front,3a0c002aadf3c23463e61d6f3e38e052ca9408c6f72de61db5c7a6e805030638,strapi,,none,0
sober-bash-grani-muskat-muskat-dzhialo-beloe-suhoe-12-0001,sober-bash-grani-muskat-muskat-dzhialo-beloe-suhoe-12,sober_bash_grani_muskat_muskat_dzhialo_beloe_suhoe_12_9d46b2c399.webp,studio_front,bfed437825f0f23b7054fe705f67c592b5cc2788003e7e6809600872fc805a3d,strapi,,none,0
sober-bash-grani-plechistik-krasnoe-suhoe-12-0001,sober-bash-grani-plechistik-krasnoe-suhoe-12,sober_bash_grani_plechistik_krasnoe_suhoe_12_c4203547d4.webp,studio_front,2da94c66d42f6aeaf8b55a49f125da0e39280759905c2bf1649dd96a692290b5,strapi,,none,0
derbent-vino-graf-vorontsov-beloe-polusladkoe-sovinon-blan-105-125-0001,derbent-vino-graf-vorontsov-beloe-polusladkoe-sovinon-blan-105-125,derbent_vino_graf_vorontsov_beloe_polusladkoe_sovinon_blan_105_125_5bcfddfbc1.webp,studio_front,f6889237c8b4fb3375ea46ea9b5493148848060c040cd76e3217110350bddf75,strapi,,none,0
derbent-vino-graf-vorontsov-bryut-beloe-sovinon-blan-105-125-0001,derbent-vino-graf-vorontsov-bryut-beloe-sovinon-blan-105-125,derbent_vino_graf_vorontsov_bryut_beloe_sovinon_blan_105_125_75497fccb3.webp,studio_front,8354342072ab4e58df785aa5971a607fc780b13654bd9d0c4e70ea6dc1a22905,strapi,,none,0
derbent-vino-graf-vorontsov-bryut-rozovoe-pervenets-magaracha-105-125-0001,derbent-vino-graf-vorontsov-bryut-rozovoe-pervenets-magaracha-105-125,derbent_vino_graf_vorontsov_bryut_rozovoe_pervenets_magaracha_105_125_080d855e21.webp,studio_front,568559d2d20521b9dcba3c73fa9a711d4129a35c3e14d03c2896b20226c275e2,strapi,,none,0
chateau-andre-gryuner-beloe-suhoe-13-0001,chateau-andre-gryuner-beloe-suhoe-13,chateau_andre_gryuner_beloe_suhoe_13_c15d8162b2.webp,studio_front,37e0d263e481f8dce125428198ed3c5015b62e746ac9d36f7bca70ccfcb47280,strapi,,none,0
vinodelnya-vedernikov-gubernatorskiy-rezerv-beloe-risling-suhoe-12-0001,vinodelnya-vedernikov-gubernatorskiy-rezerv-beloe-risling-suhoe-12,vinodelnya_vedernikov_gubernatorskiy_rezerv_beloe_risling_suhoe_12_280641b281.webp,studio_front,23e3c13dee8acd74ee2e3512db210b1fbaa1cbd0e7a52a89f7fcaf2ca3e41964,strapi,,none,0
vinodelnya-vedernikov-gubernatorskiy-rezerv-krasnoe-kaberne-sovinon-suhoe-14-0001,vinodelnya-vedernikov-gubernatorskiy-rezerv-krasnoe-kaberne-sovinon-suhoe-14,vinodelnya_vedernikov_gubernatorskiy_rezerv_krasnoe_kaberne_sovinon_suhoe_14_35b1c6ebda.webp,studio_front,0b1f8a3cc85435c645a80ee0afccc5795deb85538d3b410e9d768d81c1f820f3,strapi,,none,0
vinodelnya-vedernikov-gubernatorskoe-risling-beloe-suhoe-12-0001,vinodelnya-vedernikov-gubernatorskoe-risling-beloe-suhoe-12,vinodelnya_vedernikov_gubernatorskoe_risling_beloe_suhoe_12_43f9820281.webp,studio_front,c70d16c3d8fcdf1a0ce1a66dbbf6338ae4f8bef7558a88188f1c54e9f94473bb,strapi,,none,0
vinodelnya-vedernikov-gubernatorskoe-rkatsiteli-beloe-suhoe-13-0001,vinodelnya-vedernikov-gubernatorskoe-rkatsiteli-beloe-suhoe-13,vinodelnya_vedernikov_gubernatorskoe_rkatsiteli_beloe_suhoe_13_3e2b70fdee.webp,studio_front,976909af1f776fcdea8db35f066eec73fc3f34415cb420d86b41f9f905581556,strapi,,none,0
sober-bash-dve-doliny-auri-mtsvane-kahetinskiy-beloe-suhoe-125-0001,sober-bash-dve-doliny-auri-mtsvane-kahetinskiy-beloe-suhoe-125,sober_bash_dve_doliny_auri_mtsvane_kahetinskiy_beloe_suhoe_125_a76407b8bc.webp,studio_front,22e61d0bb36e3b310e8fb25229ce5b1da735fbe8f744a52cd56ccb0889dfe157,strapi,,none,0
sober-bash-dve-doliny-kaberne-fran-2023-krasnoe-polusuhoe-14-0001,sober-bash-dve-doliny-kaberne-fran-2023-krasnoe-polusuhoe-14,sober_bash_dve_doliny_kaberne_fran_2023_krasnoe_polusuhoe_14_fae22fb7b6.webp,studio_front,57e87b4d8d17468aa834ea9109e487fc6ce31f515173af56396cf518233a09b5,strapi,,none,0
sober-bash-dve-doliny-liuri-2023-dostoynyy-rozovoe-suhoe-13-0001,sober-bash-dve-doliny-liuri-2023-dostoynyy-rozovoe-suhoe-13,sober_bash_dve_doliny_liuri_2023_dostoynyy_rozovoe_suhoe_13_cb46b8033e.webp,studio_front,1c69817e707908f6ba9c9f909e19db336a3443d65361c76ae970efc4f68edd69,strapi,,none,0
sober-bash-dve-doliny-myuller-turgau-2023-beloe-suhoe-117-0001,sober-bash-dve-doliny-myuller-turgau-2023-beloe-suhoe-117,sober_bash_dve_doliny_myuller_turgau_2023_beloe_suhoe_117_a86924eb95.webp,studio_front,5ce03d2d0f2b5f79311ba0652c72c26e421215e6452148ae72625864c8ef50a8,strapi,,none,0
sober-bash-dve-doliny-saperavi-kachich-krasnoe-polusuhoe-15-0001,sober-bash-dve-doliny-saperavi-kachich-krasnoe-polusuhoe-15,sober_bash_dve_doliny_saperavi_kachich_krasnoe_polusuhoe_15_05e046e50c.webp,studio_front,c8854624486b6f52ee8c5f10d9059ce94f679ac849c5b0c94d18f882d86282bd,strapi,,none,0
sober-bash-dve-doliny-tsimlyanskiy-2023-tsimlyanskiy-chernyy-krasnoe-suhoe-13-0001,sober-bash-dve-doliny-tsimlyanskiy-2023-tsimlyanskiy-chernyy-krasnoe-suhoe-13,sober_bash_dve_doliny_tsimlyanskiy_2023_tsimlyanskiy_chernyy_krasnoe_suhoe_13_b4e53e75c9.webp,studio_front,0e9149c7fee0e5587beadf71d2dec3413b8936548291ba9e64d473d9bfa5bece,strapi,,none,0
fanagoriya-dekanter-chardonnay-2020-shardone-beloe-suhoe-135-0001,fanagoriya-dekanter-chardonnay-2020-shardone-beloe-suhoe-135,fanagoriya_dekanter_chardonnay_2020_shardone_beloe_suhoe_135_b72982bc7e.webp,studio_front,c9b93871986ff9801bb604068f053aca67f1e813a135f07841f74811cf0e4c07,strapi,,none,0
fanagoriya-dekanter-riesling-2020-risling-reynskiy-beloe-suhoe-13-0001,fanagoriya-dekanter-riesling-2020-risling-reynskiy-beloe-suhoe-13,fanagoriya_dekanter_riesling_2020_risling_reynskiy_beloe_suhoe_13_501205987a.webp,studio_front,efb6bf404fd5759c17976d9ba76c91c4329720e0a5402b95ec388de8d9e08219,strapi,,none,0
fanagoriya-dekanter-kaberne-sovinon-2018-krasnoe-suhoe-14-0001,fanagoriya-dekanter-kaberne-sovinon-2018-krasnoe-suhoe-14,fanagoriya_dekanter_kaberne_sovinon_2018_krasnoe_suhoe_14_fefe5a3d2b.webp,studio_front,809ba5065ce9b767b884fe196a0021454225cd3111da947d2b150b1901d5411f,strapi,,none,0
fanagoriya-dekanter-kaberne-fran-2019-krasnoe-suhoe-13-0001,fanagoriya-dekanter-kaberne-fran-2019-krasnoe-suhoe-13,fanagoriya_dekanter_kaberne_fran_2019_krasnoe_suhoe_13_0b28b4ba5d.webp,studio_front,8536b8ce98ff855c67d736c7987d6ae5195a86ce140c3fbe7e1421ca37dfe6bc,strapi,,none,0
fanagoriya-dekanter-merlo-2018-krasnoe-suhoe-14-0001,fanagoriya-dekanter-merlo-2018-krasnoe-suhoe-14,fanagoriya_dekanter_merlo_2018_krasnoe_suhoe_14_5bd81e96ca.webp,studio_front,e58904902f7e2c6f28b082bb0a9c679aa0ab7b3e9aae8e0ad0e21a338e244ba9,strapi,,none,0
fanagoriya-dekanter-pino-nuar-2020-krasnoe-suhoe-135-0001,fanagoriya-dekanter-pino-nuar-2020-krasnoe-suhoe-135,fanagoriya_dekanter_pino_nuar_2020_krasnoe_suhoe_135_7e07c8dd79.webp,studio_front,c41f104ce8ce4bd724c469233ecb290186a8e1c01d8b88091d91203844110b77,strapi,,none,0
fanagoriya-dekanter-rkatsiteli-2019-beloe-suhoe-135-0001,fanagoriya-dekanter-rkatsiteli-2019-beloe-suhoe-135,fanagoriya_dekanter_rkatsiteli_2019_beloe_suhoe_135_e7a61d6050.webp,studio_front,d0b25046830788457bc508657512dc0e3dbcd6d7a1a8f9e60c687a1eddb137ff,strapi,,none,0
fanagoriya-dekanter-saperavi-2017-krasnoe-suhoe-135-0001,fanagoriya-dekanter-saperavi-2017-krasnoe-suhoe-135,fanagoriya_dekanter_saperavi_2017_krasnoe_suhoe_135_1eb1ee94fa.webp,studio_front,06bf1ab6ebad73c36e756a17677dc9e369aa666b87d6c073debb1036ffdb7010,strapi,,none,0
fanagoriya-dekanter-formula-q-kaberne-sovinon-krasnoe-suhoe-135-0001,fanagoriya-dekanter-formula-q-kaberne-sovinon-krasnoe-suhoe-135,fanagoriya_dekanter_formula_q_kaberne_sovinon_krasnoe_suhoe_135_f3b19bcb8e.webp,studio_front,13536168dd2bb2544f8674a22e5fc3a8d7ef374008f4508d199ff69c1bf61b44,strapi,,none,0
derbent-vino-di-kaspiko-merlo-krasnoe-polusladkoe-11-0001,derbent-vino-di-kaspiko-merlo-krasnoe-polusladkoe-11,derbent_vino_di_kaspiko_merlo_krasnoe_polusladkoe_11_fe0af35587.webp,studio_front,ceaef809c63e6a756f680a4d969ea33167ddb4663d55560169bdc86cd2fed8b5,strapi,,none,0
derbent-vino-di-kaspiko-rkatsiteli-beloe-polusladkoe-11-0001,derbent-vino-di-kaspiko-rkatsiteli-beloe-polusladkoe-11,derbent_vino_di_kaspiko_rkatsiteli_beloe_polusladkoe_11_0f1d01c9b8.webp,studio_front,c79cd7e8989222804e0ccc83cb0aad5cedb019b2fdbef77db3e262dae1e47385,strapi,,none,0
derbent-vino-di-kaspiko-shardone-beloe-bryut-105-125-0001,derbent-vino-di-kaspiko-shardone-beloe-bryut-105-125,derbent_vino_di_kaspiko_shardone_beloe_bryut_105_125_4d786338c5.webp,studio_front,6c8f16e654b9555432f9786e07d6f251c2dbcba9f2b0b6775cfd0c5b538fe2cd,strapi,,none,0
derbent-vino-di-kaspiko-shardone-beloe-polusladkoe-105-125-0001,derbent-vino-di-kaspiko-shardone-beloe-polusladkoe-105-125,derbent_vino_di_kaspiko_shardone_beloe_polusladkoe_105_125_2f8bb2832f.webp,studio_front,f94bba75d103661adeec6498e01c3852697fe4cf9e55916e2ed7f320366f7820,strapi,,none,0
derbent-vino-di-kaspiko-kaberne-sovinon-krasnoe-suhoe-135-0001,derbent-vino-di-kaspiko-kaberne-sovinon-krasnoe-suhoe-135,derbent_vino_di_kaspiko_kaberne_sovinon_krasnoe_suhoe_135_cb62d5c61d.webp,studio_front,78306a0337ca77473f0b0b32838e6a9f25471f14698304ad1447334ecb6e735c,strapi,,none,0
derbent-vino-di-kaspiko-merlo-krasnoe-suhoe-13-0001,derbent-vino-di-kaspiko-merlo-krasnoe-suhoe-13,derbent_vino_di_kaspiko_merlo_krasnoe_suhoe_13_955108cf50.webp,studio_front,2a52b5a4ce85a36455f7e8c8d23b8b25b4fb5f5f6c6ba85763ad0f36a3d3f7e4,strapi,,none,0
derbent-vino-di-kaspiko-risling-beloe-suhoe-12-0001,derbent-vino-di-kaspiko-risling-beloe-suhoe-12,derbent_vino_di_kaspiko_risling_beloe_suhoe_12_4811c15318.webp,studio_front,c316d11a3f773e47c6331362c3e2b33158444eba69b71a9d7725a8b5d0f335e6,strapi,,none,0
derbent-vino-di-kaspiko-rkatsiteli-beloe-suhoe-12-0001,derbent-vino-di-kaspiko-rkatsiteli-beloe-suhoe-12,derbent_vino_di_kaspiko_rkatsiteli_beloe_suhoe_12_bb2cf4506e.webp,studio_front,2b779eb2020c69f462a6acd4a7be9750d5755560df210a7edf717ca6ecaf4dfc,strapi,,none,0
derbent-vino-di-kaspiko-roze-shardone-rozovoe-suhoe-12-0001,derbent-vino-di-kaspiko-roze-shardone-rozovoe-suhoe-12,derbent_vino_di_kaspiko_roze_shardone_rozovoe_suhoe_12_9bae135964.webp,studio_front,6fe043e8cd53e4bf2adf1ebe46f968d218e4ac22af027c59d69ebf7b6652a43e,strapi,,none,0
derbent-vino-di-kaspiko-saperavi-krasnoe-suhoe-13-0001,derbent-vino-di-kaspiko-saperavi-krasnoe-suhoe-13,derbent_vino_di_kaspiko_saperavi_krasnoe_suhoe_13_753016cd3a.webp,studio_front,459ae225c8cafbefef5dc5006ed157e9e1b7822d435e11e78803e0c42e279df6,strapi,,none,0
derbent-vino-di-kaspiko-sovinon-sovinon-blan-beloe-suhoe-12-0001,derbent-vino-di-kaspiko-sovinon-sovinon-blan-beloe-suhoe-12,derbent_vino_di_kaspiko_sovinon_sovinon_blan_beloe_suhoe_12_1de7871443.webp,studio_front,394908f9597909d6c259a8d59fd387d408fb5ef066d9f7706f634c3f3692ebfc,strapi,,none,0
derbent-vino-di-kaspiko-fiori-di-mare-verde-avgustin-rozovoe-polusuhoe-10-0001,derbent-vino-di-kaspiko-fiori-di-mare-verde-avgustin-rozovoe-polusuhoe-10,derbent_vino_di_kaspiko_fiori_di_mare_verde_avgustin_rozovoe_polusuhoe_10_e9fa99da2f.webp,studio_front,faa7d0c91a2148e88a0b0c6a8ab9470bb767fa71757b2c7986931b5364fdb5c7,strapi,,none,0
derbent-vino-di-kaspiko-shardone-beloe-suhoe-125-0001,derbent-vino-di-kaspiko-shardone-beloe-suhoe-125,derbent_vino_di_kaspiko_shardone_beloe_suhoe_125_f909d0b705.webp,studio_front,2f5b5c1083a49dbb1fcfa6677dc63790110c343718cf25e1c507a1560aa58b76,strapi,,none,0
shato-pino-dichkaberne-fran-krasnoe-suhoe-14-0001,shato-pino-dichkaberne-fran-krasnoe-suhoe-14,shato_pino_kaberne_fran_krasnoe_suhoe_14_2be9b0f50c.webp,studio_front,49042f98de36c0b2cc504e705972e8bcb1964e5b7343b9400bdd707e210aad7e,strapi,,none,0
valeriy-zaharin-dom-zaharinyh-beloe-sary-pandas-suhoe-115-0001,valeriy-zaharin-dom-zaharinyh-beloe-sary-pandas-suhoe-115,valeriy_zaharin_dom_zaharinyh_beloe_sary_pandas_beloe_suhoe_115_d6510ac4dc.webp,studio_front,0c4f8576261fad4805e7180f335bd1cd6d32e01014a355f03e47317809bf26a4,strapi,,none,0
valeriy-zaharin-dom-zaharinyh-krasnoe-kaberne-sovinon-suhoe-125-0001,valeriy-zaharin-dom-zaharinyh-krasnoe-kaberne-sovinon-suhoe-125,valeriy_zaharin_dom_zaharinyh_krasnoe_kaberne_sovinon_krasnoe_suhoe_125_c129a97c03.webp,studio_front,16954e20020d262f58b895fcdfbfed43a57cda87a2556bf225f86368d2473558,strapi,,none,0
cloudy-winery-dubrovskiy-bordeaux-blend-kaberne-fran-krasnoe-suhoe-14-0001,cloudy-winery-dubrovskiy-bordeaux-blend-kaberne-fran-krasnoe-suhoe-14,cloudy_winery_dubrovskiy_bordeaux_blend_kaberne_fran_krasnoe_suhoe_14_f6e9762007.webp,studio_front,d9e3ba3dceb078a8b1fd3f3eb67394b262e2d8b242f8438bf262f3727fe43248,strapi,,none,0
cloudy-winery-dubrovskiy-orange-rkatsiteli-beloe-suhoe-125-0001,cloudy-winery-dubrovskiy-orange-rkatsiteli-beloe-suhoe-125,cloudy_winery_dubrovskiy_orange_rkatsiteli_beloe_suhoe_125_4f9572c38b.webp,studio_front,c7b9fa7c24e0077c8d739352f6cbee6690a587c682dc5b8c0d7548838e91981a,strapi,,none,0
skalistyy-bereg-dyhanie-voln-shardone-beloe-suhoe-121-0001,skalistyy-bereg-dyhanie-voln-shardone-beloe-suhoe-121,skalistyy_bereg_dyhanie_voln_shardone_beloe_suhoe_121_74e150ac8e.webp,studio_front,d2c688909c83ff9d60c6b1cad223e0eb46ec378ddf5b98a52aa878dd485bd3ba,strapi,,none,0
derbent-vino-desono-kaberne-fran-krasnoe-suhoe-125-0001,derbent-vino-desono-kaberne-fran-krasnoe-suhoe-125,derbent_vino_desono_kaberne_fran_krasnoe_suhoe_125_226a36c17f.webp,studio_front,2e42917926e43f08272fa3b3603f5a5baa97278c80efcfaa78779633c6c81664,strapi,,none,0
derbent-vino-desono-risling-beloe-suhoe-125-0001,derbent-vino-desono-risling-beloe-suhoe-125,derbent_vino_desono_risling_beloe_suhoe_125_90c6a4a233.webp,studio_front,2e221dd26fd76fdfd9f7175735df702763b4dead5fa753305ed04d87c5b2a5c0,strapi,,none,0
derbent-vino-desono-risling-ekstra-bryut-beloe-105-125-0001,derbent-vino-desono-risling-ekstra-bryut-beloe-105-125,derbent_vino_desono_risling_ekstra_bryut_beloe_105_125_724cf52ff8.webp,studio_front,9223fe1f9cec2d614022a9800e19320f148ba49f0f9ca1f82746c86792d9f082,strapi,,none,0
derbent-vino-desono-rkatsiteli-oranzh-beloe-suhoe-125-0001,derbent-vino-desono-rkatsiteli-oranzh-beloe-suhoe-125,derbent_vino_desono_rkatsiteli_oranzh_beloe_suhoe_125_a2217801d9.webp,studio_front,cabeb9d25bd43ffddbee57d8d2810c0f3c9dcc1fc929ba263e2425d173fdc1bc,strapi,,none,0
derbent-vino-desono-saperavi-krasnoe-suhoe-125-0001,derbent-vino-desono-saperavi-krasnoe-suhoe-125,derbent_vino_desono_saperavi_krasnoe_suhoe_125_113d89a542.webp,studio_front,877424c5f09540260eb5d39c2b472743b848429cdaaa997567ff7ce0a4fb073e,strapi,,none,0
derbent-vino-desono-saperavi-roze-rozovoe-suhoe-125-0001,derbent-vino-desono-saperavi-roze-rozovoe-suhoe-125,derbent_vino_desono_saperavi_roze_rozovoe_suhoe_125_ba34b6b78b.webp,studio_front,5c05c7a8327fc842bc111c694f00dbfb95ba1235a43291bc8dd9696317a45016,strapi,,none,0
belbek-zakat-merlo-sira-krasnoe-suhoe-132-0001,belbek-zakat-merlo-sira-krasnoe-suhoe-132,belbek_zakat_merlo_sira_krasnoe_suhoe_132_1a2112ceb7.webp,studio_front,a670c382eed87e3062bd16bd134c811fec83987573a1f13a38ac5ef87964803c,strapi,,none,0
zb-vajn-vajt-suhoe-beloe-0001,zb-vajn-vajt-suhoe-beloe,convertio_in_L1002571_8cf9459a5e.webp,studio_front,5cc76f5d1d3b784050b7542474fd56b7beb74d8f6e3e23654c4eb83245b690a9,strapi,,none,0
soyuz-vino-zelyonaya-dolina-kaberne-sovinon-krasnoe-suhoe-12-0001,soyuz-vino-zelyonaya-dolina-kaberne-sovinon-krasnoe-suhoe-12,soyuz_vino_zelyonaya_dolina_kaberne_sovinon_krasnoe_suhoe_12_093855198c.webp,studio_front,37f7d48d298bf1d9f807a22725e4fbff8b92bdb0a2b77ad6d6adf09b2826f7f5,strapi,,none,0
soyuz-vino-zelyonaya-dolina-kaberne-merlo-kaberne-sovinon-krasnoe-polusladkoe-12-0001,soyuz-vino-zelyonaya-dolina-kaberne-merlo-kaberne-sovinon-krasnoe-polusladkoe-12,soyuz_vino_zelyonaya_dolina_kaberne_merlo_kaberne_sovinon_krasnoe_polusladkoe_12_7bd855e183.webp,studio_front,c9d8e5637c06fc6301c22a55630a3969706bb29bf8899796527db4309151d6ef,strapi,,none,0
soyuz-vino-zelyonaya-dolina-kaberne-merlo-v-banke-kaberne-sovinon-krasnoe-polusladkoe-12-0001,soyuz-vino-zelyonaya-dolina-kaberne-merlo-v-banke-kaberne-sovinon-krasnoe-polusladkoe-12,soyuz_vino_zelyonaya_dolina_kaberne_merlo_v_banke_kaberne_sovinon_krasnoe_polusladkoe_12_16c08bed18.webp,studio_front,9146e0d771569cbcc4b5c73a0fc01bb2fd5fbe0756c9f0c30ba52fbc84fb336a,strapi,,none,0
soyuz-vino-zelyonaya-dolina-pino-blan-v-banke-beloe-polusladkoe-115-0001,soyuz-vino-zelyonaya-dolina-pino-blan-v-banke-beloe-polusladkoe-115,soyuz_vino_zelyonaya_dolina_pino_blan_v_banke_beloe_polusladkoe_115_ec62bc058b.webp,studio_front,725102f60b81f88ef78cd9f2d6315050abab946aa2fec18bb72a20b13578dca5,strapi,,none,0
soyuz-vino-zelyonaya-dolina-pino-nuar-krasnoe-suhoe-12-0001,soyuz-vino-zelyonaya-dolina-pino-nuar-krasnoe-suhoe-12,soyuz_vino_zelyonaya_dolina_pino_nuar_krasnoe_suhoe_12_99229b1a8a.webp,studio_front,1709bf4872d1d3e164efd26d04cdca2d76e37b2db1945a660afb76b2698ccdca,strapi,,none,0
soyuz-vino-zelyonaya-dolina-pino-nuar-v-banke-krasnoe-suhoe-12-0001,soyuz-vino-zelyonaya-dolina-pino-nuar-v-banke-krasnoe-suhoe-12,soyuz_vino_zelyonaya_dolina_pino_nuar_v_banke_krasnoe_suhoe_12_16633f774d.webp,studio_front,27264cea660a56af1465a347c12c7142b98d789c8e552fd92bfb21fca62a1cd1,strapi,,none,0
soyuz-vino-zelyonaya-dolina-sovinon-blan-polusladkoe-beloe-12-0001,soyuz-vino-zelyonaya-dolina-sovinon-blan-polusladkoe-beloe-12,soyuz_vino_zelyonaya_dolina_sovinon_blan_polusladkoe_beloe_12_37e7e1e966.webp,studio_front,5e2d6f764de124428704cf553774522fcbd28f34c41543936347d8bc590e5014,strapi,,none,0
soyuz-vino-zelyonaya-dolina-sovinon-blan-suhoe-beloe-12-0001,soyuz-vino-zelyonaya-dolina-sovinon-blan-suhoe-beloe-12,soyuz_vino_zelyonaya_dolina_sovinon_blan_suhoe_beloe_12_c604b7c3de.webp,studio_front,68196db868bc653e14bf8adee38bd677be6bd279f9e62a387f734bc7b9535751,strapi,,none,0
soyuz-vino-zelyonaya-dolina-shardone-beloe-suhoe-12-0001,soyuz-vino-zelyonaya-dolina-shardone-beloe-suhoe-12,soyuz_vino_zelyonaya_dolina_shardone_beloe_suhoe_12_9350f4af7c.webp,studio_front,55848011a0a03e5bbb1ef28bb86865ec51b12e89fe09640057adeeb117a4a7ba,strapi,,none,0
soyuz-vino-zelyonaya-dolina-shardone-v-banke-beloe-suhoe-12-0001,soyuz-vino-zelyonaya-dolina-shardone-v-banke-beloe-suhoe-12,soyuz_vino_zelyonaya_dolina_shardone_v_banke_beloe_suhoe_12_c6b6ff13f2.webp,studio_front,381c9de42bdcfbd82aeb4d02c58779509b9d6b5ba42362108af8defec0dd4e51,strapi,,none,0
fanagoriya-zelyonoe-vino-risling-tsitronnyy-magaracha-beloe-polusuhoe-11-0001,fanagoriya-zelyonoe-vino-risling-tsitronnyy-magaracha-beloe-polusuhoe-11,fanagoriya_zelyonoe_vino_risling_tsitronnyy_magaracha_beloe_polusuhoe_11_e4de13ab6b.webp,studio_front,93e5528b36ca427e41ea84e5204bb6bfc4f21835653045fc2992e9f9ba1bef53,strapi,,none,0
fanagoriya-zelyonoe-vino-risling-tsitronnyy-magaracha-merlo-rozovoe-polusuhoe-11-0001,fanagoriya-zelyonoe-vino-risling-tsitronnyy-magaracha-merlo-rozovoe-polusuhoe-11,fanagoriya_zelyonoe_vino_risling_tsitronnyy_magaracha_merlo_rozovoe_polusuhoe_11_b750443919.webp,studio_front,8d53ed801132e5e03293f94fb624172e5219e979876d31679a16fe07ba780a51,strapi,,none,0
vinodelnya-myshako-zinfandel-mode-krasnoe-suhoe-148-0001,vinodelnya-myshako-zinfandel-mode-krasnoe-suhoe-148,vinodelnya_myshako_zinfandel_mode_krasnoe_suhoe_148_f6a88f446d.webp,studio_front,6375ae5f441dc4402efba1e30ff44836d8b5886a90b902a61320b607bdf6eb9f,strapi,,none,0
vinodelnya-myshako-zinfandel-mode-petnat-rozovoe-polusuhoe-12-0001,vinodelnya-myshako-zinfandel-mode-petnat-rozovoe-polusuhoe-12,vinodelnya_myshako_zinfandel_mode_petnat_petnat_polusuhoy_rozovyy_12_09340e76e9.webp,studio_front,560f19fc32a0d6040f0abaee1dba5ea7d984eb21d812306bfff8fbf0344e19d5,strapi,,none,0
zolotaya-balka-igristoe-krasnoe-polusladkoe-0001,zolotaya-balka-igristoe-krasnoe-polusladkoe,Zolotaya_Balka_igristoe_krasnoe_polusladkoe_8604608e59.webp,studio_front,1e61e3bb1078135b537a03c0f550fe5f0a8d1cf6049d4eef0073a53cf5e80003,strapi,,none,0
novyy-svet-dom-shampanskih-vin-igristoe-vino-vyderzhannoe-bryut-krasnoe-novyy-svet-kaberne-sovinon-135-0001,novyy-svet-dom-shampanskih-vin-igristoe-vino-vyderzhannoe-bryut-krasnoe-novyy-svet-kaberne-sovinon-135,novyy_svet_dom_shampanskih_vin_igristoe_vino_vyderzhannoe_bryut_krasnoe_novyy_svet_kaberne_sovinon_135_c251fa3c04.webp,studio_front,d5241bc04c3a02aee14b790e6bb75661ebd19b592b3f47fedd9ef0014eb366f8,strapi,,none,0
novyy-svet-dom-shampanskih-vin-igristoe-vino-vyderzhannoe-bryut-rozovoe-novyy-svet-pino-nuar-125-0001,novyy-svet-dom-shampanskih-vin-igristoe-vino-vyderzhannoe-bryut-rozovoe-novyy-svet-pino-nuar-125,novyy_svet_dom_shampanskih_vin_igristoe_vino_vyderzhannoe_bryut_rozovoe_novyy_svet_pino_nuar_125_971ad70c91.webp,studio_front,154412c9dad9e6347f468e75f11cee4d7fff3106b91dc68851daab50b103d017,strapi,,none,0
novyy-svet-dom-shampanskih-vin-igristoe-vino-vyderzhannoe-bryut-rozovoe-novyy-svet-pino-fran-135-0001,novyy-svet-dom-shampanskih-vin-igristoe-vino-vyderzhannoe-bryut-rozovoe-novyy-svet-pino-fran-135,novyy_svet_dom_shampanskih_vin_igristoe_vino_vyderzhannoe_bryut_rozovoe_novyy_svet_pino_fran_135_e6633aa65e.webp,studio_front,8ec0355e8cd99ee9629b0f9fb6a43fdd866eb67a402ed65bca8a34e5877b72a2,strapi,,none,0
novyy-svet-dom-shampanskih-vin-igristoe-vino-vyderzhannoe-polusladkoe-krasnoe-novyy-svet-kaberne-sovinon-12-0001,novyy-svet-dom-shampanskih-vin-igristoe-vino-vyderzhannoe-polusladkoe-krasnoe-novyy-svet-kaberne-sovinon-12,novyy_svet_dom_shampanskih_vin_igristoe_vino_vyderzhannoe_polusladkoe_krasnoe_novyy_svet_kaberne_sovinon_12_fd0d395f6b.webp,studio_front,f1bb619a45da447581e0656f5b206055fa6107dff9d2a4a27584af541848ff38,strapi,,none,0
novyy-svet-dom-shampanskih-vin-igristoe-vino-vyderzhannoe-polusladkoe-rozovoe-novyy-svet-pino-fran-135-0001,novyy-svet-dom-shampanskih-vin-igristoe-vino-vyderzhannoe-polusladkoe-rozovoe-novyy-svet-pino-fran-135,novyy_svet_dom_shampanskih_vin_igristoe_vino_vyderzhannoe_polusladkoe_rozovoe_novyy_svet_pino_fran_135_f0782b6699.webp,studio_front,a251ee39686382f31e1da4c724d61d0ecd6fd17e145ebb373530698666276d36,strapi,,none,0
igristoe-krasnoe-sladkoe-czimlyanskoe-0001,igristoe-krasnoe-sladkoe-czimlyanskoe,Igristoe_krasnoe_sladkoe_Czimlyanskoe_ea86054adf.webp,studio_front,2906786494bb70a616076da02b7089f9e9d97d2da68a18d7753c2513f7b115b7,strapi,,none,0
abrau-dyurso-imperatorskoe-bryut-shardone-beloe-12-0001,abrau-dyurso-imperatorskoe-bryut-shardone-beloe-12,abrau_dyurso_imperatorskoe_bryut_shardone_beloe_12_d6c7ebb073.webp,studio_front,cb4dfc837725c1a1274212bfadbcb2ede80d48cf1e8ac828264b5180e29fb2a0,strapi,,none,0
abrau-dyurso-imperatorskoe-polusladkoe-shardone-beloe-12-0001,abrau-dyurso-imperatorskoe-polusladkoe-shardone-beloe-12,abrau_dyurso_imperatorskoe_polusladkoe_shardone_beloe_12_956aaee80d.webp,studio_front,b507d1a553be4d355b4efa85a1bcf0202de0825b7af6cca79126a9b144543dd4,strapi,,none,0
abrau-dyurso-imperatorskoe-polusuhoe-shardone-beloe-12-0001,abrau-dyurso-imperatorskoe-polusuhoe-shardone-beloe-12,abrau_dyurso_imperatorskoe_polusuhoe_shardone_beloe_12_51385573f2.webp,studio_front,579c27ddc5ecea1a68980c2ad6b16e3b484a9fa1818c34143c3af723a3ce4222,strapi,,none,0
abrau-dyurso-imperial-brut-lart-nouveau-shardone-beloe-bryut-105-0001,abrau-dyurso-imperial-brut-lart-nouveau-shardone-beloe-bryut-105,abrau_dyurso_imperial_brut_lart_nouveau_shardone_beloe_bryut_105_71076b0053.webp,studio_front,6e745530c57c98209415420628fc3a649c0010abccc58e356eaa641c674d5144,strapi,,none,0
abrau-dyurso-imperial-brut-rose-pino-nuar-rozovoe-bryut-12-0001,abrau-dyurso-imperial-brut-rose-pino-nuar-rozovoe-bryut-12,abrau_dyurso_imperial_brut_rose_pino_nuar_rozovoe_bryut_12_3eafe20e40.webp,studio_front,5323c88162fb69fd5020b5e6fe4550208400b56d3313d1f7a4c43f44b518198c,strapi,,none,0
abrau-dyurso-imperial-kyuve-pino-nuar-rozovoe-bryut-125-0001,abrau-dyurso-imperial-kyuve-pino-nuar-rozovoe-bryut-125,abrau_dyurso_imperial_kyuve_pino_nuar_igristoe_bryut_rozovoe_125_99fe198335.webp,studio_front,ea35a426739f004aaff63cdbdd82d924a9e55903a09fe22bf9b22355242ca059,strapi,,none,0
abrau-dyurso-imperial-brut-vintage-shardone-beloe-bryut-12-0001,abrau-dyurso-imperial-brut-vintage-shardone-beloe-bryut-12,abrau_dyurso_imperial_brut_vintage_shardone_beloe_bryut_12_8f6dbe7a71.webp,studio_front,21a83dc7d76887c86fe60e9761c782e0663953c37ea551d8f250e24ba9a6c0b0,strapi,,none,0
inkermanskiy-zmv-inkerman-bryut-rkatsiteli-beloe-12-0001,inkermanskiy-zmv-inkerman-bryut-rkatsiteli-beloe-12,inkermanskiy_zmv_inkerman_bryut_rkatsiteli_beloe_12_d9607fd400.webp,studio_front,489498bc1c52e1102d4df5ce58122fdac44743ebab6fd4b8dda917ea6e991d9d,strapi,,none,0
inkermanskiy-zmv-inkerman-muskat-polusladkoe-beloe-13-0001,inkermanskiy-zmv-inkerman-muskat-polusladkoe-beloe-13,inkermanskiy_zmv_inkerman_muskat_polusladkoe_beloe_13_7b92ce68f8.webp,studio_front,fd00a5783254fee4f4b7798766c5dc85b2705d5eaddddb3febef778dd29fcfe8,strapi,,none,0
inkermanskiy-zmv-inkerman-pino-blan-zero-dozazh-beloe-ekstra-bryut-12-0001,inkermanskiy-zmv-inkerman-pino-blan-zero-dozazh-beloe-ekstra-bryut-12,inkermanskiy_zmv_inkerman_pino_blan_zero_dozazh_beloe_ekstra_bryut_12_8502401e55.webp,studio_front,9211a3cd9a9dd6849adb8b41b7ac2ecda4faa2f00d3518c0593716e7c810b7b5,strapi,,none,0
inkermanskiy-zmv-inkerman-polusladkoe-rkatsiteli-beloe-13-0001,inkermanskiy-zmv-inkerman-polusladkoe-rkatsiteli-beloe-13,inkermanskiy_zmv_inkerman_polusladkoe_rkatsiteli_beloe_13_5e5f1aa9c4.webp,studio_front,8b1b479d817c69536b5e47a52bc1e4e74be5c5d287e1512506b0d12a70c5f16f,strapi,,none,0
inkermanskiy-zmv-inkerman-roze-zero-dozazh-kokur-rozovoe-ekstra-bryut-12-0001,inkermanskiy-zmv-inkerman-roze-zero-dozazh-kokur-rozovoe-ekstra-bryut-12,inkermanskiy_zmv_inkerman_roze_zero_dozazh_kokur_rozovoe_ekstra_bryut_12_2c38685dfc.webp,studio_front,9b97fec7bc73c7bff5703fc672cd10fb5d762a32d3c32bf064d31747ddf921a3,strapi,,none,0
inkermanskiy-zmv-inkerman-rozovoe-polusladkoe-rkatsiteli-12-0001,inkermanskiy-zmv-inkerman-rozovoe-polusladkoe-rkatsiteli-12,inkermanskiy_zmv_inkerman_rozovoe_polusladkoe_rkatsiteli_12_2cbe882a16.webp,studio_front,d7f755e65e1455c07e7e706f1fd871271161df948da8a1d87e8e4b9e050ec22e,strapi,,none,0
semeynaya-vinodelnya-mihaila-kolesnikova-ispanets-kaberne-sovinon-krasnoe-suhoe-148-0001,semeynaya-vinodelnya-mihaila-kolesnikova-ispanets-kaberne-sovinon-krasnoe-suhoe-148,semeynaya_vinodelnya_mihaila_kolesnikova_ispanets_kaberne_sovinon_krasnoe_suhoe_148_0438e28b4c.webp,studio_front,3523d4ecb24bc262e248c66920f159601139ea42609e6e42156e6e2ec9e06a03,strapi,,none,0
esse-kaberne-otbornoe-kaberne-sovinon-krasnoe-suhoe-12-0001,esse-kaberne-otbornoe-kaberne-sovinon-krasnoe-suhoe-12,esse_kaberne_otbornoe_kaberne_sovinon_krasnoe_suhoe_12_1f8b96ac79.webp,studio_front,8f8869568a26db5901b3deefbd632face44a71d28b9476d8d9217e073a31b89d,strapi,,none,0
loco-cimbali-kaberne-sovinon-krasnoe-suhoe-146-0001,loco-cimbali-kaberne-sovinon-krasnoe-suhoe-146,loco_cimbali_kaberne_sovinon_krasnoe_suhoe_146_97d63cb5eb.webp,studio_front,e9e07f52c2471ef781eb62c5c5d7c8d4ec42489811e88ce806e6936c1bc98c13,strapi,,none,0
villa-sofiya-kaberne-sovinon-krasnoe-suhoe-133-0001,villa-sofiya-kaberne-sovinon-krasnoe-suhoe-133,villa_sofiya_kaberne_sovinon_krasnoe_suhoe_133_6bb475b71f.webp,studio_front,9684ea73ab4ed0cf03236dbc71b1779cb8a1cdfd46f84375fca3cae82c8d7855,strapi,,none,0
esse-kaberne-sovinon-krasnoe-suhoe-14-0001,esse-kaberne-sovinon-krasnoe-suhoe-14,esse_kaberne_sovinon_krasnoe_suhoe_14_2536b9976e.webp,studio_front,10c6fe3c7e57a1a29bb76ad58fc3133980d9e8743847c9ee00fb97bbf5098f98,strapi,,none,0
abrau-dyurso-kaberne-sovinon-krasnoe-suhoe-125-0001,abrau-dyurso-kaberne-sovinon-krasnoe-suhoe-125,abrau_dyurso_kaberne_sovinon_krasnoe_suhoe_vyderzhannoe_125_b9410efa7a.webp,studio_front,98968f4b2d5fdfbffd8850cb66c0e2623c1b25a3b4daceadd9da40236175708e,strapi,,none,0
vinodelnya-batrak-kaberne-sovinon-krasnoe-suhoe-14-0001,vinodelnya-batrak-kaberne-sovinon-krasnoe-suhoe-14,vinodelnya_batrak_kaberne_sovinon_krasnoe_suhoe_14_50425a88e9.webp,studio_front,fdcb51e6bf60474cb87dace420409a62871f81406c931d47626e5c39c6c17cdf,strapi,,none,0
golubitskoe-estate-kaberne-sovinon-krasnoe-suhoe-137-0001,golubitskoe-estate-kaberne-sovinon-krasnoe-suhoe-137,golubitskoe_estate_kaberne_sovinon_krasnoe_suhoe_137_b1ceb967fd.webp,studio_front,d0bc61a1a852e8553653068435608a73b7e13298bd72fd360c1194a1de50a1d0,strapi,,none,0
vinodelnya-vedernikov-kaberne-sovinon-krasnoe-suhoe-14-0001,vinodelnya-vedernikov-kaberne-sovinon-krasnoe-suhoe-14,vinodelnya_vedernikov_kaberne_sovinon_krasnoe_suhoe_14_bf65626333.webp,studio_front,f5d3c44217950e4e684a698c822bddc9cdc44f3637f5726157ae88d504d303a8,strapi,,none,0
chateau-andre-kaberne-sovinon-krasnoe-suhoe-13-0001,chateau-andre-kaberne-sovinon-krasnoe-suhoe-13,chateau_andre_kaberne_sovinon_krasnoe_suhoe_13_38b93a343b.webp,studio_front,129c9587a749b60d347031b15bd3d8a09650a971789162479e84421b688c529b,strapi,,none,0
vinodelnya-myshako-kaberne-sovinon-krasnoe-suhoe-138-0001,vinodelnya-myshako-kaberne-sovinon-krasnoe-suhoe-138,vinodelnya_myshako_kaberne_sovinon_krasnoe_suhoe_138_0ff42c6b1b.webp,studio_front,d1ae6b793c8044209549ba3d11e5c16a68c29f0b7ac71a53b169383a3231506b,strapi,,none,0
shato-pino-kaberne-sovinon-krasnoe-suhoe-14-0001,shato-pino-kaberne-sovinon-krasnoe-suhoe-14,shato_pino_kaberne_sovinon_krasnoe_suhoe_14_9ad8f94ebc.webp,studio_front,827c850290e12339d90bb601460368c508525f9f8b69e2188c2901cf2e3a0223,strapi,,none,0
belbek-kaberne-sovinon-krasnoe-suhoe-138-0001,belbek-kaberne-sovinon-krasnoe-suhoe-138,belbek_kaberne_sovinon_krasnoe_suhoe_138_96f7db37a0.webp,studio_front,a2f10c7a002a9c3e46b40023b227718f5fd99d51d1e0019d0d3b135cca2ed7a3,strapi,,none,0
vaynkraft-kaberne-sovinon-krasnoe-suhoe-14-0001,vaynkraft-kaberne-sovinon-krasnoe-suhoe-14,vaynkraft_kaberne_sovinon_krasnoe_suhoe_14_ae9402b920.webp,studio_front,0467dff53bac247b695c95dff6c447e817c4704d2de35aba0e173485885c21c3,strapi,,none,0
bogovich-wine-vineyard-kaberne-sovinon-krasnoe-suhoe-125-0001,bogovich-wine-vineyard-kaberne-sovinon-krasnoe-suhoe-125,bogovich_wine_vineyard_kaberne_sovinon_krasnoe_suhoe_125_9316654ea1.webp,studio_front,7fed34a029051e001ad2b80d933329310bbb5a60d992c1df085eb562e87b9366,strapi,,none,0
vinodelnya-bratev-melnikovyh-kaberne-sovinon-kaberne-fran-dva-brata-krasnoe-suhoe-145-0001,vinodelnya-bratev-melnikovyh-kaberne-sovinon-kaberne-fran-dva-brata-krasnoe-suhoe-145,vinodelnya_bratev_melnikovyh_kaberne_sovinon_kaberne_fran_dva_brata_krasnoe_suhoe_145_04c9c00425.webp,studio_front,de6d0d7c2afa0e35e604c79833fc3f71b5f3dbbaf0f22654cc1dbf09a0b606d4,strapi,,none,0
vinodelnya-myshako-kaberne-sovinon-merlo-kyuve-krasnoe-suhoe-142-0001,vinodelnya-myshako-kaberne-sovinon-merlo-kyuve-krasnoe-suhoe-142,vinodelnya_myshako_kaberne_sovinon_merlo_kyuve_krasnoe_suhoe_142_8126d58a29.webp,studio_front,05a0f9b06598e1d26a905b129ad5c64293aeb8b400a8e9c6311e20a4d86552ab,strapi,,none,0
usadba-perovskih-kaberne-sovinon-merlo-1890-krasnoe-suhoe-13-0001,usadba-perovskih-kaberne-sovinon-merlo-1890-krasnoe-suhoe-13,usadba_perovskih_kaberne_sovinon_merlo_1890_krasnoe_suhoe_13_2fe58062d2.webp,studio_front,4eed6d8ba16407a3981da16866ac08753bba3e385e321b77581e1d7a6eb46b3b,strapi,,none,0
golubitskoe-estate-kaberne-sovinon-noble-selection-krasnoe-suhoe-133-0001,golubitskoe-estate-kaberne-sovinon-noble-selection-krasnoe-suhoe-133,golubitskoe_estate_kaberne_sovinon_noble_selection_krasnoe_suhoe_133_f0984d4c21.webp,studio_front,49c0cc1c49c545f16a3abc7a34d5a08adb0658aaac8fbf29d40d49432b7b2d0d,strapi,,none,0
villa-urkusta-kaberne-sovinon-blan-de-nuar-beloe-suhoe-13-0001,villa-urkusta-kaberne-sovinon-blan-de-nuar-beloe-suhoe-13,villa_urkusta_kaberne_sovinon_blan_de_nuar_beloe_suhoe_13_f33f9ea57b.webp,studio_front,87ce24507ac141ff960c450667f70b8514951a104b94fe1d1288fbca8caccdea,strapi,,none,0
artvin-kaberne-sovinon-grand-rezerv-krasnoe-suhoe-13-0001,artvin-kaberne-sovinon-grand-rezerv-krasnoe-suhoe-13,artvin_kaberne_sovinon_grand_rezerv_krasnoe_suhoe_13_501fa25679.webp,studio_front,eb6acf2848f86a301dd81320138dfe70318cb0de924b053f5c88a9a7524078f0,strapi,,none,0
villa-urkusta-kaberne-sovinon-klaret-rozovoe-polusuhoe-15-0001,villa-urkusta-kaberne-sovinon-klaret-rozovoe-polusuhoe-15,villa_urkusta_kaberne_sovinon_klaret_rozovoe_polusuhoe_15_03c00dd390.webp,studio_front,e738fcb018599c7606b03b57c40a286f6808acc9c0f56d7d0f00b87c4b0ae715,strapi,,none,0
golubitskoe-estate-kaberne-sovinon-rezerv-krasnoe-suhoe-125-0001,golubitskoe-estate-kaberne-sovinon-rezerv-krasnoe-suhoe-125,golubitskoe_estate_kaberne_sovinon_rezerv_krasnoe_suhoe_125_9afdb2e885.webp,studio_front,7a90f5be6081f2803b15cbd0096e5a6df8ca84ef1a8ec26087a8c0a558e69b88,strapi,,none,0
alma-valley-kaberne-sovinon-rezerv-krasnoe-suhoe-15-0001,alma-valley-kaberne-sovinon-rezerv-krasnoe-suhoe-15,alma_valley_kaberne_sovinon_rezerv_krasnoe_suhoe_15_58f5256504.webp,studio_front,dd0ba28a9f6961dd545f2d595ab0abf67e04a48192c1d70f2844a31a916ab63f,strapi,,none,0
usadba-markoth-kaberne-sovinon-rezerv-krasnoe-suhoe-13-0001,usadba-markoth-kaberne-sovinon-rezerv-krasnoe-suhoe-13,usadba_markoth_kaberne_sovinon_rezerv_krasnoe_suhoe_vyderzhannoe_13_77c2e45e25.webp,studio_front,bba3a609f6fd25a6410f789a901d1f74f67b5d39e8b49caf474044350b1da751,strapi,,none,0
pomeste-golubitskoe-kaberne-sovinon-rezerv-krasnoe-suhoe-143-0001,pomeste-golubitskoe-kaberne-sovinon-rezerv-krasnoe-suhoe-143,pomeste_golubitskoe_kaberne_sovinon_rezerv_krasnoe_suhoe_vyderzhannoe_143_97eb57d86b.webp,studio_front,dbc2fe3a3e0ea06375e0aa1b23c0d44c949d39d3110d597caf90944f2aeb8fba,strapi,,none,0
villa-urkusta-kaberne-sovinon-rezerva-krasnoe-suhoe-15-0001,villa-urkusta-kaberne-sovinon-rezerva-krasnoe-suhoe-15,villa_urkusta_kaberne_sovinon_rezerva_krasnoe_suhoe_15_9851ee4c06.webp,studio_front,a652cd3788925cc4499dae266b3599137e4492b6ff32907e57e331960452955f,strapi,,none,0
villa-urkusta-kaberne-sovinon-roze-de-sene-rozovoe-suhoe-13-0001,villa-urkusta-kaberne-sovinon-roze-de-sene-rozovoe-suhoe-13,villa_urkusta_kaberne_sovinon_roze_de_sene_rozovoe_suhoe_13_c58d238e0e.webp,studio_front,967783729fa45fc0ba94688cb81f8ebf5aa211a158ecea5eb4f61ef5920f5fd2,strapi,,none,0
jd_winery_kaberne_souvignon-0001,jd_winery_kaberne_souvignon,20260617_071733_Photoroom_31245772bb.webp,studio_front,d1c5ca8698f60eec411b17bf0b74bc80c9283251f1029540da484887662a0ada,strapi,,none,0
villa-di-alma-kaberne-sovinon-ekstra-bryut-rozovoe-125-0001,villa-di-alma-kaberne-sovinon-ekstra-bryut-rozovoe-125,villa_di_alma_kaberne_sovinon_ekstra_bryut_igristoe_ekstra_bryut_rozovoe_125_9921ad97ed.webp,studio_front,b1f1ed8a7adf45ebb838887a70624350b706c5838e14f73f4979942aef2c510d,strapi,,none,0
vinodelnya-myshako-kaberne-sovinon-black-out-krasnoe-polusuhoe-16-0001,vinodelnya-myshako-kaberne-sovinon-black-out-krasnoe-polusuhoe-16,vinodelnya_myshako_kaberne_sovinon_black_out_krasnoe_polusuhoe_16_c5bb09a533.webp,studio_front,4f2fa027f46f9b53069407b3a77b6a244c723f9f6a910c61bc09e534e916e0f2,strapi,,none,0
imenie-sikory-kaberne-sovinon-semeynyy-rezerv-krasnoe-suhoe-14-0001,imenie-sikory-kaberne-sovinon-semeynyy-rezerv-krasnoe-suhoe-14,imenie_sikory_kaberne_sovinon_semeynyy_rezerv_krasnoe_suhoe_vyderzhannoe_14_dc4aa1ddb5.webp,studio_front,20e5889ffa16704dd3186f0aa56dab6aa4ef63e538deef6c18b5a1ff8ec587b5,strapi,,none,0
belbek-kaberne-fran-krasnoe-suhoe-134-0001,belbek-kaberne-fran-krasnoe-suhoe-134,belbek_kaberne_fran_krasnoe_suhoe_134_bb8ab4763e.webp,studio_front,f61b0c6c28215bf964f0322ef0e90f564fc663b3c8b8ca25a23af229e7b26640,strapi,,none,0
bogovich-wine-vineyard-kaberne-fran-krasnoe-suhoe-135-0001,bogovich-wine-vineyard-kaberne-fran-krasnoe-suhoe-135,bogovich_wine_vineyard_kaberne_fran_krasnoe_suhoe_135_5882f6ad55.webp,studio_front,4fd2ec80c62c60e04aaacf938d08fa2abb3c5ec84a37eb4b984832524b45bc04,strapi,,none,0
sober-bash-kaberne-fran-krasnoe-suhoe-127-0001,sober-bash-kaberne-fran-krasnoe-suhoe-127,sober_bash_kaberne_fran_krasnoe_suhoe_127_b52ebced7b.webp,studio_front,ecbdf3a33b3549a150fd711b3fb14f9845ba56712caa30b8833282d145766af3,strapi,,none,0
kaberne-fran-0001,kaberne-fran,Kaberne_Fran_d71d65de5d.webp,studio_front,d06561ee5e232d20b07112f530547788da14264f3b38636b3e9a5c58cb586812,strapi,,none,0
sober-bash-kaberne-fran-rozovoe-suhoe-12-0001,sober-bash-kaberne-fran-rozovoe-suhoe-12,sober_bash_kaberne_fran_rozovoe_suhoe_12_4177891820.webp,studio_front,436034d12672f7bcc4f14a4f1e097107598d6714ded9b7a2ff7b3f7ee5440ebb,strapi,,none,0
radiowine-kaberne-fran-krasnoe-suhoe-14-0001,radiowine-kaberne-fran-krasnoe-suhoe-14,radiowine_kaberne_fran_krasnoe_suhoe_14_cb1eb5dcb8.webp,studio_front,76d87cdd21ec5b2ac0c082281d08d49ea5834020657392ab48fa9f519c7e9031,strapi,,none,0
dva-serdtsa-kaberne-fran-krasnoe-suhoe-14-0001,dva-serdtsa-kaberne-fran-krasnoe-suhoe-14,dva_serdtsa_kaberne_fran_krasnoe_suhoe_14_3cd97c037a.webp,studio_front,7baf6a17b0c2f30acbc7eee0721af7db7a67dc85828cf93f4792f23f28dca116,strapi,,none,0
donskoe-vinodelcheskoe-hozyaystvo-elbuzd-kaberne-fran-krasnoe-suhoe-13-0001,donskoe-vinodelcheskoe-hozyaystvo-elbuzd-kaberne-fran-krasnoe-suhoe-13,donskoe_vinodelcheskoe_hozyaystvo_elbuzd_kaberne_fran_krasnoe_suhoe_13_2f331c5376.webp,studio_front,1d58401f1791c1b2ef04d02c4c5312fba5bbdf377547cdd978b8889d1e2ea41c,strapi,,none,0
viktor-stashko-kaberne-fran-krasnoe-suhoe-145-0001,viktor-stashko-kaberne-fran-krasnoe-suhoe-145,viktor_stashko_kaberne_fran_krasnoe_suhoe_145_1bfa8e8a31.webp,studio_front,58e64a70fed7bca8baa99d286c73cd8222b1ae8b0f137eb6911aecebfd98c2e8,strapi,,none,0
esse-kaberne-fran-krasnoe-suhoe-13-0001,esse-kaberne-fran-krasnoe-suhoe-13,esse_kaberne_fran_krasnoe_suhoe_13_458f9c63ca.webp,studio_front,d95d0a58818f5489b557be1598d1500c0a343cdd866b9d7f2674e31fa893c803,strapi,,none,0
alma-valley-kaberne-fran-krasnoe-suhoe-145-0001,alma-valley-kaberne-fran-krasnoe-suhoe-145,alma_valley_kaberne_fran_krasnoe_suhoe_145_f987d71edd.webp,studio_front,5e1a450cd284587236f9889da5f9ed752f746d547f1b955991cc49973b447a36,strapi,,none,0
vinodelnya-myshako-kaberne-fran-krasnoe-suhoe-142-0001,vinodelnya-myshako-kaberne-fran-krasnoe-suhoe-142,vinodelnya_myshako_kaberne_fran_krasnoe_suhoe_142_57650d8a36.webp,studio_front,9a236b971a3256c03c2821d8de8c782befa15e579a625134f4e9294929e81f52,strapi,,none,0
ferrum-winery-kaberne-fran-krasnoe-suhoe-12-0001,ferrum-winery-kaberne-fran-krasnoe-suhoe-12,ferrum_winery_kaberne_fran_krasnoe_suhoe_12_9890e1cced.webp,studio_front,0f3cf714f4f3d075ba23a1de011d2294b9f5768c31a7b0965cd5db702e7be805,strapi,,none,0
sober-bash-kaberne-fran-krasnoe-suhoe-13-0001,sober-bash-kaberne-fran-krasnoe-suhoe-13,sober_bash_kaberne_fran_krasnoe_suhoe_13_7b677af99d.webp,studio_front,f67c39ab44345284b9dca465b5658108bc1178dbd6d06daaa02ec6d0219258f9,strapi,,none,0
chateau-andre-kaberne-fran-krasnoe-suhoe-14-0001,chateau-andre-kaberne-fran-krasnoe-suhoe-14,chateau_andre_kaberne_fran_krasnoe_suhoe_14_e070a8fb44.webp,studio_front,a16a8123d3177bdea5ae6c54a9257aab53e4fbc312b41c5cecd5592b940452c1,strapi,,none,0
shato-pino-kaberne-fran-kaberne-sovinon-krasnoe-suhoe-135-0001,shato-pino-kaberne-fran-kaberne-sovinon-krasnoe-suhoe-135,shato_pino_kaberne_frankaberne_sovinon_krasnoe_suhoe_135_dbc6706292.webp,studio_front,3033eada334d0e081e7bb3a278e00c94acd40b92784f24edcd6410cc0e2580a4,strapi,,none,0
semeynaya-vinodelnya-mihaila-kolesnikova-kaberne-fran-merlo-krasnostop-krasnoe-suhoe-148-0001,semeynaya-vinodelnya-mihaila-kolesnikova-kaberne-fran-merlo-krasnostop-krasnoe-suhoe-148,semeynaya_vinodelnya_mihaila_kolesnikova_kaberne_fran_merlo_krasnostop_krasnoe_suhoe_148_d6e607e493.webp,studio_front,792dd3505772d209f7af4a8f9255d755392d8e4459d34a2b8ed7571aac33ca58,strapi,,none,0
usadba-perovskih-kaberne-fran-1890-krasnoe-suhoe-13-0001,usadba-perovskih-kaberne-fran-1890-krasnoe-suhoe-13,usadba_perovskih_kaberne_fran_1890_krasnoe_suhoe_13_5b8be14ff1.webp,studio_front,fc7aac9336d326d82f61275a37482c3467aa186da4152a4687c139179e7365a6,strapi,,none,0
gunko-winery-kaberne-fran-gunko-winery-krasnoe-suhoe-135-0001,gunko-winery-kaberne-fran-gunko-winery-krasnoe-suhoe-135,gunko_winery_kaberne_fran_gunko_winery_krasnoe_suhoe_135_aa5f643dca.webp,studio_front,06eccbbaee092c404994115df3f9e911a03da1db9d157f6e01b385e73438ee6c,strapi,,none,0
vinodelnya-myshako-kaberne-fran-avtorskaya-tehnologiya-krasnoe-suhoe-142-0001,vinodelnya-myshako-kaberne-fran-avtorskaya-tehnologiya-krasnoe-suhoe-142,vinodelnya_myshako_kaberne_fran_avtorskaya_tehnologiya_krasnoe_suhoe_142_adbc6382f4.webp,studio_front,f81c694e93500dfcc55bdce041348a07097547464028f898db0fd34a4e9100c7,strapi,,none,0
alma-valley-kaberne-fran-rezerv-krasnoe-suhoe-15-0001,alma-valley-kaberne-fran-rezerv-krasnoe-suhoe-15,alma_valley_kaberne_fran_rezerv_krasnoe_suhoe_15_6ef14d79ec.webp,studio_front,38813de8da0d6b795a919296fba7ad403754aa025190b08ffc438dd3434ca7f5,strapi,,none,0
imenie-sikory-kaberne-fran-roze-rozovoe-suhoe-13-0001,imenie-sikory-kaberne-fran-roze-rozovoe-suhoe-13,imenie_sikory_kaberne_fran_roze_rozovoe_suhoe_13_4f0044a40b.webp,studio_front,c5f8fb439e644c6888177526f183d503500d73875e2afe663f3067f0952db318,strapi,,none,0
imenie-sikory-kaberne-fran-sikory-rozovoe-suhoe-13-0001,imenie-sikory-kaberne-fran-sikory-rozovoe-suhoe-13,imenie_sikory_kaberne_fran_sikory_rozovoe_suhoe_13_734a89a002.webp,studio_front,7b30ae5695c81392a498227ca739c079b2beafe075f3853c0e8741ee60f97800,strapi,,none,0
valeriy-zaharin-kaberne-fran-burlyuk-krasnoe-suhoe-13-0001,valeriy-zaharin-kaberne-fran-burlyuk-krasnoe-suhoe-13,valeriy_zaharin_kaberne_fran_burlyuk_krasnoe_suhoe_13_759e000bb4.webp,studio_front,89c0274a787e31d6fdf3544572d6f21b94d91f9e3cda55098f7bafeff63a8e26,strapi,,none,0
derbent-vino-kavkazian-merlo-krasnoe-polusladkoe-105-125-0001,derbent-vino-kavkazian-merlo-krasnoe-polusladkoe-105-125,derbent_vino_kavkazian_merlo_krasnoe_polusladkoe_105_125_d2973b5f66.webp,studio_front,7fc708386923d9afad3027d940b8867c270affc4156c64d6c0914af638fec79e,strapi,,none,0
derbent-vino-kavkazian-dzharauli-moldova-krasnoe-polusladkoe-11-0001,derbent-vino-kavkazian-dzharauli-moldova-krasnoe-polusladkoe-11,derbent_vino_kavkazian_dzharauli_moldova_krasnoe_polusladkoe_11_79f7379ec0.webp,studio_front,b100a7f07ed86abb7173b807a5e38328542bd203c47df4f3cfa1657a841a6406,strapi,,none,0
derbent-vino-kavkazian-rkatsiteli-beloe-suhoe-12-0001,derbent-vino-kavkazian-rkatsiteli-beloe-suhoe-12,derbent_vino_kavkazian_rkatsiteli_beloe_suhoe_12_88da97ff68.webp,studio_front,b7488a90a78da348aa96b08d61dce1aa29f312ef7154578a119f95a73b441569,strapi,,none,0
derbent-vino-kavkazian-saperavi-krasnoe-suhoe-105-125-0001,derbent-vino-kavkazian-saperavi-krasnoe-suhoe-105-125,derbent_vino_kavkazian_saperavi_krasnoe_suhoe_105_125_f6bb126efc.webp,studio_front,ecbfb49262fd942d5efe0880b8dd9349ef490d879d764dd3bd39fae0963538bb,strapi,,none,0
zmv-koktebel-kagor-vysshego-kachestva-kaberne-sovinon-krasnoe-sladkoe-16-0001,zmv-koktebel-kagor-vysshego-kachestva-kaberne-sovinon-krasnoe-sladkoe-16,zmv_koktebel_kagor_vysshego_kachestva_kaberne_sovinon_krasnoe_sladkoe_16_d2bf326549.webp,studio_front,8bea19b141d6259188241dda561e90b41ce3bf3995d54a082b19cb75ddc81e5f,strapi,,none,0
massandra-kagor-gurzuf-saperavi-krasnoe-sladkoe-16-0001,massandra-kagor-gurzuf-saperavi-krasnoe-sladkoe-16,massandra_kagor_gurzuf_saperavi_krasnoe_sladkoe_16_deb9b34e9f.webp,studio_front,59e94e223654e981a5be502caaf03754d2f18c8873c252bb9ad16c6750d4e29a,strapi,,none,0
le-k2-kamenolomnya-sira-krasnoe-suhoe-145-0001,le-k2-kamenolomnya-sira-krasnoe-suhoe-145,le_k2_kamenolomnya_sira_krasnoe_suhoe_145_36f41af0e8.webp,studio_front,0dacf53b4acdb905eea5c61ce01619a7d6589ba73c9521472ce14403206e6ff5,strapi,,none,0
bakla-vines-kangun-beloe-suhoe-12-0001,bakla-vines-kangun-beloe-suhoe-12,bakla_vines_kangun_beloe_suhoe_12_6f20bb8dda.webp,studio_front,ab0515a8f05874914dc1246196eab2ad3c3acb46088eeb43c3e8a6ca8b4ab09f,strapi,,none,0
bakla-vines-kangun-ps-beloe-suhoe-128-0001,bakla-vines-kangun-ps-beloe-suhoe-128,bakla_vines_kangun_ps_beloe_suhoe_128_213dcbb9eb.webp,studio_front,69cbbf4b347a0ddfcd628619851d24896b3f63014bee5837bc78d0bb147db474,strapi,,none,0
bakla-vines-kangun-oranzh-beloe-suhoe-119-0001,bakla-vines-kangun-oranzh-beloe-suhoe-119,bakla_vines_kangun_oranzh_beloe_suhoe_119_f52f04331a.webp,studio_front,68d8e9a6e5bb06b139f87a404f9d5dbfd2bd76e0be4c93df4bc032939e824bd6,strapi,,none,0
shato-ay-danil-kapriz-muskat-belyy-beloe-suhoe-135-0001,shato-ay-danil-kapriz-muskat-belyy-beloe-suhoe-135,shato_ay_danil_kapriz_muskat_belyy_beloe_suhoe_135_13f73381b3.webp,studio_front,c9ac72abc62f258a09e5981f37c9ef4282d7d6475b6dc6355f04a7f8844e3ad9,strapi,,none,0
vinodelnya-zhakov-karbon-saperavi-krasnoe-suhoe-126-0001,vinodelnya-zhakov-karbon-saperavi-krasnoe-suhoe-126,vinodelnya_zhakov_karbon_saperavi_krasnoe_suhoe_126_7c676ef0b4.webp,studio_front,3d059bb622587e6d315af61d7aae2738037088aa0f4b7d402aedb3b54fe6fa44,strapi,,none,0
soyuz-vino-kartuli-supris-saperavi-krasnoe-polusladkoe-11-0001,soyuz-vino-kartuli-supris-saperavi-krasnoe-polusladkoe-11,soyuz_vino_kartuli_supris_saperavi_krasnoe_polusladkoe_11_5d8bde93a1.webp,studio_front,eda02820fe9a96ad7f595be9942f85895a014dfe9305a0094cefbe5523649698,strapi,,none,0
soyuz-vino-kartuli-supris-saperavi-suhoe-krasnoe-11-0001,soyuz-vino-kartuli-supris-saperavi-suhoe-krasnoe-11,soyuz_vino_kartuli_supris_saperavi_suhoe_krasnoe_11_4731a34d41.webp,studio_front,0602cd0c1d6088951b3b486efd09f9dfe3b108465e3bbf6a84cb03d05254a044,strapi,,none,0
soyuz-vino-kartuli-supris-shereuli-saperavi-krasnoe-polusladkoe-11-0001,soyuz-vino-kartuli-supris-shereuli-saperavi-krasnoe-polusladkoe-11,soyuz_vino_kartuli_supris_shereuli_saperavi_krasnoe_polusladkoe_11_e1946c394e.webp,studio_front,7ceecc905630fd68c1fa4ae120c55fd578332000cd668940c010efb9e98009c8,strapi,,none,0
valeriy-zaharin-kefesiya-valeriy-zaharin-krasnoe-suhoe-12-0001,valeriy-zaharin-kefesiya-valeriy-zaharin-krasnoe-suhoe-12,valeriy_zaharin_kefesiya_valeriy_zaharin_krasnoe_suhoe_12_8233409122.webp,studio_front,d8be2613ef8438d9f96f1b6501e0d1e790da3136fc76f84e82c96636c6125f16,strapi,,none,0
vinodelnya-konstantina-dzitoeva-kion-kaberne-sovinon-krasnoe-suhoe-145-0001,vinodelnya-konstantina-dzitoeva-kion-kaberne-sovinon-krasnoe-suhoe-145,vinodelnya_konstantina_dzitoeva_kion_kaberne_sovinon_krasnoe_suhoe_vyderzhannoe_145_0463d6f222.webp,studio_front,2f8d337516e6d79e2703953b462b28fe2b59915ba5e29456b6d889df52029d5d,strapi,,none,0
bogovich-wine-vineyard-klaret-pino-nuar-krasnoe-suhoe-119-0001,bogovich-wine-vineyard-klaret-pino-nuar-krasnoe-suhoe-119,bogovich_wine_vineyard_klaret_pino_nuar_krasnoe_suhoe_119_77d8d4b842.webp,studio_front,6761fc764075cb1b31e8ad6683ba1585ff287907366b7cf6a7bc520df3d0eee8,strapi,,none,0
bogovich-wine-vineyard-klassika-pino-nuar-krasnoe-suhoe-125-0001,bogovich-wine-vineyard-klassika-pino-nuar-krasnoe-suhoe-125,bogovich_wine_vineyard_klassika_pino_nuar_krasnoe_suhoe_125_5e73a1cf19.webp,studio_front,c1d5ba27fd6188e15f6511d35e16625f5f6aac78012e11b95bb51656c324493c,strapi,,none,0
yaiyla-winery-kokur-kokur-belyy-beloe-suhoe-13-0001,yaiyla-winery-kokur-kokur-belyy-beloe-suhoe-13,yaiyla_winery_kokur_kokur_belyy_beloe_suhoe_13_091ad93a22.webp,studio_front,715c4f14f6c1b78ea293bf53c7a4dcc6a15c805ad2e777d243d567b6db053959,strapi,,none,0
winepark-kokur-kokur-belyy-beloe-suhoe-13-0001,winepark-kokur-kokur-belyy-beloe-suhoe-13,winepark_kokur_kokur_belyy_beloe_suhoe_13_4a6a6767d9.webp,studio_front,a5d8ec2e67304743ce65cae482e58661d2182e5b26b0c9ec57b539e021e17858,strapi,,none,0
dva-serdtsa-kokur-beloe-suhoe-125-0001,dva-serdtsa-kokur-beloe-suhoe-125,dva_serdtsa_kokur_beloe_suhoe_125_2a62b6715b.webp,studio_front,64c006b893f014db84b70125f3ac38c9bef093b1b6daa8888247705178bec84f,strapi,,none,0
belbek-kokur-kokur-belyy-beloe-suhoe-13-0001,belbek-kokur-kokur-belyy-beloe-suhoe-13,belbek_kokur_kokur_belyy_beloe_suhoe_13_ac497b5531.webp,studio_front,8bef8117474b1b126dece87f143010e3a134bb80f5b5d9be4eabae75f4918eb6,strapi,,none,0
twopeters_kokur-0001,twopeters_kokur,product_5_a2d5dbddf8.webp,studio_front,5dd40772673ea9603555cb6da2088fff927efb372d8ea66ea922bd0c0d8b104d,strapi,,none,0
uppa-winery-kokur-kokur-belyy-beloe-suhoe-12-0001,uppa-winery-kokur-kokur-belyy-beloe-suhoe-12,uppa_winery_kokur_kokur_belyy_beloe_suhoe_12_62428d68b3.webp,studio_front,3ed2636367f6d9ad3b1839c5d2c0511b04a65538c65d1385b817d2f5fb863bd6,strapi,,none,0
alma-valley-kokur-beloe-suhoe-14-0001,alma-valley-kokur-beloe-suhoe-14,alma_valley_kokur_beloe_suhoe_14_b8bafe9cd7.webp,studio_front,6239bbc833b9b75e4458de3b2db1b0546607a488118a6c3be5794ad8732423f4,strapi,,none,0
vinnyy-fort-adagum-kokur-belyy-beloe-suhoe-12-0001,vinnyy-fort-adagum-kokur-belyy-beloe-suhoe-12,vinnyy_fort_adagum_kokur_belyy_beloe_suhoe_12_70d7924326.webp,studio_front,3ff2d96b7416e04ca4a55be34f3dd332019721d236b1af57a65ab5421469de27,strapi,,none,0
inkermanskiy-zmv-kokur-belyy-ekstra-bryut-beloe-135-0001,inkermanskiy-zmv-kokur-belyy-ekstra-bryut-beloe-135,inkermanskiy_zmv_kokur_belyy_ekstra_bryut_igristoe_ekstra_bryut_beloe_135_742967a765.webp,studio_front,e80956802a6e53d5da16074bb85747fe4c964ac31c47c72bbe344b08b2752e08,strapi,,none,0
zmv-koktebel-kokur-bryut-beloe-11-0001,zmv-koktebel-kokur-bryut-beloe-11,zmv_koktebel_kokur_bryut_beloe_11_b59c6723b7.webp,studio_front,d993b27d45146fd9266e75ee21ebf2015f9b9c0a83c891d326a49fc16153e0ae,strapi,,none,0
valeriy-zaharin-kokur-klassika-kokur-belyy-beloe-bryut-115-0001,valeriy-zaharin-kokur-klassika-kokur-belyy-beloe-bryut-115,valeriy_zaharin_kokur_klassika_kokur_belyy_igristoe_bryut_beloe_115_4d15edacbd.webp,studio_front,3c929735a6bd22f1c6677b8ed3de21dc7ed076d50d648712f75b4e15b7c59a0b,strapi,,none,0
shato-pino-koldun-belyy-shardone-beloe-suhoe-12-0001,shato-pino-koldun-belyy-shardone-beloe-suhoe-12,shato_pino_belyy_shardone_beloe_suhoe_12_18f04d3075.webp,studio_front,522a551546460458df1eb277b9e327630c9d01ba9d048e8ba84cc5b1c38d36ee,strapi,,none,0
shato-pino-koldun-krasnyy-merlo-krasnoe-suhoe-14-0001,shato-pino-koldun-krasnyy-merlo-krasnoe-suhoe-14,shato_pino_krasnyy_merlo_krasnoe_suhoe_14_1ed5081328.webp,studio_front,4a3b92cefb41f201d5dec32320a6fd4a8473d2c527f2e4cc7425f39139a486d6,strapi,,none,0
shato-pino-koldun-rezerv-kaberne-sovinon-krasnoe-suhoe-14-0001,shato-pino-koldun-rezerv-kaberne-sovinon-krasnoe-suhoe-14,shato_pino_krasnyy_rezerv_kaberne_sovinon_krasnoe_suhoe_14_7415f9a41b.webp,studio_front,9fd53fa4307b23110f4d1ccc2f6aae08bd0e15d5164f6b8b88a4155f6d617061,strapi,,none,0
vinodelnya-krinitsa-kollin-sira-krasnoe-suhoe-13-0001,vinodelnya-krinitsa-kollin-sira-krasnoe-suhoe-13,vinodelnya_krinitsa_kollin_sira_krasnoe_suhoe_13_0578a4fafe.webp,studio_front,e3845ec618a499cab72a27ebad9c87bfec73bc7858e1bb24ae6654744d5d3465,strapi,,none,0
alma-valley-kolombar-beloe-polusuhoe-135-0001,alma-valley-kolombar-beloe-polusuhoe-135,alma_valley_kolombar_beloe_polusuhoe_135_c5b227e252.webp,studio_front,caf686de1854d7f075ebf0d4d08165912396884c3bc8fe6efc67a02bc5dfece6,strapi,,none,0
sober-bash-korvina-krasnostop-zolotovskiy-krasnoe-suhoe-14-0001,sober-bash-korvina-krasnostop-zolotovskiy-krasnoe-suhoe-14,sober_bash_korvina_krasnostop_zolotovskiy_krasnoe_suhoe_14_bf19f3161d.webp,studio_front,11389a02d4be078e05ca9e19f10b593fa55473b6bff00ff75be69791edd66de4,strapi,,none,0
vinodelnya-uzunov-krasa-kaberne-sovinon-krasnoe-suhoe-125-0001,vinodelnya-uzunov-krasa-kaberne-sovinon-krasnoe-suhoe-125,vinodelnya_uzunov_krasa_kaberne_sovinon_krasnoe_suhoe_125_15d22e77ca.webp,studio_front,682128cf14e76ad909735d90028940e90e6eeb0c46d3dd493f5cb8e2d442a09f,strapi,,none,0
sober-bash-krasnostop-krasnostop-zolotovskiy-krasnoe-suhoe-14-0001,sober-bash-krasnostop-krasnostop-zolotovskiy-krasnoe-suhoe-14,sober_bash_krasnostop_krasnostop_zolotovskiy_krasnoe_suhoe_14_061d6f8d46.webp,studio_front,31b8eed4672b429c9783e796ffbb6d91d487b6d7147876e12be44e3ab1a980de,strapi,,none,0
sober-bash-krasnostop-amfora-krasnostop-zolotovskiy-krasnoe-suhoe-13-0001,sober-bash-krasnostop-amfora-krasnostop-zolotovskiy-krasnoe-suhoe-13,sober_bash_krasnostop_amfora_krasnostop_zolotovskiy_krasnoe_suhoe_13_221a756dbb.webp,studio_front,5d2bb2a59364833f817eb94b0fc5b24c1649ab41096d61268bc09f37768d4544,strapi,,none,0
vinodelnya-vedernikov-krasnostop-zolotovskiy-krasnoe-suhoe-13-0001,vinodelnya-vedernikov-krasnostop-zolotovskiy-krasnoe-suhoe-13,vinodelnya_vedernikov_krasnostop_zolotovskiy_krasnoe_suhoe_13_a05fcccc58.webp,studio_front,8fdc7861f61d393bf128c4f7665b14ab5a1ad6dfd5af258e710c980019c237d4,strapi,,none,0
vinodelnya-molchanova-krasnostop-zolotovskiy-krasnoe-suhoe-13-0001,vinodelnya-molchanova-krasnostop-zolotovskiy-krasnoe-suhoe-13,vinodelnya_molchanova_krasnostop_zolotovskiy_krasnoe_suhoe_13_4f38b50b32.webp,studio_front,c9efaf4b80a1a5bad45783a1350b652696ce29baa0baf5b4410b74939d3211e6,strapi,,none,0
vinodelnya-vedernikov-krasnostop-zolotovskiy-rezerv-krasnoe-suhoe-15-0001,vinodelnya-vedernikov-krasnostop-zolotovskiy-rezerv-krasnoe-suhoe-15,vinodelnya_vedernikov_krasnostop_zolotovskiy_rezerv_krasnoe_suhoe_15_d809aa8af8.webp,studio_front,6b241b5faa1ce3db515d23f96b505f01df3365b1a9ea159e105c267d25777ea9,strapi,,none,0
vinodelnya-vedernikov-krasnostop-zolotovskiy-roze-rozovoe-suhoe-12-0001,vinodelnya-vedernikov-krasnostop-zolotovskiy-roze-rozovoe-suhoe-12,vinodelnya_vedernikov_krasnostop_zolotovskiy_roze_rozovoe_suhoe_12_eb54b43c4b.webp,studio_front,865ef20ed024bd1aedafce9638dd8cfa498f3ddf5485679d53a2e1e35b8831f1,strapi,,none,0
imenie-sikory-krasnostop-zolotovskiy-na-terrasah-rozovoe-suhoe-13-0001,imenie-sikory-krasnostop-zolotovskiy-na-terrasah-rozovoe-suhoe-13,imenie_sikory_krasnostop_zolotovskiy_na_terrasah_rozovoe_suhoe_13_fd7deda788.webp,studio_front,532bfc6af29e05a7cea7efc6166d0c9d15d4a598c3cda3b649118380dd8f8285,strapi,,none,0
imenie-sikory-krasnostop-zolotovskiy-na-terrasah-krasnoe-suhoe-14-0001,imenie-sikory-krasnostop-zolotovskiy-na-terrasah-krasnoe-suhoe-14,imenie_sikory_krasnostop_zolotovskiy_na_terrasah_krasnoe_suhoe_14_93b75eb2a0.webp,studio_front,aec02dd6285a65608077d2ccdcebda805582b123e25fe96cdb9d5df4d653b247,strapi,,none,0
imenie-sikory-krasnostop-zolotovskiy-pozdniy-sbor-rozovoe-sladkoe-13-0001,imenie-sikory-krasnostop-zolotovskiy-pozdniy-sbor-rozovoe-sladkoe-13,imenie_sikory_krasnostop_zolotovskiy_pozdniy_sbor_rozovoe_sladkoe_13_305f6270ac.webp,studio_front,257d3ef59a0309f3976203ee432119306d21d0f5d50703815bf60f73c1655ba1,strapi,,none,0
domaine-de-la-vivandiere-krasnostop-roze-rozovoe-suhoe-134-0001,domaine-de-la-vivandiere-krasnostop-roze-rozovoe-suhoe-134,domaine_de_la_vivandiere_krasnostop_roze_rozovoe_suhoe_134_065e0d758d.webp,studio_front,72803e3f16514276b2e68adcaea26cb3550e2d399f57eb94748bc152d6ff5e8e,strapi,,none,0
gunko-winery-krasnye-gliny-kaberne-fran-krasnoe-suhoe-14-0001,gunko-winery-krasnye-gliny-kaberne-fran-krasnoe-suhoe-14,gunko_winery_krasnye_gliny_kaberne_fran_krasnoe_suhoe_14_8b48e4bcbe.webp,studio_front,22bd680cf1ee6cc96af4eb1623b4c6edc20f29d21b17d254fd14c199b5664f8a,strapi,,none,0
cloudy-winery-krash-cabernet-sauvignon-kaberne-sovinon-krasnoe-suhoe-14-0001,cloudy-winery-krash-cabernet-sauvignon-kaberne-sovinon-krasnoe-suhoe-14,cloudy_winery_krash_cabernet_sauvignon_kaberne_sovinon_krasnoe_suhoe_14_7de40e47b0.webp,studio_front,c03219cdab3f43b441a0a1aa87ad4360f8911c141ed6fa525b2a3f44f0ac753a,strapi,,none,0
cloudy-winery-krash-super-bryut-shardone-beloe-ekstra-bryut-85-0001,cloudy-winery-krash-super-bryut-shardone-beloe-ekstra-bryut-85,cloudy_winery_krash_super_bryut_shardone_beloe_ekstra_bryut_85_82cb8d2e04.webp,studio_front,7614089fe7a292fca24fc75c447741e6a5344c05fe6b412490daf4b454f86a59,strapi,,none,0
tsimlyanskie-vina-krepost-sarkel-krasnostop-zolotovskiy-krasnoe-suhoe-145-0001,tsimlyanskie-vina-krepost-sarkel-krasnostop-zolotovskiy-krasnoe-suhoe-145,tsimlyanskie_vina_krepost_sarkel_krasnostop_zolotovskiy_krasnoe_suhoe_vyderzhannoe_145_d399c42b0b.webp,studio_front,5d979b604d0c83090256b461752b0b66a7561393aa26f3126daf0653bac57759,strapi,,none,0
soyuz-vino-kubanskoe-traditsionnoe-beloe-polusladkoe-belye-sorta-vinograda-11-0001,soyuz-vino-kubanskoe-traditsionnoe-beloe-polusladkoe-belye-sorta-vinograda-11,soyuz_vino_kubanskoe_traditsionnoe_beloe_polusladkoe_belye_sorta_vinograda_11_da04d4179e.webp,studio_front,56d6626ff36603956268d795b1bd07d400804802375c53a4cb2b9bbf23ab3e76,strapi,,none,0
soyuz-vino-kubanskoe-traditsionnoe-beloe-polusladkoe-07-belye-sorta-vinograda-11-0001,soyuz-vino-kubanskoe-traditsionnoe-beloe-polusladkoe-07-belye-sorta-vinograda-11,soyuz_vino_kubanskoe_traditsionnoe_beloe_polusladkoe_07_belye_sorta_vinograda_11_Photoroom_145fe6b33e.webp,studio_front,8ed2745e74d2447dbb30f0780700aa36d79190c68963430498ae93bad3d6ab5d,strapi,,none,0
soyuz-vino-kubanskoe-traditsionnoe-beloe-suhoe-belye-sorta-vinograda-11-0001,soyuz-vino-kubanskoe-traditsionnoe-beloe-suhoe-belye-sorta-vinograda-11,soyuz_vino_kubanskoe_traditsionnoe_beloe_suhoe_belye_sorta_vinograda_11_d20fbcfd38.webp,studio_front,b6fbf5186dad068d7e6ae532009e7fc0e0921c9fd57e120050478c0617e721fc,strapi,,none,0
soyuz-vino-kubanskoe-traditsionnoe-beloe-suhoe-07-belye-sorta-vinograda-11-0001,soyuz-vino-kubanskoe-traditsionnoe-beloe-suhoe-07-belye-sorta-vinograda-11,soyuz_vino_kubanskoe_traditsionnoe_beloe_suhoe_07_belye_sorta_vinograda_11_0f473b186a.webp,studio_front,69469e342dbe4a7df9b661286d9e71a789f7f333827027addf84b7e734ba4e7a,strapi,,none,0
soyuz-vino-kubanskoe-traditsionnoe-krasnoe-polusladkoe-krasnye-sorta-vinograda-11-0001,soyuz-vino-kubanskoe-traditsionnoe-krasnoe-polusladkoe-krasnye-sorta-vinograda-11,soyuz_vino_kubanskoe_traditsionnoe_krasnoe_polusladkoe_krasnye_sorta_vinograda_11_2dbb69f817.webp,studio_front,796250f312767b691147f21f6ea0c795e8d71e4f0c0fc072da94504af6a3cd56,strapi,,none,0
soyuz-vino-kubanskoe-traditsionnoe-krasnoe-polusladkoe-07-krasnye-sorta-vinograda-11-0001,soyuz-vino-kubanskoe-traditsionnoe-krasnoe-polusladkoe-07-krasnye-sorta-vinograda-11,soyuz_vino_kubanskoe_traditsionnoe_krasnoe_polusladkoe_07_krasnye_sorta_vinograda_11_10045d3003.webp,studio_front,e75f88326fc51c9b51a207c31e3c327ea3dc45a12dddb977861334026886d594,strapi,,none,0
soyuz-vino-kubanskoe-traditsionnoe-krasnoe-suhoe-07-krasnye-sorta-vinograda-11-0001,soyuz-vino-kubanskoe-traditsionnoe-krasnoe-suhoe-07-krasnye-sorta-vinograda-11,soyuz_vino_kubanskoe_traditsionnoe_krasnoe_suhoe_07_krasnye_sorta_vinograda_11_Photoroom_819d8f5468.webp,studio_front,1db5711533233cc8927b7fcf6baba3ccd5d2597b43b3ae13fd8ee7d75fe95ee2,strapi,,none,0
sober-bash-kumshatskiy-kumshatskiy-belyy-beloe-suhoe-11-0001,sober-bash-kumshatskiy-kumshatskiy-belyy-beloe-suhoe-11,sober_bash_kumshatskiy_kumshatskiy_belyy_beloe_suhoe_11_d67e1de2a8.webp,studio_front,03c088ec05e9b6e8345f4e482e22be5fc5eab815be5bb222aa538c2142c7c744,strapi,,none,0
chateau-de-talu-kupazh-132-kaberne-sovinon-krasnoe-suhoe-146-0001,chateau-de-talu-kupazh-132-kaberne-sovinon-krasnoe-suhoe-146,chateau_de_talu_kupazh_132_kaberne_sovinon_krasnoe_suhoe_146_d0f33c3c98.webp,studio_front,48883d2d5609bd6779d5bcf56b1a264a5bf13d92422944d5dd73a4e8ca68dc20,strapi,,none,0
loco-cimbali-kuprin-bastardo-magarachskiy-krasnoe-suhoe-138-0001,loco-cimbali-kuprin-bastardo-magarachskiy-krasnoe-suhoe-138,loco_cimbali_kuprin_bastardo_magarachskiy_krasnoe_suhoe_138_8c28259c57.webp,studio_front,806519e29990f0bb8731b41cae3a4a5acc9b13259e5fafa9046b2d8bb4cf6c9f,strapi,,none,0
winepark-kuchuk-isar-kaberne-sovinon-krasnoe-suhoe-135-0001,winepark-kuchuk-isar-kaberne-sovinon-krasnoe-suhoe-135,winepark_kuchuk_isar_kaberne_sovinon_krasnoe_suhoe_135_2932a37da0.webp,studio_front,b1f6a56fa15299ed4bbf6b90905300e6e547e7aeb1a04fe24c151993fd042b33,strapi,,none,0
cock-test-belle-kyuve-1-blanc-de-blancs-shardone-beloe-ekstra-bryut-12-0001,cock-test-belle-kyuve-1-blanc-de-blancs-shardone-beloe-ekstra-bryut-12,cock_test_belle_kyuve_1_blanc_de_blancs_shardone_igristoe_ekstra_bryut_beloe_12_ca089c6b08.webp,studio_front,0413880f508b28d2c610eba95df9a263dace07d9f69dd81be0ac0255152b57d6,strapi,,none,0
cock-test-belle-kyuve-2-blan-de-nuar-pino-mene-beloe-ekstra-bryut-12-0001,cock-test-belle-kyuve-2-blan-de-nuar-pino-mene-beloe-ekstra-bryut-12,cock_test_belle_kyuve_2_blan_de_nuar_pino_mene_igristoe_ekstra_bryut_beloe_12_8d6ef280c1.webp,studio_front,fc329772ad10cbbefb4eadcbc81150cbdd27950d3206af55c6b02922c093fc58,strapi,,none,0
cock-test-belle-kyuve-5-roze-shardone-rozovoe-ekstra-bryut-12-0001,cock-test-belle-kyuve-5-roze-shardone-rozovoe-ekstra-bryut-12,cock_test_belle_kyuve_5_roze_shardone_igristoe_ekstra_bryut_rozovoe_12_98ac397fd8.webp,studio_front,708abfc7189291a1dc67003eb949f388524657aa8923cb5ec43c346565843a83,strapi,,none,0
usadba-markoth-kyuve-blan-shardone-beloe-suhoe-12-0001,usadba-markoth-kyuve-blan-shardone-beloe-suhoe-12,usadba_markoth_kyuve_blan_shardone_beloe_suhoe_12_ccae093133.webp,studio_front,2e8d710b5795c51c92e505b1e45351db9a24419b10974d4c3c8e412b25816757,strapi,,none,0
chateau-le-grand-vostock-kyuve-karsov-rezerv-shardone-beloe-suhoe-14-0001,chateau-le-grand-vostock-kyuve-karsov-rezerv-shardone-beloe-suhoe-14,chateau_le_grand_vostock_kyuve_karsov_rezerv_shardone_beloe_suhoe_14_ff996271bf.webp,studio_front,6ccf8e223b99cde5986d6b8725f05da63366c0f284a98e49ec1e013bcbd87491,strapi,,none,0
soyuz-vino-lavetti-beloe-polusladkoe-belye-sorta-vinograda-11-0001,soyuz-vino-lavetti-beloe-polusladkoe-belye-sorta-vinograda-11,soyuz_vino_lavetti_beloe_polusladkoe_belye_sorta_vinograda_11_0ebc53bd39.webp,studio_front,4ee1e0f9e0a1a7a0c1c5be3342a258a00fa9e6ae093a680a01e080353617534e,strapi,,none,0
soyuz-vino-lavetti-beloe-suhoe-belye-sorta-vinograda-11-0001,soyuz-vino-lavetti-beloe-suhoe-belye-sorta-vinograda-11,soyuz_vino_lavetti_beloe_suhoe_belye_sorta_vinograda_11_38d387c335.webp,studio_front,86f78f0ac051726a23546ccdcc97e6258ea1948667c2dbfecd086a72718eef52,strapi,,none,0
soyuz-vino-lavetti-krasnoe-polusladkoe-krasnye-sorta-vinograda-11-0001,soyuz-vino-lavetti-krasnoe-polusladkoe-krasnye-sorta-vinograda-11,soyuz_vino_lavetti_krasnoe_polusladkoe_krasnye_sorta_vinograda_11_6fdd024692.webp,studio_front,f033eabd976c826c44232bd57a1ab85afdc11432d1a9a5a387aaf4da9ff0e777,strapi,,none,0
soyuz-vino-lavetti-krasnoe-suhoe-krasnye-sorta-vinograda-11-0001,soyuz-vino-lavetti-krasnoe-suhoe-krasnye-sorta-vinograda-11,soyuz_vino_lavetti_krasnoe_suhoe_krasnye_sorta_vinograda_11_b12fab732e.webp,studio_front,9f0f6dbe49ea04d5e2a093aaee8edd9c765903fbfe05b035eaedbb23741130e6,strapi,,none,0
soyuz-vino-lavetti-rozovoe-polusladkoe-krasnye-sorta-vinograda-11-0001,soyuz-vino-lavetti-rozovoe-polusladkoe-krasnye-sorta-vinograda-11,soyuz_vino_lavetti_rozovoe_polusladkoe_krasnye_sorta_vinograda_11_079294d0a5.webp,studio_front,f8910af783e650d639f16d3af50ab998ed97fc662e25ace1d2a66e0bb608df9a,strapi,,none,0
soyuz-vino-lak-dazyur-blan-moellyo-belye-sorta-vinograda-beloe-polusladkoe-11-0001,soyuz-vino-lak-dazyur-blan-moellyo-belye-sorta-vinograda-beloe-polusladkoe-11,soyuz_vino_lak_dazyur_blan_moellyo_belye_sorta_vinograda_beloe_polusladkoe_11_4eb7a57e26.webp,studio_front,5e7ac5f36fb2fc1b4f3ff9356e90c517aa1bb76a33ed396f3c3527e392da433b,strapi,,none,0
soyuz-vino-lak-dazyur-blan-sek-belye-sorta-vinograda-beloe-suhoe-11-0001,soyuz-vino-lak-dazyur-blan-sek-belye-sorta-vinograda-beloe-suhoe-11,soyuz_vino_lak_dazyur_blan_sek_belye_sorta_vinograda_beloe_suhoe_11_652ccd145e.webp,studio_front,984fa186657311ec1f4863e56790842513aa0c4e57d2f2b976275009da94ef6b,strapi,,none,0
soyuz-vino-lak-dazyur-ruzh-moellyo-belye-sorta-vinograda-krasnoe-polusladkoe-11-0001,soyuz-vino-lak-dazyur-ruzh-moellyo-belye-sorta-vinograda-krasnoe-polusladkoe-11,soyuz_vino_lak_dazyur_ruzh_moellyo_belye_sorta_vinograda_krasnoe_polusladkoe_11_d78d680459.webp,studio_front,b26cd6e7e5d8283d3045ea5f2656180ece2aca5711deff0fc5a2d1dbbcaddfd1,strapi,,none,0
soyuz-vino-lak-dazyur-ruzh-sek-krasnye-sorta-vinograda-krasnoe-suhoe-11-0001,soyuz-vino-lak-dazyur-ruzh-sek-krasnye-sorta-vinograda-krasnoe-suhoe-11,soyuz_vino_lak_dazyur_ruzh_sek_krasnye_sorta_vinograda_krasnoe_suhoe_11_55b71c558b.webp,studio_front,83af857f23f39e81f392a307dabcd34a163bbd293ed598a01b1fb2cc4c893ba8,strapi,,none,0
lebedushka-0001,lebedushka,image_04_08_26_12_58_1_5347234e15.webp,studio_front,d21d6eb3ffd963dd670331474ec0fe47eaede656136077aac3b05500711b329b,strapi,,none,0
gavras-levokumskiy-krasnoe-suhoe-12-0001,gavras-levokumskiy-krasnoe-suhoe-12,gavras_levokumskiy_krasnoe_suhoe_12_48b24ef5e2.webp,studio_front,ba72a67a9cabe36869b2504b528a332419a929d1be3685caef529bc79593713d,strapi,,none,0
legato-legato-shardone-beloe-suhoe-135-0001,legato-legato-shardone-beloe-suhoe-135,legato_legato_shardone_beloe_suhoe_135_5ef41c179f.webp,studio_front,2951c4fdcb2de659e9e2a6b51f433dea3863e9be6df28dca2e4788fce0517147,strapi,,none,0
fanagoriya-ledyanoe-vino-muskat-muskat-ottonel-beloe-sladkoe-11-0001,fanagoriya-ledyanoe-vino-muskat-muskat-ottonel-beloe-sladkoe-11,fanagoriya_ledyanoe_vino_muskat_muskat_ottonel_beloe_sladkoe_11_b8c2ae7315.webp,studio_front,f686b863e5427a8c662d5c815b33315a103de6592c8de90368db69ae09d6cd98,strapi,,none,0
soyuz-vino-lenty-izabella-krymskaya-krasnoe-polusladkoe-11-0001,soyuz-vino-lenty-izabella-krymskaya-krasnoe-polusladkoe-11,soyuz_vino_lenty_izabella_krymskaya_krasnoe_polusladkoe_11_ed35a4d2c8.webp,studio_front,3294dab716f2d01f2ddc8979bddceff1c1096a196854a96f4cbc47984564995f,strapi,,none,0
soyuz-vino-lenty-kaberne-krymskoe-kaberne-sovinon-krasnoe-polusladkoe-11-0001,soyuz-vino-lenty-kaberne-krymskoe-kaberne-sovinon-krasnoe-polusladkoe-11,soyuz_vino_lenty_kaberne_krymskoe_kaberne_sovinon_krasnoe_polusladkoe_11_aaa52b009e.webp,studio_front,efc2f702d8254a1c8298684ab819787fb709ec20449ce3b59b94951de6312fe2,strapi,,none,0
soyuz-vino-lenty-shardone-krymskoe-beloe-polusladkoe-11-0001,soyuz-vino-lenty-shardone-krymskoe-beloe-polusladkoe-11,soyuz_vino_lenty_shardone_krymskoe_beloe_polusladkoe_11_2d98f1c227.webp,studio_front,4307a42047f880c0b06f520c9556f99536d98ef1b441ba1aaed4b3be24f9a53c,strapi,,none,0
vinodelnya-zhakov-logovo-saperavi-krasnoe-suhoe-126-0001,vinodelnya-zhakov-logovo-saperavi-krasnoe-suhoe-126,vinodelnya_zhakov_logovo_saperavi_krasnoe_suhoe_126_4ac26ab1e4.webp,studio_front,db23048065d5b1a98cbaf78e65b9f0268212cf720e738ee355d235e7d932e827,strapi,,none,0
lorio-kaberne-sovinon-i-pino-nuar-0001,lorio-kaberne-sovinon-i-pino-nuar,loriot_red_043b87285b.webp,studio_front,4c27f33885f6d38ec7b5a769708a329007ae6911aa874f3599af1ce45a5a86c5,strapi,,none,0
lorio-pino-nuar-0001,lorio-pino-nuar,LORIO_PINO_NUAR_dca3c3d9cf.webp,studio_front,2add15fb93d6a29bddfc971efd754c4d01a2585e9d8f562b9429964249894eb7,strapi,,none,0
lorio-rozovoe-0001,lorio-rozovoe,LORIO_ROZOVOE_9e1be3c909.webp,studio_front,97ea373d57f84dd872b25427f17e7ec6596f7b5488f7c3cb7a445b552708b0d9,strapi,,none,0
lorio-sovinon-blan-i-shardone-1-0001,lorio-sovinon-blan-i-shardone-1,loriot_wight_daff22e4d6.webp,studio_front,91de91ef8b35d3b828547b459e579551f1c88f3132cc1aff9deed2a2961e95a0,strapi,,none,0
zmv-koktebel-madera-albilo-beloe-sladkoe-19-0001,zmv-koktebel-madera-albilo-beloe-sladkoe-19,zmv_koktebel_madera_albilo_beloe_sladkoe_19_5ce87b8df7.webp,studio_front,e5ac90fe156da6f0d9ddf61a3f410be75b726e140083cde85980fde86f369888,strapi,,none,0
chateau-andre-mado-pino-nuar-rozovoe-suhoe-13-0001,chateau-andre-mado-pino-nuar-rozovoe-suhoe-13,chateau_andre_mado_pino_nuar_rozovoe_suhoe_13_6412ac00e9.webp,studio_front,24c866ca67a83627adc50e04ea1a2d58b16cc0337a4f0de48d80c835778b5f97,strapi,,none,0
gunko-winery-malbek-krasnoe-suhoe-14-0001,gunko-winery-malbek-krasnoe-suhoe-14,gunko_winery_malbek_krasnoe_suhoe_14_1944604a52.webp,studio_front,73a4a254fe1ccc779bd358a255d0c3d959518d301c0eb2e453dcc3af5eb916a5,strapi,,none,0
aromatnoe-malbek-rezerv-krasnoe-suhoe-125-0001,aromatnoe-malbek-rezerv-krasnoe-suhoe-125,aromatnoe_malbek_rezerv_krasnoe_suhoe_vyderzhannoe_125_d2e32af939.webp,studio_front,4e8446525f46bf317335ebd7995d77ba089dbdc227ea3505d1e9036235550fbc,strapi,,none,0
cellar-master-malvaziya-beloe-suhoe-13-0001,cellar-master-malvaziya-beloe-suhoe-13,cellar_master_malvaziya_beloe_suhoe_13_3214f361ad.webp,studio_front,1cda5cf7dd180eaa99425a8259f3398439e9350da3574afa20b4fb326511c85d,strapi,,none,0
esse-mama-marselan-krasnoe-suhoe-135-0001,esse-mama-marselan-krasnoe-suhoe-135,esse_mama_marselan_krasnoe_suhoe_135_5fef596cdc.webp,studio_front,3750f4d75f28728b0bcc6267990144015526e8b0fb8ea485524d5f363d06bdbc,strapi,,none,0
vinodelnya-pokrovskaya-marinka-marinovskiy-rozovoe-suhoe-123-0001,vinodelnya-pokrovskaya-marinka-marinovskiy-rozovoe-suhoe-123,vinodelnya_pokrovskaya_marinka_marinovskiy_rozovoe_suhoe_123_90615151cb.webp,studio_front,865cbb4df6d024891f1388819295535fdaa71fc566cbba915f9dd19592a15338,strapi,,none,0
vinodelnya-myshako-marselan-krasnoe-suhoe-144-0001,vinodelnya-myshako-marselan-krasnoe-suhoe-144,vinodelnya_myshako_marselan_krasnoe_suhoe_144_233050ecbc.webp,studio_front,d64569488e4aa61e91d0ddcde6dc862a58a300ceaa959440eee183b8be0fcd56,strapi,,none,0
vinodelnya-myshako-marselan-krasnoe-suhoe-143-0001,vinodelnya-myshako-marselan-krasnoe-suhoe-143,vinodelnya_myshako_marselan_krasnoe_suhoe_143_26d0cfdb16.webp,studio_front,eb3a88e9a114bf80e420183b4226ecaae3b2e1be9e1de42be3a387a2ff6671c7,strapi,,none,0
shato-pino-marselan-merlo-krasnoe-suhoe-13-0001,shato-pino-marselan-merlo-krasnoe-suhoe-13,shato_pino_marselan_merlo_krasnoe_suhoe_13_d4ec35012c.webp,studio_front,31e826230d0851c99ce4ee6214dc10701eac34316292ab79ed65e0eb741a124b,strapi,,none,0
vinodelnya-myshako-marselan-mode-krasnoe-suhoe-145-0001,vinodelnya-myshako-marselan-mode-krasnoe-suhoe-145,vinodelnya_myshako_marselan_mode_krasnoe_suhoe_145_924e926ae9.webp,studio_front,8850c85c7974a00daa22ccfb0e68d888e0a2e4ad6df19a73b10b0fed449c7aff,strapi,,none,0
vinodelnya-myshako-marselan-mode-appassimento-krasnoe-suhoe-146-0001,vinodelnya-myshako-marselan-mode-appassimento-krasnoe-suhoe-146,vinodelnya_myshako_marselan_mode_appassimento_krasnoe_suhoe_146_ea99d1e997.webp,studio_front,1c5b988f3e3df43f62086a35f787274081c74022c41525cbd9cac4a513415ea5,strapi,,none,0
vinodelnya-myshako-marselan-avtorskaya-tehnologiya-krasnoe-suhoe-144-0001,vinodelnya-myshako-marselan-avtorskaya-tehnologiya-krasnoe-suhoe-144,vinodelnya_myshako_marselan_avtorskaya_tehnologiya_krasnoe_suhoe_144_d0c6e20dc5.webp,studio_front,98abbea7fae4067fc1f9a7c44381937a9cea9744ed31c26d7aa9321f63f7926e,strapi,,none,0
massandra-kokur-0001,massandra-kokur,Massandra_Kokur_1fa858a17c.webp,studio_front,b26c2078a466ea0269e3b55421d193a8804a0ba1970d824b6e33ff4fcaf2a9ae,strapi,,none,0
massandra-muskat-0001,massandra-muskat,Massandra_Muskat_94b702fe3b.webp,studio_front,005b00a60747deccecd2f003de148a053f4d95e5681803a02ac5df269dfc9112,strapi,,none,0
massandra-heres-0001,massandra-heres,Massandra_Heres_f281a9d608.webp,studio_front,392f46158e6b6d8d0a27d2c4d0596ff26dc9095deab56697589c49ad39b980ad,strapi,,none,0
solnechnaya-dolina-meganom-blanc-de-blancs-kokur-beloe-bryut-11-0001,solnechnaya-dolina-meganom-blanc-de-blancs-kokur-beloe-bryut-11,solnechnaya_dolina_meganom_blanc_de_blancs_kokur_igristoe_bryut_beloe_11_d897a0fd23.webp,studio_front,36cf11b1053bf25a2870bd2002c292cda95cf11b74de84e7338b047dd67fd9fe,strapi,,none,0
solnechnaya-dolina-meganom-beloe-aligote-suhoe-13-0001,solnechnaya-dolina-meganom-beloe-aligote-suhoe-13,solnechnaya_dolina_meganom_beloe_aligote_beloe_suhoe_13_040339bc56.webp,studio_front,dd530817de9c6b0585435bac84b7abb8d9945ff6a020a0fd2682acb20313ce9f,strapi,,none,0
solnechnaya-dolina-meganom-kyuve-shardone-beloe-bryut-11-0001,solnechnaya-dolina-meganom-kyuve-shardone-beloe-bryut-11,solnechnaya_dolina_meganom_kyuve_shardone_igristoe_bryut_beloe_11_7fec189f24.webp,studio_front,c7189b1f30037b6e3fbe1bd9f0197fe430b80834e9e95789a0d585e3bb82079b,strapi,,none,0
usadba-mezyb-mezyb-kaberne-sovinon-krasnoe-suhoe-145-0001,usadba-mezyb-mezyb-kaberne-sovinon-krasnoe-suhoe-145,usadba_mezyb_mezyb_kaberne_sovinon_krasnoe_suhoe_145_d7c1e16ecd.webp,studio_front,9d9f2ee04f29e39f4310f6e59427b598008940f38cac827f0d7c1daec84c147d,strapi,,none,0
usadba-mezyb-mezyb-merlo-krasnoe-suhoe-145-0001,usadba-mezyb-mezyb-merlo-krasnoe-suhoe-145,usadba_mezyb_mezyb_merlo_krasnoe_suhoe_145_728824e935.webp,studio_front,58bbdae872c30861af29c421d34c985b7bae73c518a23187930b1402c167cf04,strapi,,none,0
usadba-mezyb-mezyb-vione-beloe-suhoe-13-0001,usadba-mezyb-mezyb-vione-beloe-suhoe-13,usadba_mezyb_mezyb_vione_beloe_suhoe_13_6e8c3cc5b2.webp,studio_front,208665efffacbca1f0ddf43596bdbca001629fba1b1f775c134c97dd09b5061e,strapi,,none,0
usadba-mezyb-mezyb-kaberne-sovinon-kaberne-fran-krasnoe-suhoe-14-0001,usadba-mezyb-mezyb-kaberne-sovinon-kaberne-fran-krasnoe-suhoe-14,usadba_mezyb_mezyb_kaberne_sovinon_kaberne_fran_krasnoe_suhoe_14_21f4d76eab.webp,studio_front,18c65670d4509929c1e12d52f6012f27399d3a29027bad8d91e93b09c0fb41bd,strapi,,none,0
usadba-mezyb-mezyb-kaberne-sovinon-kaberne-fran-vione-rozovoe-suhoe-133-0001,usadba-mezyb-mezyb-kaberne-sovinon-kaberne-fran-vione-rozovoe-suhoe-133,usadba_mezyb_mezyb_kaberne_sovinon_kaberne_fran_vione_rozovoe_suhoe_133_986a11a9c7.webp,studio_front,594b1fe0a4cb51e1d3281cb20c5f3497cfc72b99d934fff543270a261841059d,strapi,,none,0
skalistyy-bereg-melodiya-leta-krasnostop-zolotovskiy-rozovoe-suhoe-126-0001,skalistyy-bereg-melodiya-leta-krasnostop-zolotovskiy-rozovoe-suhoe-126,skalistyy_bereg_melodiya_leta_krasnostop_zolotovskiy_rozovoe_suhoe_126_0c4c354c3c.webp,studio_front,17a6b7d54f212097956807601db7d18a1c81ace784cd8086dcd38ded12184c45,strapi,,none,0
belbek-meritazh-kaberne-sovinon-krasnoe-suhoe-136-0001,belbek-meritazh-kaberne-sovinon-krasnoe-suhoe-136,belbek_meritazh_kaberne_sovinon_krasnoe_suhoe_136_b0152ba5c6.webp,studio_front,51838112c0ebcb02df1d1526ca97f289b306b22f7bee9f584be0b7b33f7a90bf,strapi,,none,0
golubitskoe-estate-merlo-krasnoe-suhoe-135-0001,golubitskoe-estate-merlo-krasnoe-suhoe-135,golubitskoe_estate_merlo_krasnoe_suhoe_135_4cc0abb46d.webp,studio_front,916610252913907e1e0ee063b9183c0c7714e2ce50b7483787ec655c9f16c66b,strapi,,none,0
zmv-koktebel-merlo-krasnoe-suhoe-13-0001,zmv-koktebel-merlo-krasnoe-suhoe-13,zmv_koktebel_merlo_krasnoe_suhoe_13_a8d634f782.webp,studio_front,87ca8af2066186f7507b91957ac179a78b2e632f8916c0e5fe250838c2e0d4ee,strapi,,none,0
alma-valley-merlo-krasnoe-suhoe-13-0001,alma-valley-merlo-krasnoe-suhoe-13,alma_valley_merlo_krasnoe_suhoe_13_51d2488815.webp,studio_front,33d22d7100871f700330cf544620e696f5972b52492ca065032eb13d7be5d852,strapi,,none,0
esse-merlo-krasnoe-suhoe-135-0001,esse-merlo-krasnoe-suhoe-135,esse_merlo_krasnoe_suhoe_135_efd9f63edb.webp,studio_front,1a85d902af2e1accb4733125d058a051ff299ba7a12777b7d138969595f92078,strapi,,none,0
bogovich-wine-vineyard-merlo-krasnoe-suhoe-14-0001,bogovich-wine-vineyard-merlo-krasnoe-suhoe-14,bogovich_wine_vineyard_merlo_krasnoe_suhoe_14_6e030dc0f1.webp,studio_front,a10f660f6c1a6138aed87a88ddacb183e6104a4976adc26301a1053e9f77116a,strapi,,none,0
chateau-andre-merlo-krasnoe-suhoe-14-0001,chateau-andre-merlo-krasnoe-suhoe-14,chateau_andre_merlo_krasnoe_suhoe_14_ac531c264e.webp,studio_front,cda3576990870fe4866a1c52c0e7b6d8428e56cc280a9663467eea4dcee31bca,strapi,,none,0
vinodelnya-batrak-merlo-rozovoe-suhoe-13-0001,vinodelnya-batrak-merlo-rozovoe-suhoe-13,vinodelnya_batrak_merlo_rozovoe_suhoe_13_c52c679840.webp,studio_front,c39293a51e8ef50f292afa53359467603047d12adb0e3b3330a33f90b682b0a9,strapi,,none,0
loco-cimbali-merlo-krasnoe-suhoe-138-0001,loco-cimbali-merlo-krasnoe-suhoe-138,loco_cimbali_merlo_krasnoe_suhoe_138_810725db96.webp,studio_front,57247c4343b8a4c542df1cbc2258934b3cca6dcb839e687c50a7f78ff1928a5f,strapi,,none,0
stn-winery-merlo-krasnoe-suhoe-14-0001,stn-winery-merlo-krasnoe-suhoe-14,stn_winery_merlo_krasnoe_suhoe_14_a40621f55a.webp,studio_front,46864cccdf8c1cd9997dad13a446312ff45b8bda7210e7293f214af7656383f3,strapi,,none,0
mons-albus-merlo-rozovoe-suhoe-132-0001,mons-albus-merlo-rozovoe-suhoe-132,mons_albus_merlo_rozovoe_suhoe_132_a694baeaee.webp,studio_front,a477970b7dc4b87e8d836ec8e64fb8e12d01c982341c80b94e5b22ebed36e1a1,strapi,,none,0
donskoe-vinodelcheskoe-hozyaystvo-elbuzd-merlo-krasnoe-suhoe-13-0001,donskoe-vinodelcheskoe-hozyaystvo-elbuzd-merlo-krasnoe-suhoe-13,donskoe_vinodelcheskoe_hozyaystvo_elbuzd_merlo_krasnoe_suhoe_13_261ddc4f01.webp,studio_front,fabe7aa38e0d72d2d1416e98822833bebd6dabf90f1ecf6893e3f30d0c0b4395,strapi,,none,0
villa-sofiya-merlo-kaberne-sovinon-krasnoe-suhoe-14-0001,villa-sofiya-merlo-kaberne-sovinon-krasnoe-suhoe-14,villa_sofiya_merlo_kaberne_sovinon_krasnoe_suhoe_14_84e867e1b3.webp,studio_front,efb136ec99713bebff7c736822c32a88e16a5c229d70c54fdc291eab1b021e91,strapi,,none,0
vinodelnya-myshako-merlo-zinfandel-kyuve-rozovoe-suhoe-128-0001,vinodelnya-myshako-merlo-zinfandel-kyuve-rozovoe-suhoe-128,vinodelnya_myshako_merlo_zinfandel_kyuve_rozovoe_suhoe_128_3d3d21e00a.webp,studio_front,08a535717f66d9f45df2c987b88566cdefb1dc190b46981744b394891c8e2fda,strapi,,none,0
vinodelnya-myshako-merlo-tempranilo-kyuve-krasnoe-polusladkoe-135-0001,vinodelnya-myshako-merlo-tempranilo-kyuve-krasnoe-polusladkoe-135,vinodelnya_myshako_merlo_tempranilo_kyuve_krasnoe_polusladkoe_135_884e18f396.webp,studio_front,4fdc449145e05b1f5e75824a9382a1ab5d2a6f863f95e8c9427070aa7aa26513,strapi,,none,0
merlo-litavshhuk-0001,merlo-litavshhuk,image_04_09_26_01_21_e2229a9af8.webp,studio_front,526f69b5658069f1801de23e151daadbec162a5ae5085d0b4048791e54d83d70,strapi,,none,0
esse-merlo-otbornoe-krasnoe-suhoe-13-0001,esse-merlo-otbornoe-krasnoe-suhoe-13,esse_merlo_otbornoe_krasnoe_suhoe_13_eda65be34f.webp,studio_front,0846309b59d363f085a1bd7dec615ad6a7f74087ea080f037f2e1a6f8877b4ee,strapi,,none,0
usadba-markoth-merlo-rezerv-krasnoe-suhoe-13-0001,usadba-markoth-merlo-rezerv-krasnoe-suhoe-13,usadba_markoth_merlo_rezerv_krasnoe_suhoe_vyderzhannoe_13_7e6627d371.webp,studio_front,6b19441b122a287f7e3bbe4f74e23bf787656978adc4bd9743a4ca4259b497bc,strapi,,none,0
golubitskoe-estate-merlo-rezerv-krasnoe-suhoe-135-0001,golubitskoe-estate-merlo-rezerv-krasnoe-suhoe-135,golubitskoe_estate_merlo_rezerv_krasnoe_suhoe_135_2a7849699b.webp,studio_front,bb2e047011fd8ab3e157f6f3c9df1c6112a67381134b4eb73e33ead13e2f2690,strapi,,none,0
alma-valley-merlo-rezerv-krasnoe-suhoe-15-0001,alma-valley-merlo-rezerv-krasnoe-suhoe-15,alma_valley_merlo_rezerv_krasnoe_suhoe_15_6f1a4e1e17.webp,studio_front,388116c6f2306449a449bc47b4c452c057e8dd4afe6214ba74c300c51b5fa3ae,strapi,,none,0
alma-valley-merlo-rezerv-krasnoe-suhoe-14-0001,alma-valley-merlo-rezerv-krasnoe-suhoe-14,alma_valley_merlo_rezerv_krasnoe_suhoe_vyderzhannoe_14_ea3e8292cb.webp,studio_front,4c222b224e91e045d462caf7a9919c9f6f4f8afc6c2c002df79773ab5784e3c5,strapi,,none,0
dubinin-winery-merlo-roze-rozovoe-suhoe-125-0001,dubinin-winery-merlo-roze-rozovoe-suhoe-125,dubinin_winery_merlo_roze_rozovoe_suhoe_125_7a5b91f610.webp,studio_front,5f8089a7cf08442bc7a301af9bd364e9dab7687e462f3afc4f1625e50c0a7c0c,strapi,,none,0
imenie-sikory-merlo-sikory-krasnoe-suhoe-13-0001,imenie-sikory-merlo-sikory-krasnoe-suhoe-13,imenie_sikory_merlo_sikory_krasnoe_suhoe_13_962d1b82f9.webp,studio_front,0b9db9418aa16f20176d688d0783f05dfc091c5b1394f7ca03651ca2a547be16,strapi,,none,0
vinodelnya-myshako-merlo-black-out-krasnoe-sladkoe-14-0001,vinodelnya-myshako-merlo-black-out-krasnoe-sladkoe-14,vinodelnya_myshako_merlo_black_out_krasnoe_sladkoe_14_83578ec427.webp,studio_front,e09563aec397ec5f44516b60f656212bdb024ebb559a5a4c83b53394fff60981,strapi,,none,0
imenie-sikory-merlo-semeynyy-rezerv-krasnoe-suhoe-14-0001,imenie-sikory-merlo-semeynyy-rezerv-krasnoe-suhoe-14,imenie_sikory_merlo_semeynyy_rezerv_krasnoe_suhoe_vyderzhannoe_14_ddcc4b5b79.webp,studio_front,d4944c549cbff6115e6c4aa1a601f4e9ce80003c2b2cf26c53fc82e9b34c78d4,strapi,,none,0
vinodelnya-uzunov-mono-kaberne-sovinon-krasnoe-suhoe-139-0001,vinodelnya-uzunov-mono-kaberne-sovinon-krasnoe-suhoe-139,vinodelnya_uzunov_mono_kaberne_sovinon_krasnoe_suhoe_139_42121992a0.webp,studio_front,ce38a600801aa0fc0925270b322be82d3d7ca6a892f23a9f8adea2669250bca0,strapi,,none,0
vinodelnya-uzunov-mono-krasnostop-krasnostop-zolotovskiy-krasnoe-suhoe-139-0001,vinodelnya-uzunov-mono-krasnostop-krasnostop-zolotovskiy-krasnoe-suhoe-139,vinodelnya_uzunov_mono_krasnostop_krasnostop_zolotovskiy_krasnoe_suhoe_139_dc975abb72.webp,studio_front,7db28170364cbd3c2c3da5f9132fd7f53f447d7563593d77952559bcaa0a5f40,strapi,,none,0
vinodelnya-uzunov-mono-saperavi-krasnoe-suhoe-139-0001,vinodelnya-uzunov-mono-saperavi-krasnoe-suhoe-139,vinodelnya_uzunov_mono_saperavi_krasnoe_suhoe_139_f7bdf672a2.webp,studio_front,d49f6214d7df1e2518b6e00d193dc4a74121f0ade11eb787907d46f561050d19,strapi,,none,0
stn-winery-muskat-beloe-suhoe-115-0001,stn-winery-muskat-beloe-suhoe-115,stn_winery_muskat_beloe_suhoe_115_73c0464c2e.webp,studio_front,f8cc49957b5f28f4b0b299e87b7acee0b3913718f450e68b70d5c4f7bb3814b3,strapi,,none,0
esse-muskat-muskat-belyy-beloe-suhoe-115-0001,esse-muskat-muskat-belyy-beloe-suhoe-115,esse_muskat_muskat_belyy_beloe_suhoe_115_48469f1962.webp,studio_front,a612ba2498391b40905afd3e74e34ad637d4373618f3f210bb47cc420b38777c,strapi,,none,0
belbek-muskat-muskat-belyy-beloe-suhoe-127-0001,belbek-muskat-muskat-belyy-beloe-suhoe-127,belbek_muskat_muskat_belyy_beloe_suhoe_127_d8229478b6.webp,studio_front,ea3ccd52aae65e7d43676739888252b66a0c5714fbf19c0567982b3c2efa922f,strapi,,none,0
dva-serdtsa-muskat-muskat-belyy-beloe-polusuhoe-12-0001,dva-serdtsa-muskat-muskat-belyy-beloe-polusuhoe-12,dva_serdtsa_muskat_muskat_belyy_beloe_polusuhoe_12_812f13f41a.webp,studio_front,5263d7709efeb4cde79537a8fd3516411e63c2c07f8cfdc8d7a4b7b3448b83a0,strapi,,none,0
rem-akchurin-muskat-belyy-beloe-suhoe-135-0001,rem-akchurin-muskat-belyy-beloe-suhoe-135,rem_akchurin_muskat_belyy_beloe_suhoe_135_83780f24fa.webp,studio_front,598c2de97a9a5efd3c6af4d28d54474f04cb47009f692c70310ca374f245345e,strapi,,none,0
esse-muskat-belyy-beloe-suhoe-135-0001,esse-muskat-belyy-beloe-suhoe-135,esse_muskat_belyy_beloe_suhoe_135_446d285a06.webp,studio_front,fb8b4add56ae36beb5363f35c7b5d764da4d5ddb0d95b96d218b7c4f3bdf82c0,strapi,,none,0
massandra-muskat-belyy-yuzhnoberezhnyy-beloe-sladkoe-16-0001,massandra-muskat-belyy-yuzhnoberezhnyy-beloe-sladkoe-16,massandra_muskat_belyy_yuzhnoberezhnyy_beloe_desertnoe_16_609f9d79d5.webp,studio_front,581823640f4af73b125b77da1cbd57012272509da854d6a892b635ef917a051d,strapi,,none,0
chateau-cachalot-muskat-blan-muskat-belyy-beloe-suhoe-117-0001,chateau-cachalot-muskat-blan-muskat-belyy-beloe-suhoe-117,chateau_cachalot_muskat_blan_muskat_belyy_beloe_suhoe_117_d2969be524.webp,studio_front,66bdabd62f2a9ca1231b2ac7e1a9d0acb96ff7243ce96b594ad02a0416e0714d,strapi,,none,0
zmv-koktebel-muskat-desertnyy-rozovoe-sladkoe-16-0001,zmv-koktebel-muskat-desertnyy-rozovoe-sladkoe-16,zmv_koktebel_muskat_desertnyy_rozovoe_sladkoe_16_42c8ac5c99.webp,studio_front,1aefbed71598fbc795181a12db15b4687c1207bd0b3364386d2217b6814c23af,strapi,,none,0
esse-muskat-oranzh-muskat-belyy-beloe-suhoe-115-0001,esse-muskat-oranzh-muskat-belyy-beloe-suhoe-115,esse_muskat_oranzh_muskat_belyy_beloe_suhoe_115_8221306c48.webp,studio_front,56752c3bec16b7e0dd4cade7dad7c76a50774dedab5d413bf3b474f5a7a36326,strapi,,none,0
rem-akchurin-muskat-oranzh-oranzhevoe-suhoe-115-0001,rem-akchurin-muskat-oranzh-oranzhevoe-suhoe-115,rem_akchurin_muskat_oranzh_oranzhevoe_suhoe_115_d72b609dd9.webp,studio_front,d8bd2b352f12cda90123b3100905495e9320edf1813d1c69b6930211d24fc6df,strapi,,none,0
belbek-muskat-oranzh-muskat-belyy-oranzhevoe-suhoe-125-0001,belbek-muskat-oranzh-muskat-belyy-oranzhevoe-suhoe-125,belbek_muskat_oranzh_muskat_belyy_oranzhevoe_suhoe_125_15ac5f6bc6.webp,studio_front,ce9ae9e06d70053ecfcbf123094593bca3cb9ae463cd4357cba42e23108505c0,strapi,,none,0
bogovich-wine-vineyard-muskat-oranzh-muskat-belyy-beloe-suhoe-125-0001,bogovich-wine-vineyard-muskat-oranzh-muskat-belyy-beloe-suhoe-125,bogovich_wine_vineyard_muskat_oranzh_muskat_belyy_beloe_suhoe_125_959036a2e8.webp,studio_front,3ba22b07dd88ec696e82e55de7f1f49cf0f5c181a6ff8e0762ceb2b4fdc7d328,strapi,,none,0
jd_winery_muskat_ottonel-0001,jd_winery_muskat_ottonel,20260617_072415_Photoroom_6dda2f8425.webp,studio_front,73f5f7c9c7d70df9c7b1dc79c97cfbafa9b25758c5586ca1d1835e3133468fa5,strapi,,none,0
massandra-muskat-pozdnego-sbora-muskat-belyy-beloe-sladkoe-16-0001,massandra-muskat-pozdnego-sbora-muskat-belyy-beloe-sladkoe-16,massandra_muskat_pozdnego_sbora_muskat_belyy_beloe_sladkoe_16_75b19a772c.webp,studio_front,67dc3b3bb3334c5d4ebbe434a36a987325207b44cd38ffb91e3a6b8083d07046,strapi,,none,0
vinodelnya-78-muskat-polusladkoe-muskat-ottonel-beloe-115-0001,vinodelnya-78-muskat-polusladkoe-muskat-ottonel-beloe-115,vinodelnya_78_muskat_polusladkoe_muskat_ottonel_igristoe_polusladkoe_beloe_115_7d7906929e.webp,studio_front,af1f6fecf614edf6cd2f01ba9aae78f84530c4cfcee6fd652790de440ebe242a,strapi,,none,0
dva-serdtsa-muskat-suhoy-muskat-belyy-beloe-suhoe-12-0001,dva-serdtsa-muskat-suhoy-muskat-belyy-beloe-suhoe-12,dva_serdtsa_muskat_suhoy_muskat_belyy_beloe_suhoe_12_904721b94a.webp,studio_front,ca4e32655c8632b52a0db467c1813e5b076d94a849d9b51984b4f58e60e5c6b1,strapi,,none,0
zmv-koktebel-muskat-yantarnyy-desertnyy-beloe-sladkoe-16-0001,zmv-koktebel-muskat-yantarnyy-desertnyy-beloe-sladkoe-16,zmv_koktebel_muskat_yantarnyy_desertnyy_beloe_sladkoe_16_b191b9e48e.webp,studio_front,c97bcc1255363cbe2c186c81383a87def2a55c21f28c459c2e5a3fd927711312,strapi,,none,0
vinodelnya-myshako-muskat-avtorskaya-tehnologiya-mono-beloe-suhoe-128-0001,vinodelnya-myshako-muskat-avtorskaya-tehnologiya-mono-beloe-suhoe-128,vinodelnya_myshako_muskat_avtorskaya_tehnologiya_mono_beloe_suhoe_128_a6633f8b78.webp,studio_front,c690ab63c58651c5d65f6ac1435af57cdfb8feec5623411c8686b4099b74b5a7,strapi,,none,0
domaine-lipko-muskat-pomeste-trenzina-muskat-belyy-beloe-suhoe-119-0001,domaine-lipko-muskat-pomeste-trenzina-muskat-belyy-beloe-suhoe-119,domaine_lipko_muskat_pomeste_trenzina_muskat_belyy_beloe_suhoe_119_f53581d3d0.webp,studio_front,c7243811c9b65abf37fa5c2f7c73077e197727fb1a05519409643d7b903ede8c,strapi,,none,0
massandra-muskatel-rozovyy-belye-sorta-vinograda-rozovoe-sladkoe-16-0001,massandra-muskatel-rozovyy-belye-sorta-vinograda-rozovoe-sladkoe-16,massandra_muskatel_rozovyy_belye_sorta_vinograda_rozovoe_sladkoe_16_3e12b153be.webp,studio_front,2dc55c3adfda12e49b009a238a6ac5db488e2e8392f57830a8e35ce04a2cd290,strapi,,none,0
solnechnaya-dolina-muskatnoe-festivalnoe-muskat-belyy-rozovoe-sladkoe-16-0001,solnechnaya-dolina-muskatnoe-festivalnoe-muskat-belyy-rozovoe-sladkoe-16,solnechnaya_dolina_muskatnoe_festivalnoe_muskat_belyy_rozovoe_sladkoe_16_a0294f4818.webp,studio_front,5717d8d1d27a3a8a5fb3f52bad0e7221e2898d516f75221891da236f5b08ec42,strapi,,none,0
vinodelnya-myshako-myshako-kyuve-rozovoe-pino-nuar-bryut-123-0001,vinodelnya-myshako-myshako-kyuve-rozovoe-pino-nuar-bryut-123,vinodelnya_myshako_myshako_kyuve_rozovoe_pino_nuar_igristoe_bryut_rozovoe_123_eace41f3c1.webp,studio_front,fb90019b739da97044d62364ad3ea8ba0299d3b82e7d6c02970695d0e92c7347,strapi,,none,0
uppa-winery-nebbiolo-krasnoe-suhoe-14-0001,uppa-winery-nebbiolo-krasnoe-suhoe-14,uppa_winery_nebbiolo_krasnoe_suhoe_14_2d7e43d3e7.webp,studio_front,c11861386a332235a6094a79f1b95afd6a8bf3034b1bb8def31c7e83716fbfc3,strapi,,none,0
vinodelnya-zhakov-neoranzh-vostorg-beloe-suhoe-123-0001,vinodelnya-zhakov-neoranzh-vostorg-beloe-suhoe-123,vinodelnya_zhakov_neoranzh_vostorg_beloe_suhoe_123_daeaeb297b.webp,studio_front,de473cfbe87b371a0d5ae6d272a5969e6c5dc3cfac3bcd0ca3b5bff49eef66c8,strapi,,none,0
novyy-svet-dom-shampanskih-vin-novyy-svet-polusladkoe-roze-shardone-rozovoe-115-0001,novyy-svet-dom-shampanskih-vin-novyy-svet-polusladkoe-roze-shardone-rozovoe-115,novyy_svet_dom_shampanskih_vin_novyy_svet_polusladkoe_roze_shardone_igristoe_polusladkoe_rozovoe_115_79fb7eee7d.webp,studio_front,0b06c42961e371c735d67bb5ab101a78a9ff7364431eadad70fa20c74e8613e8,strapi,,none,0
novyy-svet-dom-shampanskih-vin-novyy-svet-kokur-kokur-belyy-beloe-ekstra-bryut-12-0001,novyy-svet-dom-shampanskih-vin-novyy-svet-kokur-kokur-belyy-beloe-ekstra-bryut-12,novyy_svet_dom_shampanskih_vin_novyy_svet_kokur_kokur_belyy_igristoe_ekstra_bryut_beloe_12_b5e5ba5f93.webp,studio_front,58a9e96f91579e33988a66eef934c321f2f293eb469d2fb7b33a9c8e14ed93af,strapi,,none,0
novyy-svet-dom-shampanskih-vin-novyy-svet-kyuve-ekstra-bryut-shardone-beloe-135-0001,novyy-svet-dom-shampanskih-vin-novyy-svet-kyuve-ekstra-bryut-shardone-beloe-135,novyy_svet_dom_shampanskih_vin_novyy_svet_kyuve_ekstra_bryut_shardone_igristoe_ekstra_bryut_beloe_135_581e3f0c7a.webp,studio_front,d95b524aabd2deab4270197761e05297957dc8ac78d20411765f92e4f148da2d,strapi,,none,0
novyy-svet-dom-shampanskih-vin-novyy-svet-pino-nuar-rozovoe-bryut-13-0001,novyy-svet-dom-shampanskih-vin-novyy-svet-pino-nuar-rozovoe-bryut-13,novyy_svet_dom_shampanskih_vin_novyy_svet_pino_nuar_igristoe_bryut_rozovoe_13_44fddc2b18.webp,studio_front,e468a6ae9e480060bd8b26e82fd682fd0714b58c6617e4119c2ebb38e2b6455c,strapi,,none,0
vinodelnya-uzunov-nrav-krasnostop-zolotovskiy-krasnoe-suhoe-132-0001,vinodelnya-uzunov-nrav-krasnostop-zolotovskiy-krasnoe-suhoe-132,vinodelnya_uzunov_nrav_krasnostop_zolotovskiy_krasnoe_suhoe_132_17879d1190.webp,studio_front,b42ccbbac03020498c3e41cbec608c554f9dd9319e931d7a3820c1b516151bc2,strapi,,none,0
vinodelnya-uzunov-nrav-rezerv-krasnostop-zolotovskiy-krasnoe-suhoe-139-0001,vinodelnya-uzunov-nrav-rezerv-krasnostop-zolotovskiy-krasnoe-suhoe-139,vinodelnya_uzunov_nrav_rezerv_krasnostop_zolotovskiy_krasnoe_suhoe_139_ef83afb6fb.webp,studio_front,66a422acd99508c07369221697bc8c60ded06511012a79194718f26c39bb3559,strapi,,none,0
artvin-odesskiy-chernyy-rezerv-krasnoe-suhoe-13-0001,artvin-odesskiy-chernyy-rezerv-krasnoe-suhoe-13,artvin_odesskiy_chernyy_rezerv_krasnoe_suhoe_13_4531c8f1c7.webp,studio_front,3e9fe1470b1195b5a2a04816acac47e22450ac9cabdc30dacf563ddd40af308f,strapi,,none,0
olymp-winery-olimp-avtorskoe-kaberne-sovinon-krasnoe-suhoe-11-0001,olymp-winery-olimp-avtorskoe-kaberne-sovinon-krasnoe-suhoe-11,olymp_winery_olimp_avtorskoe_kaberne_sovinon_krasnoe_suhoe_11_9c790bc6e3.webp,studio_front,e5db03c7abbe3fed4eb4abc472aa772e6a235c110b296e3c8d7184bb8a8a38b3,strapi,,none,0
loco-cimbali-oranzh-muskat-oranzhevoe-suhoe-127-0001,loco-cimbali-oranzh-muskat-oranzhevoe-suhoe-127,loco_cimbali_oranzh_muskat_oranzhevoe_suhoe_127_dc98a21033.webp,studio_front,cb3e0caa38ca91229ddcfa497471dc5ebd2b69a6d54e072a267f7433ec750d56,strapi,,none,0
loco-cimbali-oranzh-muskat-belyy-beloe-suhoe-129-0001,loco-cimbali-oranzh-muskat-belyy-beloe-suhoe-129,loco_cimbali_oranzh_muskat_belyy_beloe_suhoe_129_8e7474bb65.webp,studio_front,611913989f6a8ffefb1bf38238bddc0a5da815aa09c3b4c483ba9a8940745da8,strapi,,none,0
zmv-koktebel-oranzh-rkatsiteli-beloe-suhoe-125-0001,zmv-koktebel-oranzh-rkatsiteli-beloe-suhoe-125,zmv_koktebel_oranzh_rkatsiteli_beloe_suhoe_125_43fc87e7b1.webp,studio_front,489df4c0ec4f89be9b29426d273bc8089aa2e805b0f19de237cf7ca103415689,strapi,,none,0
vinodelnya-myshako-oranzhevoe-iz-belogo-gevyurtstraminer-krasnoe-suhoe-142-0001,vinodelnya-myshako-oranzhevoe-iz-belogo-gevyurtstraminer-krasnoe-suhoe-142,vinodelnya_myshako_oranzhevoe_iz_belogo_gevyurtstraminer_krasnoe_suhoe_142_44b9fe0380.webp,studio_front,185939d7d4acd2ca4827daf44df5e376320d1e2caa05c53afa06bec0a37366d2,strapi,,none,0
vinodelnya-raevskoe-parfyum-de-terruar-blansh-vione-beloe-suhoe-12-0001,vinodelnya-raevskoe-parfyum-de-terruar-blansh-vione-beloe-suhoe-12,vinodelnya_raevskoe_parfyum_de_terruar_blansh_vione_beloe_suhoe_12_da74965f85.webp,studio_front,16f8f16c217e0233fbd74a778af01aaf5c9fbf2a2e61a30702974646e2b85cb4,strapi,,none,0
vinodelnya-raevskoe-parfyum-de-terruar-muskat-muskat-zheltyy-beloe-suhoe-123-0001,vinodelnya-raevskoe-parfyum-de-terruar-muskat-muskat-zheltyy-beloe-suhoe-123,vinodelnya_raevskoe_parfyum_de_terruar_muskat_muskat_zheltyy_beloe_suhoe_123_b111e93f53.webp,studio_front,73e65a4b13fd85f13b60e3c4a6239a8188ef58b4efd7174a5546969abfd57eca,strapi,,none,0
vinodelnya-raevskoe-parfyum-de-terruar-risling-beloe-suhoe-12-0001,vinodelnya-raevskoe-parfyum-de-terruar-risling-beloe-suhoe-12,vinodelnya_raevskoe_parfyum_de_terruar_risling_beloe_suhoe_12_8823716922.webp,studio_front,c6635add8cd7df412e665922bf7d2c725a35b415b46e3b17fdbc3cae9abfa232,strapi,,none,0
vinodelnya-raevskoe-parfyum-de-terruar-roze-tempranilo-rozovoe-suhoe-116-0001,vinodelnya-raevskoe-parfyum-de-terruar-roze-tempranilo-rozovoe-suhoe-116,vinodelnya_raevskoe_parfyum_de_terruar_roze_tempranilo_rozovoe_suhoe_116_3a3a12f03a.webp,studio_front,5ff59ae839f32e4cd13d58c8be184cd562d103847edec8ede9fa39dd6bd7e5b6,strapi,,none,0
vinodelnya-raevskoe-parfyum-de-terruar-ruzh-tempranilo-krasnoe-suhoe-13-0001,vinodelnya-raevskoe-parfyum-de-terruar-ruzh-tempranilo-krasnoe-suhoe-13,vinodelnya_raevskoe_parfyum_de_terruar_ruzh_tempranilo_krasnoe_suhoe_13_ac22e06bac.webp,studio_front,975fc301e983cc8f5c857092ec9f639b2f86711e181c14add45a3472934ec6b5,strapi,,none,0
vinodelnya-raevskoe-parfyum-de-terruar-sovinon-blan-beloe-suhoe-121-0001,vinodelnya-raevskoe-parfyum-de-terruar-sovinon-blan-beloe-suhoe-121,vinodelnya_raevskoe_parfyum_de_terruar_sovinon_blan_beloe_suhoe_121_fb61b21cb1.webp,studio_front,7c2f7c11a10acf20630302b5c9bbd5067a0bf2baac0c225f69a76dd3b564869b,strapi,,none,0
valeriy-zaharin-paterum-bastardo-saperavi-kefesiya-bastardo-magarachskiy-krasnoe-suhoe-12-0001,valeriy-zaharin-paterum-bastardo-saperavi-kefesiya-bastardo-magarachskiy-krasnoe-suhoe-12,valeriy_zaharin_paterum_bastardo_saperavi_kefesiya_bastardo_magarachskiy_krasnoe_suhoe_12_f8cd350db5.webp,studio_front,fb3a2ee531b9be322f4524d07e8c89473b70ae047adb84685fcd76186aa0c2e3,strapi,,none,0
skalistyy-bereg-pesn-holmov-merlo-krasnoe-suhoe-145-0001,skalistyy-bereg-pesn-holmov-merlo-krasnoe-suhoe-145,skalistyy_bereg_pesn_holmov_merlo_krasnoe_suhoe_145_88a221aea6.webp,studio_front,3288651943f54bc90c90c8005ae158848d927813f8dbc2348ed29d373a9bbb9b,strapi,,none,0
alma-valley-petit-arvin-beloe-suhoe-13-0001,alma-valley-petit-arvin-beloe-suhoe-13,alma_valley_petit_arvin_beloe_suhoe_13_863e81595b.webp,studio_front,6a3e6d264b9fdf7823e3b988e0b5014e2a682c93bfa714d44aa7889f2a42a759,strapi,,none,0
golubitskoe-estate-petnat-white-risling-reynskiy-beloe-suhoe-115-0001,golubitskoe-estate-petnat-white-risling-reynskiy-beloe-suhoe-115,golubitskoe_estate_petnat_white_risling_reynskiy_petnat_suhoy_belyy_115_e6d0ac50f9.webp,studio_front,931c909c965b20042f52d0369bb131d5c4b4ad578004ad07c118e3738cff701a,strapi,,none,0
shato-pino-petnat-oranzh-vione-beloe-ekstra-bryut-11-0001,shato-pino-petnat-oranzh-vione-beloe-ekstra-bryut-11,shato_pino_oranzh_vione_igristoe_ekstra_bryut_beloe_11_9a8ccb87e7.webp,studio_front,8f53ee565e75303fa7362eb0387bf00a399c8632aafabe9bb76252fcc1d95460,strapi,,none,0
shato-pino-petnat-pino-gri-beloe-ekstra-bryut-11-0001,shato-pino-petnat-pino-gri-beloe-ekstra-bryut-11,shato_pino_pino_gri_igristoe_ekstra_bryut_beloe_11_470a963704.webp,studio_front,1b5916571b7988e5ca5076e082a6b8ca69607a35fd028a845c32cf857a19d449,strapi,,none,0
shato-pino-petnat-pino-gri-rozovoe-ekstra-bryut-11-0001,shato-pino-petnat-pino-gri-rozovoe-ekstra-bryut-11,shato_pino_pino_gri_igristoe_ekstra_bryut_rozovoe_11_660c923c47.webp,studio_front,3069f2b0448115deef4ba06a81f2bdeb9ffc0b7ff65746815d4f46bf93fe39a2,strapi,,none,0
shato-pino-petnat-pino-nuar-rozovoe-ekstra-bryut-11-0001,shato-pino-petnat-pino-nuar-rozovoe-ekstra-bryut-11,shato_pino_pino_nuar_igristoe_ekstra_bryut_rozovoe_11_ebf10494b8.webp,studio_front,2bf134abc283356001622cca3bde56d5952e85772c18e0b5d308871392a5cee8,strapi,,none,0
denisov-winery-petnat-risling-beloe-ekstra-bryut-10-0001,denisov-winery-petnat-risling-beloe-ekstra-bryut-10,denisov_winery_petnat_risling_petnat_ekstra_bryut_belyy_10_8ac6c27fa7.webp,studio_front,88711f138bad9f5d4842ba422a8fef49e7feb6d8636149f40b4291a60bfe31d7,strapi,,none,0
denisov-winery-petnat-rkatsiteli-beloe-ekstra-bryut-107-0001,denisov-winery-petnat-rkatsiteli-beloe-ekstra-bryut-107,denisov_winery_petnat_rkatsiteli_petnat_ekstra_bryut_belyy_107_5da935c18a.webp,studio_front,d09356f0f6fbae12aa41c8872a1665787b2298cd6699b79442870bbfbe261ca5,strapi,,none,0
denisov-winery-petnat-saperavi-severnyy-rozovoe-ekstra-bryut-105-0001,denisov-winery-petnat-saperavi-severnyy-rozovoe-ekstra-bryut-105,denisov_winery_petnat_saperavi_severnyy_petnat_ekstra_bryut_rozovyy_105_4689f0cb14.webp,studio_front,aa42d2e38c4562e460cfdddb967fae4a983451fa4487e7d30ccdefa578b44834,strapi,,none,0
shato-pino-petnat-sovinon-blan-beloe-ekstra-bryut-11-0001,shato-pino-petnat-sovinon-blan-beloe-ekstra-bryut-11,shato_pino_sovinon_blan_igristoe_ekstra_bryut_beloe_11_419d1bcf49.webp,studio_front,8a6bbf61955d460df6a7bfd920be46085e59dfa3a6e48a26949ca0980c99a7dd,strapi,,none,0
denisov-winery-petnat-tsitron-risling-tsitronnyy-magaracha-beloe-ekstra-bryut-102-0001,denisov-winery-petnat-tsitron-risling-tsitronnyy-magaracha-beloe-ekstra-bryut-102,denisov_winery_petnat_tsitron_risling_tsitronnyy_magaracha_petnat_ekstra_bryut_belyy_102_8f425093ef.webp,studio_front,515f1af1b2a0ac5ba1b02fafc590f9d173241b161477a1e7f17054140c53ebfe,strapi,,none,0
alma-valley-pino-blan-beloe-suhoe-14-0001,alma-valley-pino-blan-beloe-suhoe-14,alma_valley_pino_blan_beloe_suhoe_14_8798dea7ca.webp,studio_front,30b91c76184e8090b85464cc58fdcd3058dcbfb2b0adf356c623caaa5450153b,strapi,,none,0
loco-cimbali-pino-blan-beloe-suhoe-13-0001,loco-cimbali-pino-blan-beloe-suhoe-13,loco_cimbali_pino_blan_beloe_suhoe_13_8c35d27517.webp,studio_front,d44e01ee92727be9914cd72ae01fce053a1cc76f4becce6f49074e0d122b2118,strapi,,none,0
winepark-pino-blan-beloe-suhoe-125-0001,winepark-pino-blan-beloe-suhoe-125,winepark_pino_blan_beloe_suhoe_125_b372984207.webp,studio_front,859b27363a85367a631a14778a19ca3a4c3da5fef6be3690f58022aaffb68e10,strapi,,none,0
alma-valley-pino-blan-rezerv-beloe-suhoe-14-0001,alma-valley-pino-blan-rezerv-beloe-suhoe-14,alma_valley_pino_blan_rezerv_beloe_suhoe_14_1be9ab6c2a.webp,studio_front,523765d175a975bf2678bffb8214edec24e45e513ab868a8f0fd8de09a8d7f89,strapi,,none,0
esse-pino-gri-beloe-suhoe-12-0001,esse-pino-gri-beloe-suhoe-12,esse_pino_gri_beloe_suhoe_12_8bf3160446.webp,studio_front,9b38f010c38fa707b6e380c1de439d92bfa7648d5d55b30cfadf278648c15f21,strapi,,none,0
massandra-pino-gri-beloe-sladkoe-16-0001,massandra-pino-gri-beloe-sladkoe-16,massandra_pino_gri_beloe_sladkoe_16_d391c28c56.webp,studio_front,eecf5c36b2836c9e9f0123ca03580d191e343ee61990328d357fc54223f49922,strapi,,none,0
sober-bash-pino-gri-beloe-suhoe-11-0001,sober-bash-pino-gri-beloe-suhoe-11,sober_bash_pino_gri_beloe_suhoe_11_725e59e401.webp,studio_front,13c9af95da74b2ae4173d11f7a70295845894f5b56ef5d367467f8a6b1675798,strapi,,none,0
esse-pino-gri-beloe-suhoe-135-0001,esse-pino-gri-beloe-suhoe-135,esse_pino_gri_beloe_suhoe_135_914856d918.webp,studio_front,399d8245bf6288985695ce0a05f26040e60a74e38ef9126620b5acf3dccce032,strapi,,none,0
alma-valley-pino-gri-beloe-polusuhoe-15-0001,alma-valley-pino-gri-beloe-polusuhoe-15,alma_valley_pino_gri_beloe_polusuhoe_15_4e288bc898.webp,studio_front,b34f44bcba3f81216be87c04dcf946fb7d2bf13f2bfb916e7ed50cbb454b0012,strapi,,none,0
chateau-andre-pino-gri-beloe-suhoe-14-0001,chateau-andre-pino-gri-beloe-suhoe-14,chateau_andre_pino_gri_beloe_suhoe_14_6dc42ba55b.webp,studio_front,028f170d416ef81077cbc0ed0f493dacb63b9281d499a58cc05499d2706e07de,strapi,,none,0
esse-pino-gri-blush-rozovoe-suhoe-115-0001,esse-pino-gri-blush-rozovoe-suhoe-115,esse_pino_gri_blush_rozovoe_suhoe_115_6dbb8b61f3.webp,studio_front,80768bcfd2e5a686e35470d0f590f95738549d4911c259df5f602ab426e65a9c,strapi,,none,0
esse-pino-gri-blash-rozovoe-suhoe-125-0001,esse-pino-gri-blash-rozovoe-suhoe-125,esse_pino_gri_blash_rozovoe_suhoe_125_b69f532199.webp,studio_front,e0548b4307da4b6f160a462334bbc1e4a2612ad7dc0ddec1dd741b8fa99b43c8,strapi,,none,0
zmv-koktebel-pino-gri-desertnoe-beloe-sladkoe-16-0001,zmv-koktebel-pino-gri-desertnoe-beloe-sladkoe-16,zmv_koktebel_pino_gri_desertnoe_beloe_sladkoe_16_b61dc2f497.webp,studio_front,f598991fc761f9b9abc91070d61b4a37f3fa1931f5d4721d0764ba0698f4109e,strapi,,none,0
shato-pino-pino-gri-roze-rozovoe-ekstra-bryut-12-0001,shato-pino-pino-gri-roze-rozovoe-ekstra-bryut-12,shato_pino_pino_gri_roze_igristoe_ekstra_bryut_rozovoe_12_dc98b15d48.webp,studio_front,db88ad68499669402d3b8275f08c78bb8031b9b845c9d43a8cb52043a92394a6,strapi,,none,0
vinodelnya-myshako-pino-gridzhio-beloe-polusuhoe-123-0001,vinodelnya-myshako-pino-gridzhio-beloe-polusuhoe-123,vinodelnya_myshako_pino_gridzhio_beloe_polusuhoe_123_b4efce4e31.webp,studio_front,ca54943005c80850f89227cfff9d677d16d0502d15ef168b31d12fff64270f1b,strapi,,none,0
loco-cimbali-pino-mene-krasnoe-suhoe-115-0001,loco-cimbali-pino-mene-krasnoe-suhoe-115,loco_cimbali_pino_mene_krasnoe_suhoe_115_35912ae0c1.webp,studio_front,b1b12ef95909c3af8da3af94511bf894803428d61c0a702e8767cbcc842f8de3,strapi,,none,0
belbek-pino-mene-krasnoe-suhoe-128-0001,belbek-pino-mene-krasnoe-suhoe-128,belbek_pino_mene_krasnoe_suhoe_128_e2f0538eec.webp,studio_front,e278450cb16be5ba643f24d7103b2a9f6b7525550327dc3ccf7b506d8158fa11,strapi,,none,0
loco-cimbali-pino-nuar-krasnoe-suhoe-126-0001,loco-cimbali-pino-nuar-krasnoe-suhoe-126,loco_cimbali_pino_nuar_krasnoe_suhoe_126_bf544ab5a0.webp,studio_front,681bdb04c1995a9f3aed430d4d35dee844862105ed81512537a4b7befdeada02,strapi,,none,0
bakla-vines-pino-nuar-krasnoe-suhoe-125-0001,bakla-vines-pino-nuar-krasnoe-suhoe-125,bakla_vines_pino_nuar_krasnoe_suhoe_125_da1c7fdac6.webp,studio_front,47d9de8f02d5441d2103dafb09fdc23d0f3674018bd45e050d5049123bea4163,strapi,,none,0
bogovich-wine-vineyard-pino-nuar-krasnoe-suhoe-125-0001,bogovich-wine-vineyard-pino-nuar-krasnoe-suhoe-125,bogovich_wine_vineyard_pino_nuar_krasnoe_suhoe_125_1146574e01.webp,studio_front,8596d41cc1dd4f4d31f43d5c66d32f74d6950ef7532e309eec58bf5f9d4ed52b,strapi,,none,0
belbek-pino-nuar-krasnoe-suhoe-133-0001,belbek-pino-nuar-krasnoe-suhoe-133,belbek_pino_nuar_krasnoe_suhoe_133_a2cb505435.webp,studio_front,318f8c62b5ae22e1d2d32317865d778d21d7782cd41dfe5711c977a33fdfc528,strapi,,none,0
chateau-andre-pino-nuar-krasnoe-suhoe-14-0001,chateau-andre-pino-nuar-krasnoe-suhoe-14,chateau_andre_pino_nuar_krasnoe_suhoe_14_2f54e79838.webp,studio_front,d94e61781f550061735e08a1aad339eab3c7de2ceac8204a1bab54e165d38f53,strapi,,none,0
a-gordienko-m-nikolaev-pino-nuar-krasnoe-suhoe-135-0001,a-gordienko-m-nikolaev-pino-nuar-krasnoe-suhoe-135,a_gordienko_m_nikolaev_pino_nuar_krasnoe_suhoe_135_660d8a5012.webp,studio_front,c06e516bb2d9d198cf210ef31fd8462964827a883bd239a1cf6511ca58a1274f,strapi,,none,0
chateau-cachalot-pino-nuar-krasnoe-suhoe-12-0001,chateau-cachalot-pino-nuar-krasnoe-suhoe-12,chateau_cachalot_pino_nuar_krasnoe_suhoe_12_baf40bf4e8.webp,studio_front,81c914bd048a8890dc678cc7c107977cb1c43896cd404357251f13e0b9d1dff1,strapi,,none,0
abrau-dyurso-pino-nuar-krasnoe-suhoe-125-0001,abrau-dyurso-pino-nuar-krasnoe-suhoe-125,abrau_dyurso_pino_nuar_krasnoe_suhoe_125_529987dabf.webp,studio_front,0ecb9ee4ad264b5b36ab92bf03e82e3dcd0e22a292df8ee17e0763206dc60cc6,strapi,,none,0
esse-pino-nuar-krasnoe-suhoe-115-0001,esse-pino-nuar-krasnoe-suhoe-115,esse_pino_nuar_krasnoe_suhoe_115_469fd883e6.webp,studio_front,76f2c308ff95fe42841593f9267912ae27ded779f38be6e4ee20169e48cf4d2d,strapi,,none,0
belmas-winery-pino-nuar-krasnoe-suhoe-135-0001,belmas-winery-pino-nuar-krasnoe-suhoe-135,belmas_winery_pino_nuar_krasnoe_suhoe_135_ea70d5c59b.webp,studio_front,59d24378cf3f82df06688d66a75051efcab005294edb76ca3a951440a79dc61a,strapi,,none,0
stn-winery-pino-nuar-krasnoe-suhoe-12-0001,stn-winery-pino-nuar-krasnoe-suhoe-12,stn_winery_pino_nuar_krasnoe_suhoe_12_afc27a10d4.webp,studio_front,07e0b327f8341151010bc10b082b6a74ec1f24cead4fe7a09ecbce5dd06d0e2b,strapi,,none,0
domaine-lipko-pino-nuar-krasnoe-suhoe-12-0001,domaine-lipko-pino-nuar-krasnoe-suhoe-12,domaine_lipko_pino_nuar_krasnoe_suhoe_12_645408d2e3.webp,studio_front,2ac765ef62100e7c833024cb77aa101013f1e93419ee8805f99bdc375a797bca,strapi,,none,0
alma-valley-pino-nuar-krasnoe-suhoe-13-0001,alma-valley-pino-nuar-krasnoe-suhoe-13,alma_valley_pino_nuar_krasnoe_suhoe_13_a898042e38.webp,studio_front,7b70c16cef6dfb98282e8388682e40bf130ec8fdd2d97f076f92a15c32480ee1,strapi,,none,0
abrau-dyurso-pino-nuar-krasnoe-suhoe-12-0001,abrau-dyurso-pino-nuar-krasnoe-suhoe-12,abrau_dyurso_pino_nuar_krasnoe_suhoe_vyderzhannoe_12_e7055f24aa.webp,studio_front,6d49065f5f9c8047f1d95a6ed3b00c1d4e07515f34d0344213fa8a5eca4f4b2e,strapi,,none,0
alma-valley-pino-nuar-beloe-ekstra-bryut-115-0001,alma-valley-pino-nuar-beloe-ekstra-bryut-115,alma_valley_pino_nuar_beloe_ekstra_bryut_115_e3cb51cf8f.webp,studio_front,95cf1bace2f3013701d35366b7e0c83b91c7336088824ec78362fa4e75385b53,strapi,,none,0
shato-pino-pino-nuar-krasnoe-suhoe-135-0001,shato-pino-pino-nuar-krasnoe-suhoe-135,shato_pino_pino_nuar_krasnoe_suhoe_135_d34aee0942.webp,studio_front,a9ab58d6a062f104fa0765e38a406b530aca303be97bb36486df17c3b80bce95,strapi,,none,0
tempelhof-winery-pino-nuar-krasnoe-suhoe-125-0001,tempelhof-winery-pino-nuar-krasnoe-suhoe-125,tempelhof_winery_pino_nuar_krasnoe_suhoe_125_9f8f5502f9.webp,studio_front,ec17f12b2f89fb09d0ace0b6d3d334a7e9b608929c57ffed0971cf045a247583,strapi,,none,0
nikolaev-i-synovya-pino-nuar-krasnoe-suhoe-125-0001,nikolaev-i-synovya-pino-nuar-krasnoe-suhoe-125,nikolaev_i_synovya_pino_nuar_krasnoe_suhoe_125_01b9ccdcdb.webp,studio_front,ada5cb2afd9d817a20d64e2251195c532103083418acb9e5ff2cbc7b8b11c337,strapi,,none,0
vaynkraft-pino-nuar-krasnoe-suhoe-13-0001,vaynkraft-pino-nuar-krasnoe-suhoe-13,vaynkraft_pino_nuar_krasnoe_suhoe_13_3e5b99ea7b.webp,studio_front,3c12a554590d4e77e280208ae8f44adbe466ce7040e23f23d66c21326b448e29,strapi,,none,0
donskoe-vinodelcheskoe-hozyaystvo-elbuzd-pino-nuar-krasnoe-suhoe-13-0001,donskoe-vinodelcheskoe-hozyaystvo-elbuzd-pino-nuar-krasnoe-suhoe-13,donskoe_vinodelcheskoe_hozyaystvo_elbuzd_pino_nuar_krasnoe_suhoe_13_fe1f143b4b.webp,studio_front,aa89f2789d0a2cb6ae2c89a55f337193fc66cfdc649c2445f584e3ad1e353f0a,strapi,,none,0
vinodelnya-myshako-pino-nuar-karmener-reserve-krasnoe-suhoe-138-0001,vinodelnya-myshako-pino-nuar-karmener-reserve-krasnoe-suhoe-138,vinodelnya_myshako_pino_nuar_karmener_reserve_krasnoe_suhoe_138_142d47602d.webp,studio_front,7a7ec70777a974726eaa105911b2cfb231d53abdc6f8e5579ed8daf0063740e7,strapi,,none,0
shato-pino-pino-nuar-pino-gri-rozovoe-suhoe-115-0001,shato-pino-pino-nuar-pino-gri-rozovoe-suhoe-115,shato_pino_pino_nuar_pino_gri_rozovoe_suhoe_115_3537e77fae.webp,studio_front,93e0b12058a97747f0dead5b131c901511b9d2271513586b8578f76503b13518,strapi,,none,0
shato-pino-pino-nuar-saperavi-krasnoe-suhoe-13-0001,shato-pino-pino-nuar-saperavi-krasnoe-suhoe-13,shato_pino_pino_nuar_saperavi_krasnoe_suhoe_13_4166359dd7.webp,studio_front,07b913ae283a935b1edb1c14ca636cf47120b54bf21762b025b7496b99e52ab5,strapi,,none,0
denisov-winery-pino-nuar-shardone-ekstra-bryut-beloe-125-0001,denisov-winery-pino-nuar-shardone-ekstra-bryut-beloe-125,denisov_winery_pino_nuar_shardone_ekstra_bryut_igristoe_ekstra_bryut_beloe_125_43d45643b9.webp,studio_front,921adb04114f23a8198c8b973dbb32063e9bf6a0e1faa027196929789abd43d5,strapi,,none,0
bogovich-wine-vineyard-pino-nuar-2-krasnoe-suhoe-12-0001,bogovich-wine-vineyard-pino-nuar-2-krasnoe-suhoe-12,bogovich_wine_vineyard_pino_nuar_2_krasnoe_suhoe_12_ddfd0f7952.webp,studio_front,eb2e54e9161731953a811b60dd93a489ea21b6060ba851abc6b5759cef3edf10,strapi,,none,0
zmv-koktebel-pino-nuar-bryut-rozovoe-11-0001,zmv-koktebel-pino-nuar-bryut-rozovoe-11,zmv_koktebel_pino_nuar_bryut_rozovoe_11_ef31c55be7.webp,studio_front,56d12bbba48efad291389ded5719cbd42c49bd839695e30d00a435b48da6de97,strapi,,none,0
dubinin-winery-pino-nuar-bryut-roze-rozovoe-ekstra-bryut-125-0001,dubinin-winery-pino-nuar-bryut-roze-rozovoe-ekstra-bryut-125,dubinin_winery_pino_nuar_bryut_roze_igristoe_ekstra_bryut_rozovoe_125_f445b9db8a.webp,studio_front,ebe39595c7d34dbb3a63012663742522131372bf55c3d001bffe94e42051736b,strapi,,none,0
pino-nuar-dzhavaga-0001,pino-nuar-dzhavaga,pino_nuar_dzhavaga_d29d630ce8.webp,studio_front,7e2f2f4213c26ff82277653d53f5bae8cfc313fb0a9e59f7eda93cb80dea7799,strapi,,none,0
novyy-svet-dom-shampanskih-vin-pino-nuar-polusuhoe-rozovoe-135-0001,novyy-svet-dom-shampanskih-vin-pino-nuar-polusuhoe-rozovoe-135,novyy_svet_dom_shampanskih_vin_pino_nuar_polusuhoe_igristoe_polusuhoe_rozovoe_135_9940b7a0c3.webp,studio_front,49f82b758f118924f60960069185797e2788b134aa613a9c58864eea04d0133e,strapi,,none,0
belbek-pino-nuar-rezerv-krasnoe-suhoe-135-0001,belbek-pino-nuar-rezerv-krasnoe-suhoe-135,belbek_pino_nuar_rezerv_krasnoe_suhoe_135_7e9ad8a8e2.webp,studio_front,e2ca9cefe1af1491af39d0fb40e4de4075850632d804fce2583017715b37f995,strapi,,none,0
usadba-perovskih-pino-nuar-rezerv-krasnoe-suhoe-122-0001,usadba-perovskih-pino-nuar-rezerv-krasnoe-suhoe-122,usadba_perovskih_pino_nuar_rezerv_krasnoe_suhoe_122_a52f1c4ded.webp,studio_front,2572ec526c3b94971e9bf9c6a9dffceab307b62faf4db8ad82874814ff2f4f06,strapi,,none,0
alma-valley-pino-nuar-rezerv-krasnoe-suhoe-14-0001,alma-valley-pino-nuar-rezerv-krasnoe-suhoe-14,alma_valley_pino_nuar_rezerv_krasnoe_suhoe_14_c3c0dc1cc6.webp,studio_front,3f04afa115e86f5433bc82d86a8b699c16442978910c35ac379a84d3c34a77bb,strapi,,none,0
chateau-le-grand-vostock-pino-nuar-rezerv-krasnoe-suhoe-14-0001,chateau-le-grand-vostock-pino-nuar-rezerv-krasnoe-suhoe-14,chateau_le_grand_vostock_pino_nuar_rezerv_krasnoe_suhoe_vyderzhannoe_14_16df8a8740.webp,studio_front,587ea8ac2252c6aa03bd0d3b73d19540bbf1b2bc935af49bc5104b42634aa86d,strapi,,none,0
golubitskoe-estate-pino-nuar-rezerv-krasnoe-suhoe-132-0001,golubitskoe-estate-pino-nuar-rezerv-krasnoe-suhoe-132,golubitskoe_estate_pino_nuar_rezerv_krasnoe_suhoe_132_d93b15131f.webp,studio_front,7ef3b09b0358c2ee49c269f59c95bffc0fa108e044fd3208d4520572faa92bf5,strapi,,none,0
shato-pino-pino-nuar-roze-rozovoe-ekstra-bryut-115-0001,shato-pino-pino-nuar-roze-rozovoe-ekstra-bryut-115,shato_pino_pino_nuar_roze_igristoe_ekstra_bryut_rozovoe_115_6ab9eefe2b.webp,studio_front,4f493c49d6affc84895a0c6db597cf42f2b56827dab9c086472a8731d4a51f65,strapi,,none,0
domaine-de-la-vivandiere-pino-nuar-roze-rozovoe-suhoe-122-0001,domaine-de-la-vivandiere-pino-nuar-roze-rozovoe-suhoe-122,domaine_de_la_vivandiere_pino_nuar_roze_rozovoe_suhoe_122_48ffea282d.webp,studio_front,399212e378603d86a3ffffccb97d19617c31e50f29eef017c675d5c4593dc251,strapi,,none,0
chateau-andre-pino-nuar-roze-rozovoe-suhoe-13-0001,chateau-andre-pino-nuar-roze-rozovoe-suhoe-13,chateau_andre_pino_nuar_roze_rozovoe_suhoe_13_d662df99bd.webp,studio_front,dc7def89a874ec43a45b317558f56dc729a0308a16f508b425da52793d81455a,strapi,,none,0
belbek-pino-nuar-roze-rozovoe-suhoe-115-0001,belbek-pino-nuar-roze-rozovoe-suhoe-115,belbek_pino_nuar_roze_rozovoe_suhoe_115_19d98fb390.webp,studio_front,9ef27854ea168cd2adb0d65ed2ca94548350b17c904a0280c40c222c237aa058,strapi,,none,0
imenie-sikory-pino-nuar-sikory-krasnoe-suhoe-14-0001,imenie-sikory-pino-nuar-sikory-krasnoe-suhoe-14,imenie_sikory_pino_nuar_sikory_krasnoe_suhoe_14_4a36d13ce1.webp,studio_front,c28046bc53eb84f680b823e1cd8dcd9bb454582e9e4ed5f769db0834047e4b4a,strapi,,none,0
imenie-sikory-pino-nuar-semeynyy-rezerv-krasnoe-suhoe-14-0001,imenie-sikory-pino-nuar-semeynyy-rezerv-krasnoe-suhoe-14,imenie_sikory_pino_nuar_semeynyy_rezerv_krasnoe_suhoe_14_e1d961aa68.webp,studio_front,4df9637d73afd75e388c1eb2ea3aa54b3f116b903c5c92d5e029b257639c63a3,strapi,,none,0
vinodelnya-bratev-melnikovyh-pino-dva-brata-pino-gri-rozovoe-suhoe-13-0001,vinodelnya-bratev-melnikovyh-pino-dva-brata-pino-gri-rozovoe-suhoe-13,vinodelnya_bratev_melnikovyh_pino_dva_brata_pino_gri_rozovoe_suhoe_13_29922b3bc8.webp,studio_front,48424bfa161d0788ed938395d31d34ee40a20f777797bb451d3c9cd6ff588f29,strapi,,none,0
cloudy-winery-plohaya-devochka-pryanyy-traminer-traminer-beloe-suhoe-12-0001,cloudy-winery-plohaya-devochka-pryanyy-traminer-traminer-beloe-suhoe-12,cloudy_winery_plohaya_devochka_pryanyy_traminer_traminer_beloe_suhoe_12_3160b1b322.webp,studio_front,6b6756e1f96609e0fce691b1fdb6f6e661620f006929b615d199559fb0361078,strapi,,none,0
cloudy-winery-plohaya-devochka-pryanyy-blend-byanka-beloe-suhoe-125-0001,cloudy-winery-plohaya-devochka-pryanyy-blend-byanka-beloe-suhoe-125,cloudy_winery_plohaya_devochka_pryanyy_blend_byanka_beloe_suhoe_125_ee12b511d9.webp,studio_front,a00e272f2f2629e91fa266202ada5be3336350dfb106d0ca07c11914b3255093,strapi,,none,0
cloudy-winery-plohaya-devochka-sochnyy-pino-noir-pino-nuar-krasnoe-suhoe-12-0001,cloudy-winery-plohaya-devochka-sochnyy-pino-noir-pino-nuar-krasnoe-suhoe-12,cloudy_winery_plohaya_devochka_sochnyy_pino_noir_pino_nuar_krasnoe_suhoe_12_60e37c5c3b.webp,studio_front,65d758395f15ac41517394d8d9ced4b9d83f34f14af8d6e109f085535d2ec451,strapi,,none,0
v2r-podnyat-parusa-kaberne-sovinon-krasnoe-suhoe-125-0001,v2r-podnyat-parusa-kaberne-sovinon-krasnoe-suhoe-125,v2r_podnyat_parusa_kaberne_sovinon_krasnoe_suhoe_125_b672f31d66.webp,studio_front,818ad8518649751ee85f4c4895b69abf6d2cbac52201b0d3376885a2f07ea105,strapi,,none,0
vinodelnya-pokrovskaya-pokrovskoe-krasnoe-kaberne-sovinon-suhoe-14-0001,vinodelnya-pokrovskaya-pokrovskoe-krasnoe-kaberne-sovinon-suhoe-14,vinodelnya_pokrovskaya_pokrovskoe_krasnoe_kaberne_sovinon_krasnoe_suhoe_14_cb8d56d0d7.webp,studio_front,d8c7cedfcb989027a98aa031eb1024f596183974643f4bbe15087b32b84d7edc,strapi,,none,0
zmv-koktebel-portveyn-beloe-kreplyonoe-aligote-sladkoe-17-0001,zmv-koktebel-portveyn-beloe-kreplyonoe-aligote-sladkoe-17,zmv_koktebel_portveyn_beloe_kreplyonoe_aligote_sladkoe_17_f0222852d9.webp,studio_front,43c1ad122c22d9cdfcbaaca611e6bf3b9043d70e5f26a4bce3b082f34bc51e15,strapi,,none,0
zmv-koktebel-portveyn-krasnoe-kreplyonoe-kaberne-sovinon-sladkoe-17-0001,zmv-koktebel-portveyn-krasnoe-kreplyonoe-kaberne-sovinon-sladkoe-17,zmv_koktebel_portveyn_krasnoe_kreplyonoe_kaberne_sovinon_sladkoe_17_ffc534359d.webp,studio_front,6bc2f9e1d1fce538172c1e5914b8c29dcd449e6948aebbe4079d7c976dcf66be,strapi,,none,0
massandra-portveyn-belyy-gurzuf-kokur-belyy-beloe-sladkoe-135-0001,massandra-portveyn-belyy-gurzuf-kokur-belyy-beloe-sladkoe-135,massandra_portveyn_belyy_gurzuf_kokur_belyy_beloe_sladkoe_135_d34b047b41.webp,studio_front,1d462c924733fcb59b2936f00fb66467945bde414f51d8d6321fb17ecdcef61d,strapi,,none,0
massandra-portveyn-belyy-krymskiy-kokur-beloe-sladkoe-18-0001,massandra-portveyn-belyy-krymskiy-kokur-beloe-sladkoe-18,massandra_portveyn_belyy_krymskiy_kokur_beloe_sladkoe_18_4a04230d4f.webp,studio_front,5aecf075d3ac37cf3a28de85f6a091f262a6eb71aba91c903438afdda7bed62f,strapi,,none,0
massandra-portveyn-krasnyy-livadiya-kaberne-sovinon-krasnoe-sladkoe-185-0001,massandra-portveyn-krasnyy-livadiya-kaberne-sovinon-krasnoe-sladkoe-185,massandra_portveyn_krasnyy_livadiya_kaberne_sovinon_krasnoe_sladkoe_185_02e4e0776e.webp,studio_front,f6eaa3bca3e002d57c320026ad8c5edba8d3dff74bdaa7dfb07e1883eb5d8478,strapi,,none,0
solnechnaya-dolina-porto-solnechnoy-doliny-kokur-belyy-beloe-sladkoe-175-0001,solnechnaya-dolina-porto-solnechnoy-doliny-kokur-belyy-beloe-sladkoe-175,solnechnaya_dolina_porto_solnechnoy_doliny_kokur_belyy_beloe_likernoe_vyderzhannoe_175_6cac460b4e.webp,studio_front,9357e1727fa80522ab1589a584473d8ee611357570f7fd102a06715469650fbe,strapi,,none,0
vinodelnya-vedernikov-pravoberezhnoe-beloe-aligote-suhoe-13-0001,vinodelnya-vedernikov-pravoberezhnoe-beloe-aligote-suhoe-13,vinodelnya_vedernikov_pravoberezhnoe_beloe_aligote_suhoe_13_bc8750c1c8.webp,studio_front,de19f22ef32138338f868adcb2382aa4b7f5a8192e4bcdd1648cce40e1409774,strapi,,none,0
shato-ay-danil-presto-rezerv-kaberne-sovinon-krasnoe-suhoe-135-0001,shato-ay-danil-presto-rezerv-kaberne-sovinon-krasnoe-suhoe-135,shato_ay_danil_presto_rezerv_kaberne_sovinon_krasnoe_suhoe_vyderzhannoe_135_2099ac281e.webp,studio_front,6d357e11af5444c8b0603962be05189625a6b1445678e454de8c6d09790d2ae5,strapi,,none,0
solnechnaya-dolina-privat-kaberne-sovinon-krasnoe-sladkoe-155-0001,solnechnaya-dolina-privat-kaberne-sovinon-krasnoe-sladkoe-155,solnechnaya_dolina_privat_kaberne_sovinon_krasnoe_likernoe_vyderzhannoe_155_b18918825f.webp,studio_front,2c1f0090e1247d5a799fd44851f12aafa3c1ff6ba77c01dff3d3f359d37d38c2,strapi,,none,0
vinodelnya-myshako-primitivo-blaufrankish-reserve-krasnoe-suhoe-142-0001,vinodelnya-myshako-primitivo-blaufrankish-reserve-krasnoe-suhoe-142,vinodelnya_myshako_primitivo_blaufrankish_reserve_krasnoe_suhoe_142_c96e36183b.webp,studio_front,20c95bc406a2a11073d35d7e16c6559632fcac54d560d99fa2d3a3acfafdd9b6,strapi,,none,0
villa-di-alma-pti-verdo-krasnoe-suhoe-125-0001,villa-di-alma-pti-verdo-krasnoe-suhoe-125,villa_di_alma_pti_verdo_krasnoe_suhoe_125_3c660417ac.webp,studio_front,4e29e22b5a27b324cd44ac167434f040cff2bfcffcd0786f5296ac49f6420f53,strapi,,none,0
domaine-lipko-pti-verdo-krasnoe-suhoe-14-0001,domaine-lipko-pti-verdo-krasnoe-suhoe-14,domaine_lipko_pti_verdo_krasnoe_suhoe_14_155eed96cb.webp,studio_front,00ac8d2eb5d4db72bdf79eecd9bfd77648ad110062f98c17fe77948dab24571d,strapi,,none,0
vinodelnya-uzunov-rash-risling-beloe-suhoe-127-0001,vinodelnya-uzunov-rash-risling-beloe-suhoe-127,vinodelnya_uzunov_rash_risling_beloe_suhoe_127_f5a419791f.webp,studio_front,391fcc14664b8b61206bd9cc8f5b3a118f558315c084ab74479e2f65d13098c3,strapi,,none,0
vinodelnya-uzunov-rash-rezerv-risling-reynskiy-beloe-suhoe-127-0001,vinodelnya-uzunov-rash-rezerv-risling-reynskiy-beloe-suhoe-127,vinodelnya_uzunov_rash_rezerv_risling_reynskiy_beloe_suhoe_127_a95297272f.webp,studio_front,c5649f003854c898a129240e231c0d4ddf075bb8db410237a8dd219f200bc004,strapi,,none,0
rebo-0001,rebo,rebo_dbf2855820.webp,studio_front,0cfed9479ef9096d73543193d8babf35d90df0a5d92424612aa239d5a57ed1a1,strapi,,none,0
relikta-relikta-antey-magarachskiy-muskat-belyy-rozovoe-polusuhoe-11-0001,relikta-relikta-antey-magarachskiy-muskat-belyy-rozovoe-polusuhoe-11,relikta_relikta_antey_magarachskiy_muskat_belyy_rozovoe_polusuhoe_11_22ccbaad9f.webp,studio_front,abff5adcf63e454a53a6507b2a750f537ced79410c86d675e495a269713de19e,strapi,,none,0
relikta-relikta-varvary-antey-magarachskiy-krasnoe-suhoe-13-15-0001,relikta-relikta-varvary-antey-magarachskiy-krasnoe-suhoe-13-15,relikta_relikta_varvary_antey_magarachskiy_krasnoe_suhoe_13_15_a41ff30b81.webp,studio_front,34f77a7b6b6bbe926e6c031fd8402efbbb5a8fb0ada2e229ac7a0783fc10f08e,strapi,,none,0
relikta-relikta-dekabrskiy-krasnoe-polusladkoe-125-0001,relikta-relikta-dekabrskiy-krasnoe-polusladkoe-125,relikta_relikta_dekabrskiy_krasnoe_polusladkoe_125_e678cd28ce.webp,studio_front,5d34589c74965fb61c6eac6211ce958b113ef3aa1022d6fcc607fa7fa2ea2ca7,strapi,,none,0
relikta-relikta-kaberne-sovinon-krasnoe-suhoe-135-0001,relikta-relikta-kaberne-sovinon-krasnoe-suhoe-135,relikta_relikta_kaberne_sovinon_krasnoe_suhoe_135_f165601db7.webp,studio_front,50a7a77e4fb0f1d3b38cd454b8348eb06ef415af9fa6fc3d86d76026602fd826,strapi,,none,0
relikta-relikta-merlo-krasnoe-suhoe-135-0001,relikta-relikta-merlo-krasnoe-suhoe-135,relikta_relikta_merlo_krasnoe_suhoe_135_e4e0277049.webp,studio_front,457a6ef799bee8cb1fb9eebf3f4550ab5508d2a02e3a56352e5f4be1e4e23d61,strapi,,none,0
relikta-relikta-merlo-kaberne-sovinon-krasnoe-suhoe-135-0001,relikta-relikta-merlo-kaberne-sovinon-krasnoe-suhoe-135,relikta_relikta_merlo_kaberne_sovinon_krasnoe_suhoe_135_4d7da23f88.webp,studio_front,b3ed2a5c1a7ed8b9bc757caee68ff21b807fc01d6faaf8d3e7a4e2834e571878,strapi,,none,0
relikta-relikta-muskat-beloe-polusuhoe-12-0001,relikta-relikta-muskat-beloe-polusuhoe-12,relikta_relikta_muskat_beloe_polusuhoe_12_6fed0ab5da.webp,studio_front,f7df52999ee55b5b54c239fa003b4396ef22d6b606b32fb8405a0fdd6dc007fc,strapi,,none,0
relikta-relikta-muskat-belyy-beloe-suhoe-12-0001,relikta-relikta-muskat-belyy-beloe-suhoe-12,relikta_relikta_muskat_belyy_beloe_suhoe_12_5b2b11ec48.webp,studio_front,854ff0bc56e573254246275aa8505ff897fa9cd4e353195ce438df88048e507e,strapi,,none,0
relikta-relikta-pervenets-pervenets-magaracha-beloe-suhoe-12-0001,relikta-relikta-pervenets-pervenets-magaracha-beloe-suhoe-12,relikta_relikta_pervenets_pervenets_magaracha_beloe_suhoe_12_b4fce6d9a2.webp,studio_front,0cae01dcad155ab1c8f0ea528d46e1932e3031bd338cc86a75f6d0588b6fdf46,strapi,,none,0
relikta-relikta-pervenets-muskat-pervenets-magaracha-beloe-polusladkoe-125-0001,relikta-relikta-pervenets-muskat-pervenets-magaracha-beloe-polusladkoe-125,relikta_relikta_pervenets_muskat_pervenets_magaracha_beloe_polusladkoe_125_7ef7de5851.webp,studio_front,56e35d100f715908feb0f690e277d27929a4e5cea7e353850a833b8144a021b6,strapi,,none,0
relikta-relikta-petnat-antey-magarachskiy-rozovoe-ekstra-bryut-11-0001,relikta-relikta-petnat-antey-magarachskiy-rozovoe-ekstra-bryut-11,relikta_relikta_petnat_antey_magarachskiy_rozovoe_ekstra_bryut_11_00d21fcaf1.webp,studio_front,39871c9287ab1758dcdb98fb199c6029111fd1929a4f38fd47e68208d7079742,strapi,,none,0
relikta-relikta-risling-beloe-suhoe-12-0001,relikta-relikta-risling-beloe-suhoe-12,relikta_relikta_risling_beloe_suhoe_12_c4cc8d0ab4.webp,studio_front,b1f400e3517d33f5caf462adc00eb72fda09761becac9d86c6aa8fa532dda500,strapi,,none,0
relikta-relikta-sira-krasnoe-suhoe-13-0001,relikta-relikta-sira-krasnoe-suhoe-13,relikta_relikta_sira_krasnoe_suhoe_13_7239045ae9.webp,studio_front,2be81dc8b17e2c77130793da7726d4c74bc3e3756a6d488dda42271262b1928c,strapi,,none,0
relikta-relikta-sira-kaberne-fran-krasnoe-suhoe-13-0001,relikta-relikta-sira-kaberne-fran-krasnoe-suhoe-13,relikta_relikta_sira_kaberne_fran_krasnoe_suhoe_13_f915b3e0fa.webp,studio_front,ca87653a5bc77d5d63d0b44e50bb15751bdb7ba4de502cf61debb83637ac0bbd,strapi,,none,0
relikta-relikta-traminer-beloe-suhoe-11-0001,relikta-relikta-traminer-beloe-suhoe-11,relikta_relikta_traminer_beloe_suhoe_11_e7c7c353c6.webp,studio_front,81881887a314bb5d2709d8a1b08d01d04c207a55babb9c122c4c0eca854f15f9,strapi,,none,0
relikta-relikta-shardone-beloe-suhoe-12-0001,relikta-relikta-shardone-beloe-suhoe-12,relikta_relikta_shardone_beloe_suhoe_12_b5447e74d6.webp,studio_front,ed1162233cdd4f9bddda540bdce03d16e63fb4cf549f4f1ba2831f3bd96f2746,strapi,,none,0
relikta-relikta-ekstra-bryut-shardone-beloe-105-0001,relikta-relikta-ekstra-bryut-shardone-beloe-105,relikta_relikta_ekstra_bryut_shardone_beloe_105_186ff56ab3.webp,studio_front,316ff247736f2a80d81c8293e4ecbde11201521668f4f0891cfb8798cee25cf6,strapi,,none,0
rem-akchurin-rem-akchurin-pino-nuar-roze-rozovoe-suhoe-14-0001,rem-akchurin-rem-akchurin-pino-nuar-roze-rozovoe-suhoe-14,rem_akchurin_rem_akchurin_pino_nuar_roze_rozovoe_suhoe_14_10383931e1.webp,studio_front,1ec51381be4fa7a97e9711f091c94f0933793e7b51c20962f9092c6b945860c7,strapi,,none,0
vinodelnya-raevskoe-renessans-beloe-shardone-suhoe-126-0001,vinodelnya-raevskoe-renessans-beloe-shardone-suhoe-126,vinodelnya_raevskoe_renessans_beloe_shardone_beloe_suhoe_126_a8170bcee9.webp,studio_front,16c2df6688c00230842553660383b5a7f927bc24ed72902f76c2c84d0c302a89,strapi,,none,0
vinodelnya-raevskoe-renessans-belyy-blend-risling-beloe-suhoe-121-0001,vinodelnya-raevskoe-renessans-belyy-blend-risling-beloe-suhoe-121,vinodelnya_raevskoe_renessans_belyy_blend_risling_beloe_suhoe_121_d72a834899.webp,studio_front,07a3cee640b0f326b4f7a8c9b527a5c1110b892f36516fa5c1a6d4448c6be982,strapi,,none,0
vinodelnya-raevskoe-renessans-blaufrankish-krasnoe-suhoe-128-0001,vinodelnya-raevskoe-renessans-blaufrankish-krasnoe-suhoe-128,vinodelnya_raevskoe_renessans_blaufrankish_krasnoe_suhoe_128_5debb8fc14.webp,studio_front,7c724ce9d4e3f74f17e9312fef1a79204ebfd370cbd9c7ec03ac6710dad17a26,strapi,,none,0
vinodelnya-raevskoe-renessans-vione-beloe-suhoe-122-0001,vinodelnya-raevskoe-renessans-vione-beloe-suhoe-122,vinodelnya_raevskoe_renessans_vione_beloe_suhoe_122_8d857ddfa3.webp,studio_front,6924e0bc1dace12265f4dd4d5eca629c7076f1f6e805c8e30b71565d0d18626c,strapi,,none,0
vinodelnya-raevskoe-renessans-karmener-krasnoe-suhoe-12-0001,vinodelnya-raevskoe-renessans-karmener-krasnoe-suhoe-12,vinodelnya_raevskoe_renessans_karmener_krasnoe_suhoe_12_690f3e8e78.webp,studio_front,d099583aec0026e082dec73df4c15a29838bf484d9d0c88bc70b57fdf339d0ee,strapi,,none,0
vinodelnya-raevskoe-renessans-krasnoe-kaberne-sovinon-suhoe-13-0001,vinodelnya-raevskoe-renessans-krasnoe-kaberne-sovinon-suhoe-13,vinodelnya_raevskoe_renessans_krasnoe_kaberne_sovinon_krasnoe_suhoe_13_72587cf80e.webp,studio_front,56242f12e48d064c0bb1827c29c01dbfacb62b65b9163b2220cdc300334c108c,strapi,,none,0
vinodelnya-raevskoe-renessans-pino-nuar-krasnoe-suhoe-125-0001,vinodelnya-raevskoe-renessans-pino-nuar-krasnoe-suhoe-125,vinodelnya_raevskoe_renessans_pino_nuar_krasnoe_suhoe_125_dfbc856fa3.webp,studio_front,96652643ba1adb136bb386c4b7e955c012e6f5f435ae2b3a5afec1b6e315d18b,strapi,,none,0
vinodelnya-raevskoe-renessans-pti-verdo-krasnoe-suhoe-145-0001,vinodelnya-raevskoe-renessans-pti-verdo-krasnoe-suhoe-145,vinodelnya_raevskoe_renessans_pti_verdo_krasnoe_suhoe_145_f62eb404c2.webp,studio_front,707d94ff7d733c90e15feff055650ff0f177fc350e01aaae36bf2bb6e1c60bf8,strapi,,none,0
vinodelnya-raevskoe-renessans-rozovoe-tempranilo-suhoe-12-0001,vinodelnya-raevskoe-renessans-rozovoe-tempranilo-suhoe-12,vinodelnya_raevskoe_renessans_rozovoe_tempranilo_rozovoe_suhoe_12_a7e60be17a.webp,studio_front,deb5deabed87d9d1e943330322249b12764b6a3effb8df56abf8908a23493cad,strapi,,none,0
vinodelnya-raevskoe-renessans-tempranilo-krasnoe-suhoe-135-0001,vinodelnya-raevskoe-renessans-tempranilo-krasnoe-suhoe-135,vinodelnya_raevskoe_renessans_tempranilo_krasnoe_suhoe_135_eab54b6b7c.webp,studio_front,e083c87d83aa40be608a8170e43a56021167c43912465a9d5b74ca009090a922,strapi,,none,0
vinodelnya-raevskoe-renessans-shardone-beloe-suhoe-128-0001,vinodelnya-raevskoe-renessans-shardone-beloe-suhoe-128,vinodelnya_raevskoe_renessans_shardone_beloe_suhoe_128_47261bcba1.webp,studio_front,a37a67afd1180bcf6c6cc3e2b40a9b0af62ccc967329c62540128043c1dd7a65,strapi,,none,0
vinodelnya-raevskoe-renessans-shardone-beloe-suhoe-127-0001,vinodelnya-raevskoe-renessans-shardone-beloe-suhoe-127,vinodelnya_raevskoe_renessans_shardone_beloe_suhoe_127_39a51d919c.webp,studio_front,82c6d2eb4497b6b421bb7f0740bdd1dec9bb79ec1b47b544eb5c7f024ccc3102,strapi,,none,0
vinodelnya-krinitsa-rivazh-kaberne-sovinon-krasnoe-suhoe-13-0001,vinodelnya-krinitsa-rivazh-kaberne-sovinon-krasnoe-suhoe-13,vinodelnya_krinitsa_rivazh_kaberne_sovinon_krasnoe_suhoe_13_4a7f72881d.webp,studio_front,e17581c3966c52f7a90abac9bdae7b387f1c2858f26c126516a9e1855878bc29,strapi,,none,0
alma-valley-rislaner-beloe-polusladkoe-125-0001,alma-valley-rislaner-beloe-polusladkoe-125,alma_valley_rislaner_beloe_polusladkoe_125_01d472fe7c.webp,studio_front,ef287aa8058928e008795a5fde8cfb1d7ef74020a5fbe78c3ce7385933c222d3,strapi,,none,0
winepark-risling-beloe-suhoe-125-0001,winepark-risling-beloe-suhoe-125,winepark_risling_beloe_suhoe_125_166136f9df.webp,studio_front,6cf804936a83649688ca5bd1612b824e535900559862f65c48ffbc5a79953134,strapi,,none,0
esse-risling-beloe-suhoe-115-0001,esse-risling-beloe-suhoe-115,esse_risling_beloe_suhoe_115_56a1b754fc.webp,studio_front,39ffa1cf351d88d780d59e74e8e75ea8c46158d84193a0c9f1766c84b13991cf,strapi,,none,0
chateau-andre-risling-beloe-suhoe-13-0001,chateau-andre-risling-beloe-suhoe-13,chateau_andre_risling_beloe_suhoe_13_cacac269cf.webp,studio_front,cdd9f74e85be4317ccecb6b5f80bba37b1d5e76a60204d46d7d4d565f1595e24,strapi,,none,0
vinodelnya-myshako-risling-beloe-suhoe-123-0001,vinodelnya-myshako-risling-beloe-suhoe-123,vinodelnya_myshako_risling_beloe_suhoe_123_6680d29abd.webp,studio_front,2f0c37a8ce041a644c7c5b7b9f538f5b41110c82ab6e909795e509d6260bdb8d,strapi,,none,0
gunko-winery-risling-beloe-suhoe-135-0001,gunko-winery-risling-beloe-suhoe-135,gunko_winery_risling_beloe_suhoe_135_6242067443.webp,studio_front,350a8666972f1e62923923f40a86e584b4c54161af18b80fd46432d98d32f2e8,strapi,,none,0
villa-sofiya-risling-beloe-suhoe-12-0001,villa-sofiya-risling-beloe-suhoe-12,villa_sofiya_risling_beloe_suhoe_12_2455b065a9.webp,studio_front,104324d7e446d47e0a303b4aefac52efe26f96b879a5b650eeb38b0c2ae11511,strapi,,none,0
dubinin-winery-risling-beloe-suhoe-12-0001,dubinin-winery-risling-beloe-suhoe-12,dubinin_winery_risling_beloe_suhoe_12_7ac8ef3e5f.webp,studio_front,f6748d2149b018fe449a6f04d91579c9bb59b50a2a6438334d861ef43449795b,strapi,,none,0
denisov-winery-risling-beloe-suhoe-115-0001,denisov-winery-risling-beloe-suhoe-115,denisov_winery_risling_beloe_suhoe_115_3963e7c359.webp,studio_front,0d4fa7b1c62500cf5b068e554c77f3c3cf8ef46204354efe77c979e59f23699e,strapi,,none,0
vinodelnya-marko-risling-beloe-suhoe-12-0001,vinodelnya-marko-risling-beloe-suhoe-12,vinodelnya_marko_risling_beloe_suhoe_12_99d6ef8f95.webp,studio_front,277af96f980137e0f06c36ac28e0d03b334b681b11b7e2424d93cda2eef79f2a,strapi,,none,0
rem-akchurin-risling-beloe-suhoe-125-0001,rem-akchurin-risling-beloe-suhoe-125,rem_akchurin_risling_beloe_suhoe_125_e4d4908cd9.webp,studio_front,145cee963a72b3cabfabebe75459b4410378f43a12bfc6024c90095d57967543,strapi,,none,0
v2r-risling-risling-reynskiy-beloe-suhoe-122-0001,v2r-risling-risling-reynskiy-beloe-suhoe-122,v2r_risling_risling_reynskiy_beloe_suhoe_122_01d92911d4.webp,studio_front,57839ac52bbf6749ae60374fdb3bca75dd4de75e23f3e98ff0131efc84f7fefd,strapi,,none,0
belmas-winery-risling-beloe-suhoe-135-0001,belmas-winery-risling-beloe-suhoe-135,belmas_winery_risling_beloe_suhoe_135_50cbb379a8.webp,studio_front,a48c38b07a4ab526bf6c5130cb963b2a196776f02f5f67e9bdcb882990a060a2,strapi,,none,0
loco-cimbali-risling-risling-reynskiy-beloe-suhoe-13-0001,loco-cimbali-risling-risling-reynskiy-beloe-suhoe-13,loco_cimbali_risling_risling_reynskiy_beloe_suhoe_13_18fbb74a2c.webp,studio_front,1299f225ee448325908e107eb26cd4aa56f3885f766e435ba4edf1efa785be55,strapi,,none,0
rem-akchurin-risling-beloe-polusuhoe-12-0001,rem-akchurin-risling-beloe-polusuhoe-12,rem_akchurin_risling_beloe_polusuhoe_12_f5a8d1b1ef.webp,studio_front,eec7405fb308a198897930ba5a45cf2b7817285064371f77039829b593ff3464,strapi,,none,0
abrau-dyurso-risling-beloe-suhoe-13-0001,abrau-dyurso-risling-beloe-suhoe-13,abrau_dyurso_risling_beloe_suhoe_vyderzhannoe_13_3d81416050.webp,studio_front,ace4bab6999ddd07affe873d313072dc529cd555bad15ffbad0bdc5c590be0b8,strapi,,none,0
alma-valley-risling-beloe-polusuhoe-125-0001,alma-valley-risling-beloe-polusuhoe-125,alma_valley_risling_beloe_polusuhoe_125_88fc981d53.webp,studio_front,f675005b46adaf06e0e46b6e05be85642a215884cfb9f2826969f8357bdf93a8,strapi,,none,0
donskoe-vinodelcheskoe-hozyaystvo-elbuzd-risling-beloe-suhoe-12-0001,donskoe-vinodelcheskoe-hozyaystvo-elbuzd-risling-beloe-suhoe-12,donskoe_vinodelcheskoe_hozyaystvo_elbuzd_risling_beloe_suhoe_12_c5359f598b.webp,studio_front,70da6eb9a3dcdbed34568498ba55d5e3a69f4907d230302ce9e32d35ba1fe762,strapi,,none,0
tempelhof-winery-risling-risling-reynskiy-beloe-suhoe-115-0001,tempelhof-winery-risling-risling-reynskiy-beloe-suhoe-115,tempelhof_winery_risling_risling_reynskiy_beloe_suhoe_115_825c5cd60a.webp,studio_front,c1637ad389c713fe83c39d7e6de703bdd3246c7db517b3fcffee814e80bd95d1,strapi,,none,0
villa-sofiya-risling-beloe-suhoe-131-0001,villa-sofiya-risling-beloe-suhoe-131,villa_sofiya_risling_beloe_suhoe_131_ce864e36d8.webp,studio_front,398760a0c059dd2b29a53586821078c9f38d756b60e9cdfccde04c5f67360868,strapi,,none,0
twopeters_risling-0001,twopeters_risling,product_3_5598a285a2.webp,studio_front,f7f8ad386163abe50f424bad8badd96894ca2c72627708615c9e9ca45f6289dc,strapi,,none,0
sober-bash-risling-risling-reynskiy-beloe-suhoe-12-0001,sober-bash-risling-risling-reynskiy-beloe-suhoe-12,sober_bash_risling_risling_reynskiy_beloe_suhoe_12_1781eda577.webp,studio_front,d73f36bec46b0abbdaa6ba862e65bc3ad4e8ae3d4e7908303a61d87366338e4e,strapi,,none,0
vinodelnya-myshako-risling-mode-kabinett-beloe-polusuhoe-126-0001,vinodelnya-myshako-risling-mode-kabinett-beloe-polusuhoe-126,vinodelnya_myshako_risling_mode_kabinett_beloe_polusuhoe_126_13ef87d688.webp,studio_front,f7c8b55706303284f1b3b33fbc634971e8bd72e2df384f87ec72779c0a284b78,strapi,,none,0
vinodelnya-myshako-risling-kyuve-bryut-beloe-126-0001,vinodelnya-myshako-risling-kyuve-bryut-beloe-126,vinodelnya_myshako_risling_kyuve_bryut_igristoe_bryut_beloe_126_bf3f490c36.webp,studio_front,2597b3a17ae4dcf534d14e08a6353dfd4df13ab730a8d8a39a545ab7224e95e7,strapi,,none,0
jd_winery_risling_orange-0001,jd_winery_risling_orange,20260617_070147_Photoroom_2bf16b8d06.webp,studio_front,41e6fae3cae370169910787c8faaebef89011f74ae58f3b1de395a9f8bb15c98,strapi,,none,0
gunko-winery-risling-rezerv-beloe-suhoe-135-0001,gunko-winery-risling-rezerv-beloe-suhoe-135,gunko_winery_risling_rezerv_beloe_suhoe_135_e2e2bb75a2.webp,studio_front,9dc6284ae365e21ff62466b5ce347ae8a9624c07924f5e13f8a5b3f77a52815c,strapi,,none,0
imenie-sikory-risling-sikory-beloe-suhoe-13-0001,imenie-sikory-risling-sikory-beloe-suhoe-13,imenie_sikory_risling_sikory_beloe_suhoe_13_08744b4e75.webp,studio_front,c4f7153e629c5a0eed6e37a63a544fe9a6a23bb06566d03e80199432944363c3,strapi,,none,0
jd_winery_risling-0001,jd_winery_risling,DJ_7074_done_c1541429c5.webp,studio_front,88e1e9dafff9fd32aaa933414dc4696768c1eab983d0527dea1f7c58a04bff71,strapi,,none,0
risling-2024-0001,risling-2024,Risling_2024_068199ad02.webp,studio_front,51416f2e1f5d783202b7f4c1363751e00a5d0bfba971bd8213f42cb07d80f7a7,strapi,,none,0
vinodelnya-myshako-risling-blanc-out-beloe-suhoe-145-0001,vinodelnya-myshako-risling-blanc-out-beloe-suhoe-145,vinodelnya_myshako_risling_blanc_out_beloe_suhoe_145_266fb7c61e.webp,studio_front,0540286d71856ff477ff3bb603294011aa26187eecac101ccc48c18efbaccf21,strapi,,none,0
imenie-sikory-risling-pozdniy-sbor-beloe-sladkoe-13-0001,imenie-sikory-risling-pozdniy-sbor-beloe-sladkoe-13,imenie_sikory_risling_pozdniy_sbor_beloe_sladkoe_13_e60898ab3b.webp,studio_front,0f82dbc18dddbbb44af5813814b11ee9645300f59382081838033d471ff3e4e6,strapi,,none,0
vinodelnya-pokrovskaya-risling-pokrovskoe-risling-reynskiy-beloe-suhoe-13-0001,vinodelnya-pokrovskaya-risling-pokrovskoe-risling-reynskiy-beloe-suhoe-13,vinodelnya_pokrovskaya_risling_pokrovskoe_risling_reynskiy_beloe_suhoe_13_3f7429ad83.webp,studio_front,5af5c02ac781ff59643fbdfbf765876e99635073c23bef2164cab7cd691636c8,strapi,,none,0
imenie-sikory-risling-semeynyy-rezerv-beloe-suhoe-13-0001,imenie-sikory-risling-semeynyy-rezerv-beloe-suhoe-13,imenie_sikory_risling_semeynyy_rezerv_beloe_suhoe_13_3ef1716553.webp,studio_front,5d37ad8c74972ba4154174b285752da8dbde4ceaebb48e986ff5ec832880c78e,strapi,,none,0
imenie-sikory-risling-semeynyy-rezerv-risling-reynskiy-beloe-suhoe-13-0001,imenie-sikory-risling-semeynyy-rezerv-risling-reynskiy-beloe-suhoe-13,imenie_sikory_risling_semeynyy_rezerv_risling_reynskiy_beloe_suhoe_vyderzhannoe_13_045b648555.webp,studio_front,25b45ae5f065e430bfcb86bc3486375b83aad692514395f678889ccfb6010dc8,strapi,,none,0
sober-bash-rkatsiteli-beloe-suhoe-14-0001,sober-bash-rkatsiteli-beloe-suhoe-14,sober_bash_rkatsiteli_beloe_suhoe_14_5c76e13a55.webp,studio_front,9154a9766642afaacba949d61da62dcfdbcd8f50858fa83bdfb49564432d7bee,strapi,,none,0
zmv-koktebel-rkatsiteli-beloe-sladkoe-135-0001,zmv-koktebel-rkatsiteli-beloe-sladkoe-135,zmv_koktebel_rkatsiteli_beloe_likernoe_vyderzhannoe_135_7a0a924213.webp,studio_front,dfa49bf60ca526c709f5b86ee7ae732cd75bf1c579b56d8a29cccd6bdfc6f1bf,strapi,,none,0
esse-rkatsiteli-beloe-suhoe-125-0001,esse-rkatsiteli-beloe-suhoe-125,esse_rkatsiteli_beloe_suhoe_125_4f094ac315.webp,studio_front,9b39f89c18cd0887ee7f817ebcd899e8e7cad4f9c3fc20fc86bc7d2f2e2a829a,strapi,,none,0
loco-cimbali-rkatsiteli-oranzhevoe-suhoe-13-0001,loco-cimbali-rkatsiteli-oranzhevoe-suhoe-13,loco_cimbali_rkatsiteli_oranzhevoe_suhoe_13_ebaa76e9a4.webp,studio_front,c899bbbd4db729c342654b8cba64f464478fc873698f42c08b4226138aee5ca6,strapi,,none,0
belbek-rkatsiteli-beloe-suhoe-13-0001,belbek-rkatsiteli-beloe-suhoe-13,belbek_rkatsiteli_beloe_suhoe_13_72dc1f9029.webp,studio_front,ac84232036cded6349b12114d1635e148f2bb976d91e9c8484119211f736316d,strapi,,none,0
usadba-perovskih-rkatsiteli-beloe-suhoe-13-0001,usadba-perovskih-rkatsiteli-beloe-suhoe-13,usadba_perovskih_rkatsiteli_beloe_suhoe_13_209409e8e2.webp,studio_front,80ca9e10b2da6828c8015ce2397369697873532411b45214ec6524010da34f7c,strapi,,none,0
sober-bash-rkatsiteli-amfora-beloe-suhoe-135-0001,sober-bash-rkatsiteli-amfora-beloe-suhoe-135,sober_bash_rkatsiteli_amfora_beloe_suhoe_135_7ad32c6fab.webp,studio_front,201f2454b26c09e584b8afed85b6e3cc1cd77cd9c4b9fd703cf1194e2d27c5db,strapi,,none,0
belbek-rkatsiteli-barrik-beloe-suhoe-13-0001,belbek-rkatsiteli-barrik-beloe-suhoe-13,belbek_rkatsiteli_barrik_beloe_suhoe_13_42076e5365.webp,studio_front,e3386a9be99fb78f3541ef4693c1879a08872f40738a6bab8ef6ac7ae6b71055,strapi,,none,0
zmv-koktebel-rkatsiteli-desertnoe-beloe-sladkoe-16-0001,zmv-koktebel-rkatsiteli-desertnoe-beloe-sladkoe-16,zmv_koktebel_rkatsiteli_desertnoe_beloe_sladkoe_16_8d34f665f3.webp,studio_front,8bfcbdfc3eda62cabd0b94ff4aabf3c891ee76836b2ba0d459644746b4034b5d,strapi,,none,0
vaynkraft-rkatsiteli-oranzh-oranzhevoe-suhoe-12-0001,vaynkraft-rkatsiteli-oranzh-oranzhevoe-suhoe-12,vaynkraft_rkatsiteli_oranzh_oranzhevoe_suhoe_12_65fe9c2119.webp,studio_front,ae9ffd578805368a5d53aa614e17cbb24eb7562580436f04cc15212032f71713,strapi,,none,0
esse-rkatsiteli-oranzh-beloe-suhoe-12-0001,esse-rkatsiteli-oranzh-beloe-suhoe-12,esse_rkatsiteli_oranzh_beloe_suhoe_12_1c6512e2ab.webp,studio_front,921d6ed5a74fb9f3e779abc76ad023d98c4033f38327134e6bd37b5a73bd35aa,strapi,,none,0
bogovich-wine-vineyard-rkatsiteli-oranzh-beloe-suhoe-125-0001,bogovich-wine-vineyard-rkatsiteli-oranzh-beloe-suhoe-125,bogovich_wine_vineyard_rkatsiteli_oranzh_beloe_suhoe_125_451f042270.webp,studio_front,d2eede526a326006d282fd49a939097ad9dc1021d3aee613adf627c2367d3030,strapi,,none,0
esse-rkatsiteli-syur-li-beloe-suhoe-125-0001,esse-rkatsiteli-syur-li-beloe-suhoe-125,esse_rkatsiteli_syur_li_beloe_suhoe_125_2f0b000796.webp,studio_front,0093d791cf12abb0f2cfd68489c0bf516fd5ecf1d38973ffaf8a6161db684b72,strapi,,none,0
vinodelnya-zhakov-rkatsiteli-eskeyp-krasnoe-suhoe-119-0001,vinodelnya-zhakov-rkatsiteli-eskeyp-krasnoe-suhoe-119,vinodelnya_zhakov_rkatsiteli_eskeyp_krasnoe_suhoe_119_0b92b05d72.webp,studio_front,05626e85ed6f7af07c312ba8561c2441db6b9959f69a4c163e51039124f11395,strapi,,none,0
v2r-roze-kaberne-sovinon-rozovoe-polusuhoe-13-0001,v2r-roze-kaberne-sovinon-rozovoe-polusuhoe-13,v2r_roze_kaberne_sovinon_rozovoe_polusuhoe_13_b9c301f7a6.webp,studio_front,32281dd784b8479d7cf95111a935147ba980a3175550f90ee7c82a80c69a03d2,strapi,,none,0
perovskih_rose-0001,perovskih_rose,Extra_Brut_Rose_b02ec16ad0.webp,studio_front,0d1c261b8425d5df57585e5cc73a389905ac3ce08593c735056f3f85d5be3d9f,strapi,,none,0
esse-roze-kaberne-sovinon-rozovoe-suhoe-135-0001,esse-roze-kaberne-sovinon-rozovoe-suhoe-135,esse_roze_kaberne_sovinon_rozovoe_suhoe_135_f6a387d48c.webp,studio_front,718575a7ac8afa508c3ec58cfed942b9c02442f3124c1d04e5ae29a28d5912c4,strapi,,none,0
roze-0001,roze,roze_0cd69a079f.webp,studio_front,ac892b17a4bf4b83ee897d83b1e5d65d30e8801f867ed9c498c0a80ba6a1cef5,strapi,,none,0
dubinin-winery-roze-kaberne-fran-rozovoe-suhoe-13-0001,dubinin-winery-roze-kaberne-fran-rozovoe-suhoe-13,dubinin_winery_roze_kaberne_fran_rozovoe_suhoe_13_d7bb0abe34.webp,studio_front,90c7933a38bb34e0a805cebb34b7d15d97eef557a367f8d8e69bdf13f4cb2ce5,strapi,,none,0
domaine-lipko-roze-sira-rozovoe-suhoe-135-0001,domaine-lipko-roze-sira-rozovoe-suhoe-135,domaine_lipko_roze_sira_rozovoe_suhoe_135_32069a0e89.webp,studio_front,a5f25582426935beacd2723a37046861c9bd01e92c9ea0b67e137d0eccb2aef8,strapi,,none,0
belbek-roze-sira-rozovoe-suhoe-125-0001,belbek-roze-sira-rozovoe-suhoe-125,belbek_roze_sira_rozovoe_suhoe_125_2131a8be30.webp,studio_front,df4c655f0061c839a1207ec1514cd5a196c19188727ea48631acf6b6564bad59,strapi,,none,0
vinodelnya-uzunov-roze-ekstra-bryut-kaberne-sovinon-rozovoe-127-0001,vinodelnya-uzunov-roze-ekstra-bryut-kaberne-sovinon-rozovoe-127,vinodelnya_uzunov_roze_ekstra_bryut_kaberne_sovinon_igristoe_ekstra_bryut_rozovoe_127_e1e68b12cc.webp,studio_front,3571041bcf74bdfc4cb3e99a08e462b5c01e0686df8d9a5f8885be5e52416ecc,strapi,,none,0
zmv-koktebel-roze-merlo-rozovoe-suhoe-12-0001,zmv-koktebel-roze-merlo-rozovoe-suhoe-12,zmv_koktebel_roze_merlo_rozovoe_suhoe_12_d19cc5e53f.webp,studio_front,953a217a698b422fe79f0a6d546467587f7f2178656dce2ef59e7fc9f5903f8b,strapi,,none,0
vinodelnya-zhakov-rozeo-saperavi-rozovoe-suhoe-115-0001,vinodelnya-zhakov-rozeo-saperavi-rozovoe-suhoe-115,vinodelnya_zhakov_rozeo_saperavi_rozovoe_suhoe_115_6728000363.webp,studio_front,e50db808c0a83e2127ee6d5b28bd46b65a16ef35b7cb4337738ed6c706fcef67,strapi,,none,0
vinodelnya-pokrovskaya-rozovoe-marinovskiy-suhoe-135-0001,vinodelnya-pokrovskaya-rozovoe-marinovskiy-suhoe-135,vinodelnya_pokrovskaya_rozovoe_marinovskiy_rozovoe_suhoe_135_90ac7e81ce.webp,studio_front,12dffa54597973739dafdcd91fda045f04b68861d2518a9d1b367939a4084c72,strapi,,none,0
dva-serdtsa-rozovoe-kaberne-sovinon-suhoe-13-0001,dva-serdtsa-rozovoe-kaberne-sovinon-suhoe-13,dva_serdtsa_rozovoe_kaberne_sovinon_rozovoe_suhoe_13_43d6654ff9.webp,studio_front,da54fcf7e49c409713ab34b104ccf705ead8dd1d1e47ca17cb1ea5dd0247a908,strapi,,none,0
rozovoe-polusladkoe-0001,rozovoe-polusladkoe,Rozovoe_Polusladkoe_44f6f05597.webp,studio_front,12c9de96c2a47b1f1f0865b271b97b005c3f89aa48ed0f7bad9f2f24c33d8df0,strapi,,none,0
novyy-svet-dom-shampanskih-vin-rossiyskoe-shampanskoe-vyderzhannoe-bryut-beloe-novyy-svet-shardone-125-0001,novyy-svet-dom-shampanskih-vin-rossiyskoe-shampanskoe-vyderzhannoe-bryut-beloe-novyy-svet-shardone-125,novyy_svet_dom_shampanskih_vin_rossiyskoe_shampanskoe_vyderzhannoe_bryut_beloe_novyy_svet_shardone_125_360e04943f.webp,studio_front,b1cb4a4f0f26f6ca060c17e16d4fbe833968cd8f711699a528a0f78cd908d0d5,strapi,,none,0
novyy-svet-dom-shampanskih-vin-rossiyskoe-shampanskoe-vyderzhannoe-bryut-rozovoe-novyy-svet-kaberne-kaberne-sovinon-11-0001,novyy-svet-dom-shampanskih-vin-rossiyskoe-shampanskoe-vyderzhannoe-bryut-rozovoe-novyy-svet-kaberne-kaberne-sovinon-11,novyy_svet_dom_shampanskih_vin_rossiyskoe_shampanskoe_vyderzhannoe_bryut_rozovoe_novyy_svet_kaberne_kaberne_sovinon_11_7a22643210.webp,studio_front,c2471951cb41c8ad891532567e7f691800225d278f78f77a2128c193d3549887,strapi,,none,0
novyy-svet-dom-shampanskih-vin-rossiyskoe-shampanskoe-vyderzhannoe-polusladkoe-rozovoe-novyy-svet-shardone-125-0001,novyy-svet-dom-shampanskih-vin-rossiyskoe-shampanskoe-vyderzhannoe-polusladkoe-rozovoe-novyy-svet-shardone-125,novyy_svet_dom_shampanskih_vin_rossiyskoe_shampanskoe_vyderzhannoe_polusladkoe_rozovoe_novyy_svet_shardone_125_a0a982c0c9.webp,studio_front,b320bc1bda0ea2bd4d43d920bc10e26057f9c17570be5bd76dd196bc42969f9b,strapi,,none,0
novyy-svet-dom-shampanskih-vin-rossiyskoe-shampanskoe-vyderzhannoe-ekstra-bryut-beloe-novyy-svet-aligote-13-0001,novyy-svet-dom-shampanskih-vin-rossiyskoe-shampanskoe-vyderzhannoe-ekstra-bryut-beloe-novyy-svet-aligote-13,novyy_svet_dom_shampanskih_vin_rossiyskoe_shampanskoe_vyderzhannoe_ekstra_bryut_beloe_novyy_svet_aligote_13_8866e4a13c.webp,studio_front,b4534c9cf18626ae5f15b71639c06da6918066f27a0fe647baced77a7afa2037,strapi,,none,0
novyy-svet-dom-shampanskih-vin-rossiyskoe-shampanskoe-vyderzhannoe-ekstra-bryut-beloe-novyy-svet-kokur-11-0001,novyy-svet-dom-shampanskih-vin-rossiyskoe-shampanskoe-vyderzhannoe-ekstra-bryut-beloe-novyy-svet-kokur-11,novyy_svet_dom_shampanskih_vin_rossiyskoe_shampanskoe_vyderzhannoe_ekstra_bryut_beloe_novyy_svet_kokur_11_e405aff9a0.webp,studio_front,6587b85d293622909917ae574d53a881d3a96cde8558e20d7f8141bc608660bd,strapi,,none,0
novyy-svet-dom-shampanskih-vin-rossiyskoe-shampanskoe-kollektsionnoe-bryut-beloe-novyy-svet-zolotoy-risling-suhoe-13-0001,novyy-svet-dom-shampanskih-vin-rossiyskoe-shampanskoe-kollektsionnoe-bryut-beloe-novyy-svet-zolotoy-risling-suhoe-13,novyy_svet_dom_shampanskih_vin_rossiyskoe_shampanskoe_kollektsionnoe_bryut_beloe_novyy_svet_zolotoy_risling_suhoe_13_f6818826f9.webp,studio_front,0baac9a892dc8f2a035ad7419b44bac01f13bcb9a535d6c28df347994a201db0,strapi,,none,0
novyy-svet-dom-shampanskih-vin-rossiyskoe-shampanskoe-kollektsionnoe-bryut-beloe-novyy-svet-kyuve-de-prestizh-pino-gri-millezim-rozovoe-125-0001,novyy-svet-dom-shampanskih-vin-rossiyskoe-shampanskoe-kollektsionnoe-bryut-beloe-novyy-svet-kyuve-de-prestizh-pino-gri-millezim-rozovoe-125,novyy_svet_dom_shampanskih_vin_rossiyskoe_shampanskoe_kollektsionnoe_bryut_beloe_novyy_svet_kyuve_de_prestizh_pino_gri_millezim_rozovoe_125_04f220ac39.webp,studio_front,c0b12d980f49db707236613639d0d1abb830bf636fe0f7fdbad30591feefe212,strapi,,none,0
novyy-svet-dom-shampanskih-vin-rossiyskoe-shampanskoe-kollektsionnoe-bryut-beloe-novyy-svet-paradizio-shardone-125-0001,novyy-svet-dom-shampanskih-vin-rossiyskoe-shampanskoe-kollektsionnoe-bryut-beloe-novyy-svet-paradizio-shardone-125,novyy_svet_dom_shampanskih_vin_rossiyskoe_shampanskoe_kollektsionnoe_bryut_beloe_novyy_svet_paradizio_shardone_125_de1ec3a166.webp,studio_front,f24b399a78ba473bb2e638f726508d849cddbca03c7a5ceb238d960c4b89f1c9,strapi,,none,0
novyy-svet-dom-shampanskih-vin-rossiyskoe-shampanskoe-kollektsionnoe-bryut-beloe-novyy-svet-yubileynoe-risling-13-0001,novyy-svet-dom-shampanskih-vin-rossiyskoe-shampanskoe-kollektsionnoe-bryut-beloe-novyy-svet-yubileynoe-risling-13,novyy_svet_dom_shampanskih_vin_rossiyskoe_shampanskoe_kollektsionnoe_bryut_beloe_novyy_svet_yubileynoe_risling_13_fcd393bb9f.webp,studio_front,21a946b942143ba6f9aaa68391d6a92ca5d3151ef4bad225b373efecc0c18745,strapi,,none,0
novyy-svet-dom-shampanskih-vin-rossiyskoe-shampanskoe-kollektsionnoe-bryut-rozovoe-novyy-svet-pino-nuar-135-0001,novyy-svet-dom-shampanskih-vin-rossiyskoe-shampanskoe-kollektsionnoe-bryut-rozovoe-novyy-svet-pino-nuar-135,novyy_svet_dom_shampanskih_vin_rossiyskoe_shampanskoe_kollektsionnoe_bryut_rozovoe_novyy_svet_pino_nuar_135_4227a19509.webp,studio_front,2c6a40ee66a97eef0d6a85a81d4a3192e55368b4106c621ac313401737c92387,strapi,,none,0
novyy-svet-dom-shampanskih-vin-rossiyskoe-shampanskoe-kollektsionnoe-polusuhoe-beloe-novyy-svet-shardone-13-0001,novyy-svet-dom-shampanskih-vin-rossiyskoe-shampanskoe-kollektsionnoe-polusuhoe-beloe-novyy-svet-shardone-13,novyy_svet_dom_shampanskih_vin_rossiyskoe_shampanskoe_kollektsionnoe_polusuhoe_beloe_novyy_svet_shardone_13_564818e214.webp,studio_front,60773b9985a1d7314981442671309644c37163a315a408c49aa9a4c1a1b04f31,strapi,,none,0
novyy-svet-dom-shampanskih-vin-rossiyskoe-shampanskoe-kollektsionnoe-polusuhoe-beloe-novyy-svet-risling-125-0001,novyy-svet-dom-shampanskih-vin-rossiyskoe-shampanskoe-kollektsionnoe-polusuhoe-beloe-novyy-svet-risling-125,novyy_svet_dom_shampanskih_vin_rossiyskoe_shampanskoe_kollektsionnoe_polusuhoe_beloe_novyy_svet_risling_125_7748979b97.webp,studio_front,1f41804fafb24c9e1c7c461827892ac19ef79a6e71567b3443385c918d1b92f6,strapi,,none,0
novyy-svet-dom-shampanskih-vin-rossiyskoe-shampanskoe-kollektsionnoe-ekstra-bryut-beloe-novyy-svet-blan-de-nuar-pino-nuar-13-0001,novyy-svet-dom-shampanskih-vin-rossiyskoe-shampanskoe-kollektsionnoe-ekstra-bryut-beloe-novyy-svet-blan-de-nuar-pino-nuar-13,novyy_svet_dom_shampanskih_vin_rossiyskoe_shampanskoe_kollektsionnoe_ekstra_bryut_beloe_novyy_svet_blan_de_nuar_pino_nuar_13_c8e5d77c41.webp,studio_front,e5e93c6a9bfea97440e29212be26fdef4e08753891bc63645e35fe24c7e350b7,strapi,,none,0
novyy-svet-dom-shampanskih-vin-rossiyskoe-shampanskoe-kollektsionnoe-ekstra-bryut-beloe-novyy-svet-kyuve-de-prestizh-shardone-125-0001,novyy-svet-dom-shampanskih-vin-rossiyskoe-shampanskoe-kollektsionnoe-ekstra-bryut-beloe-novyy-svet-kyuve-de-prestizh-shardone-125,novyy_svet_dom_shampanskih_vin_rossiyskoe_shampanskoe_kollektsionnoe_ekstra_bryut_beloe_novyy_svet_kyuve_de_prestizh_shardone_125_622aabc99e.webp,studio_front,5dff7a9ba1634eaff685a1b1e575f1ad38ac699241113874428e309329dbef3b,strapi,,none,0
novyy-svet-dom-shampanskih-vin-rossiyskoe-shampanskoe-kollektsionnoe-ekstra-bryut-beloe-novyy-svet-kyuve-risling-125-0001,novyy-svet-dom-shampanskih-vin-rossiyskoe-shampanskoe-kollektsionnoe-ekstra-bryut-beloe-novyy-svet-kyuve-risling-125,novyy_svet_dom_shampanskih_vin_rossiyskoe_shampanskoe_kollektsionnoe_ekstra_bryut_beloe_novyy_svet_kyuve_risling_125_1bca593096.webp,studio_front,09e9b8c98e477ef21dece9ff899b9e410862f71d9260d8e2de058d31fc97c8c6,strapi,,none,0
novyy-svet-dom-shampanskih-vin-rossiyskoe-shampanskoe-kollektsionnoe-ekstra-bryut-beloe-novyy-svet-risling-kyuve-de-prestizh-125-0001,novyy-svet-dom-shampanskih-vin-rossiyskoe-shampanskoe-kollektsionnoe-ekstra-bryut-beloe-novyy-svet-risling-kyuve-de-prestizh-125,novyy_svet_dom_shampanskih_vin_rossiyskoe_shampanskoe_kollektsionnoe_ekstra_bryut_beloe_novyy_svet_risling_kyuve_de_prestizh_125_ba5ae8b9d4.webp,studio_front,98484d1ab4d4e0907be131f8f7fd54caf64db664d2beb9755dce7694138763b3,strapi,,none,0
novyy-svet-dom-shampanskih-vin-rossiyskoe-shampanskoe-kollektsionnoe-ekstra-bryut-beloe-novyy-svet-shardone-125-0001,novyy-svet-dom-shampanskih-vin-rossiyskoe-shampanskoe-kollektsionnoe-ekstra-bryut-beloe-novyy-svet-shardone-125,novyy_svet_dom_shampanskih_vin_rossiyskoe_shampanskoe_kollektsionnoe_ekstra_bryut_beloe_novyy_svet_shardone_125_18bd3fb00b.webp,studio_front,e9fb8e7e4997b2f5d7a8f2d95cd143d89a3ef738bb359310fb2867bd449a31fe,strapi,,none,0
sober-bash-rubin-rubin-rubin-azos-krasnoe-suhoe-14-0001,sober-bash-rubin-rubin-rubin-azos-krasnoe-suhoe-14,sober_bash_rubin_rubin_rubin_azos_krasnoe_suhoe_14_e6ce9172ae.webp,studio_front,2af4fb6c71b72a2d190f75b68962f67a1ac9759c99647161b779437ca26d8844,strapi,,none,0
esse-rubinovyy-rubinovyy-magaracha-krasnoe-suhoe-12-0001,esse-rubinovyy-rubinovyy-magaracha-krasnoe-suhoe-12,esse_rubinovyy_rubinovyy_magaracha_krasnoe_suhoe_12_0570a9069b.webp,studio_front,276661aa7aeda04239542aac7a12eb8eace9cd0778f506dd27da5ed6825869e0,strapi,,none,0
chateau-de-talu-ruzh-kaberne-sovinon-krasnoe-suhoe-14-0001,chateau-de-talu-ruzh-kaberne-sovinon-krasnoe-suhoe-14,chateau_de_talu_ruzh_kaberne_sovinon_krasnoe_suhoe_14_4bdd4b0a4f.webp,studio_front,6dd188fa3c2cd989e46fecaeea4b0be19e13ba83eeb84ed33152635d73bed270,strapi,,none,0
zmv-koktebel-ruzh-rubinovyy-magaracha-krasnoe-suhoe-135-0001,zmv-koktebel-ruzh-rubinovyy-magaracha-krasnoe-suhoe-135,zmv_koktebel_ruzh_rubinovyy_magaracha_krasnoe_suhoe_135_2dfb2547d6.webp,studio_front,c77bb19b0d909e3c20b374da1bfc8652d1850ca4861ca7eddbd99c9101396325,strapi,,none,0
abrau-dyurso-russkoe-igristoe-koshernoe-bryut-shardone-beloe-13-0001,abrau-dyurso-russkoe-igristoe-koshernoe-bryut-shardone-beloe-13,abrau_dyurso_russkoe_igristoe_koshernoe_bryut_shardone_beloe_13_8b9ee7f9fe.webp,studio_front,08e1a8507ae91074fb44bb577906bda8065547609e826ff801828448ba99fc26,strapi,,none,0
abrau-dyurso-russkoe-igristoe-koshernoe-polusladkoe-shardone-beloe-12-0001,abrau-dyurso-russkoe-igristoe-koshernoe-polusladkoe-shardone-beloe-12,abrau_dyurso_russkoe_igristoe_koshernoe_polusladkoe_shardone_beloe_12_cce09fd580.webp,studio_front,613aa9583ec026f8c9f0dd8b757cfc0076f2fc9d8198c281f16156f47af3f95b,strapi,,none,0
abrau-dyurso-russkoe-igristoe-polusladkoe-shardone-beloe-12-0001,abrau-dyurso-russkoe-igristoe-polusladkoe-shardone-beloe-12,abrau_dyurso_russkoe_igristoe_polusladkoe_shardone_beloe_12_a8752d67f6.webp,studio_front,67cce271bb68e8ae36bc088a7ce6ea80c8fdd89b1c1223b06cf075cfe1a86823,strapi,,none,0
abrau-dyurso-russkoe-igristoe-polusladkoe-krasnoe-kaberne-sovinon-12-0001,abrau-dyurso-russkoe-igristoe-polusladkoe-krasnoe-kaberne-sovinon-12,abrau_dyurso_russkoe_igristoe_polusladkoe_krasnoe_kaberne_sovinon_12_d7c8d1c042.webp,studio_front,16c86f3546ce9f0579088f7a4c14e25226745a2c8cff22d694c6d2965ee18640,strapi,,none,0
abrau-dyurso-russkoe-igristoe-polusuhoe-shardone-beloe-12-0001,abrau-dyurso-russkoe-igristoe-polusuhoe-shardone-beloe-12,abrau_dyurso_russkoe_igristoe_polusuhoe_shardone_beloe_12_1dd99a0a33.webp,studio_front,7078455719104de296b829a18d0f7ad8b8a168580ebaade3cff08918ee5012bc,strapi,,none,0
abrau-dyurso-russkoe-igristoe-polusuhoe-rozovoe-pino-nuar-12-0001,abrau-dyurso-russkoe-igristoe-polusuhoe-rozovoe-pino-nuar-12,abrau_dyurso_russkoe_igristoe_polusuhoe_rozovoe_pino_nuar_12_dafb6d988e.webp,studio_front,2c675aa5fb15dd8f300f19a6c599491ec94b985d77dcb68bedfd4a6bd0cd9824,strapi,,none,0
vinodelnya-pokrovskaya-ryzhest-rkatsiteli-beloe-suhoe-11-0001,vinodelnya-pokrovskaya-ryzhest-rkatsiteli-beloe-suhoe-11,vinodelnya_pokrovskaya_ryzhest_rkatsiteli_beloe_suhoe_11_4e400e23f8.webp,studio_front,cc73dfb457c75352a6296c164447fe58fd801c0a4415de319e485d1ff207a92b,strapi,,none,0
ferrum-winery-sabernet-sauvignon-kaberne-sovinon-krasnoe-suhoe-14-0001,ferrum-winery-sabernet-sauvignon-kaberne-sovinon-krasnoe-suhoe-14,ferrum_winery_sabernet_sauvignon_kaberne_sovinon_krasnoe_suhoe_14_462b926187.webp,studio_front,8c63cbb5fdf147fd6f669f79fe0a24c2da4e4a5f8dd265f4dd6be96714422eb5,strapi,,none,0
ferrum-winery-sabernet-sauvignon-cabernet-franc-kaberne-sovinon-krasnoe-suhoe-12-0001,ferrum-winery-sabernet-sauvignon-cabernet-franc-kaberne-sovinon-krasnoe-suhoe-12,ferrum_winery_sabernet_sauvignon_cabernet_franc_kaberne_sovinon_krasnoe_suhoe_12_89900c9039.webp,studio_front,4da13385cb1bc965b9deee8a3d210881a1c8167a723a527c61ec217367862153,strapi,,none,0
belbek-sandzhoveze-krasnoe-suhoe-14-0001,belbek-sandzhoveze-krasnoe-suhoe-14,belbek_sandzhoveze_krasnoe_suhoe_14_a0ba68a6c3.webp,studio_front,759dbcc57a41bbd84dfb7347933dc2d511efc90cc93b19a2b6eb3122626482e5,strapi,,none,0
valeriy-zaharin-sandzhoveze-burlyuk-krasnoe-suhoe-13-0001,valeriy-zaharin-sandzhoveze-burlyuk-krasnoe-suhoe-13,valeriy_zaharin_sandzhoveze_burlyuk_krasnoe_suhoe_13_b9ac510815.webp,studio_front,d0004a317481986aab1274d4dad0960b42129e479a02ba610f990784d6b0c749,strapi,,none,0
belbek-saperavi-krasnoe-suhoe-137-0001,belbek-saperavi-krasnoe-suhoe-137,belbek_saperavi_krasnoe_suhoe_137_469b436cb9.webp,studio_front,7167aae8cd2ce850c09113da4af2061e8d899e9551d4740591e2dfc8f48c7793,strapi,,none,0
vinodelnya-zhakov-saperavi-krasnoe-suhoe-126-0001,vinodelnya-zhakov-saperavi-krasnoe-suhoe-126,vinodelnya_zhakov_saperavi_krasnoe_suhoe_126_0231863a40.webp,studio_front,9d47aca6d8c48071bf20bb110820d6309e0214f7922720527bf1cc0a96cec6e0,strapi,,none,0
dva-serdtsa-saperavi-krasnoe-suhoe-135-0001,dva-serdtsa-saperavi-krasnoe-suhoe-135,dva_serdtsa_saperavi_krasnoe_suhoe_135_58815e0ac2.webp,studio_front,f0228a4831dd1616562fb319880860db2d47aa29110926778774bc46e6f92bde,strapi,,none,0
esse-saperavi-krasnoe-suhoe-13-0001,esse-saperavi-krasnoe-suhoe-13,esse_saperavi_krasnoe_suhoe_13_52697406ad.webp,studio_front,04cc9b101902cce0bf235c4fa1538c35b424a4f0c2b9cc10b671735ce0718b19,strapi,,none,0
sober-bash-saperavi-krasnoe-suhoe-13-0001,sober-bash-saperavi-krasnoe-suhoe-13,sober_bash_saperavi_krasnoe_suhoe_13_07a0953b2b.webp,studio_front,79a6f038f3aff4d2628082eeea6e0cd5d32e9cfc837d3cdb00aadbf0a8d20178,strapi,,none,0
valeriy-zaharin-saperavi-kaberne-sovinon-bakkal-su-krasnoe-suhoe-12-0001,valeriy-zaharin-saperavi-kaberne-sovinon-bakkal-su-krasnoe-suhoe-12,valeriy_zaharin_saperavi_kaberne_sovinon_bakkal_su_krasnoe_suhoe_12_27f454f43f.webp,studio_front,3535ea1e89fe49df877bd973f3479f670ac129f866e4516d0fe14d594b4cc71c,strapi,,none,0
oxana-istratova-wine-saperavi-2023-krasnoe-suhoe-13-0001,oxana-istratova-wine-saperavi-2023-krasnoe-suhoe-13,oxana_istratova_wine_saperavi_2023_krasnoe_suhoe_13_9e21363ec3.webp,studio_front,79ae436cecdb5042775c4738aa974d2215899f4f613e4c76a6df9c51e58052bb,strapi,,none,0
vinodelnya-zhakov-saperavi-escape-krasnoe-suhoe-127-0001,vinodelnya-zhakov-saperavi-escape-krasnoe-suhoe-127,vinodelnya_zhakov_saperavi_escape_krasnoe_suhoe_127_49559b52aa.webp,studio_front,0d049dcdf42ca675a24902bfe20b0316b4bdf1db59158d92083271d6e24a5c48,strapi,,none,0
gunko-winery-saperavi-gunko-winery-krasnoe-suhoe-135-0001,gunko-winery-saperavi-gunko-winery-krasnoe-suhoe-135,gunko_winery_saperavi_gunko_winery_krasnoe_suhoe_135_530300631c.webp,studio_front,396cd0f5b2243c8233cdbaab47c91ef6494a91eecedf4e7d6e1bf72e916d87ab,strapi,,none,0
esse-saperavi-heaven-krasnoe-suhoe-13-0001,esse-saperavi-heaven-krasnoe-suhoe-13,esse_saperavi_heaven_krasnoe_suhoe_13_759445e79f.webp,studio_front,263c05e83a15b7db6c2213a7613b933d3b95beb670c9e74852171e01c965e9f4,strapi,,none,0
sober-bash-saperavi-amfora-krasnoe-suhoe-14-0001,sober-bash-saperavi-amfora-krasnoe-suhoe-14,sober_bash_saperavi_amfora_krasnoe_suhoe_14_dcfa6b09f6.webp,studio_front,d799f725727501ea50e1a6683e1839fc7e844f45f10858c615c461ef1091c299,strapi,,none,0
vinodelnya-zhakov-saperavi-vyderzhannoe-krasnoe-suhoe-115-0001,vinodelnya-zhakov-saperavi-vyderzhannoe-krasnoe-suhoe-115,vinodelnya_zhakov_saperavi_vyderzhannoe_krasnoe_suhoe_115_f5a569eab1.webp,studio_front,0d785d354b5156c484ee0b296585cd7728d898b89613113684630d37ba3a5398,strapi,,none,0
belbek-saperavi-rezerv-krasnoe-suhoe-14-0001,belbek-saperavi-rezerv-krasnoe-suhoe-14,belbek_saperavi_rezerv_krasnoe_suhoe_14_c9a3cc2e46.webp,studio_front,2f7e3b4baba13e331dc31898e63883a7b64a349014eb13fd1d5c4a0322194b01,strapi,,none,0
dubinin-winery-saperavi-fresh-krasnoe-suhoe-135-0001,dubinin-winery-saperavi-fresh-krasnoe-suhoe-135,dubinin_winery_saperavi_fresh_krasnoe_suhoe_135_ed1dd0f8f4.webp,studio_front,eeb33fd4bf287c7d86ac6b8ff53409177b103e2e6fbbb27c436b5739fb211c69,strapi,,none,0
valeriy-zaharin-sary-pandas-valeriy-zaharin-beloe-suhoe-125-0001,valeriy-zaharin-sary-pandas-valeriy-zaharin-beloe-suhoe-125,valeriy_zaharin_sary_pandas_valeriy_zaharin_beloe_suhoe_125_5e1d79e615.webp,studio_front,c5cc0d3b120d1bb0bcf366d95285100de36742f1ba1962bc17a8d57ea901646b,strapi,,none,0
satera-satera-esse-krasnyy-blend-15-kaberne-sovinon-krasnoe-suhoe-13-0001,satera-satera-esse-krasnyy-blend-15-kaberne-sovinon-krasnoe-suhoe-13,satera_satera_esse_krasnyy_blend_15_kaberne_sovinon_krasnoe_suhoe_13_b43fbe47fd.webp,studio_front,e202ba544188253c2b28e0df33291e29c646154464cb1d1b2490b44161a9580b,strapi,,none,0
imenie-sikory-semeynoe-nasledie-kaberne-sovinon-krasnoe-suhoe-14-0001,imenie-sikory-semeynoe-nasledie-kaberne-sovinon-krasnoe-suhoe-14,imenie_sikory_semeynoe_nasledie_kaberne_sovinon_krasnoe_suhoe_vyderzhannoe_14_acacce2336.webp,studio_front,43a623654003d2b18f767284b84f52c37b05384147060b265a4cd2690db3c831,strapi,,none,0
alma-valley-semilon-beloe-suhoe-135-0001,alma-valley-semilon-beloe-suhoe-135,alma_valley_semilon_beloe_suhoe_135_12953499e0.webp,studio_front,3b282bbde17b2e249e81639e509915d64662d665a33da2235664b2e5f68f8aa5,strapi,,none,0
vinodelnya-myshako-semilon-aligote-reserve-beloe-suhoe-126-0001,vinodelnya-myshako-semilon-aligote-reserve-beloe-suhoe-126,vinodelnya_myshako_semilon_aligote_reserve_beloe_suhoe_126_f332895d20.webp,studio_front,fd4a9aa624a05b34f4e410426fa8657e6c6bd1aada3d572195d4721ed48066ec,strapi,,none,0
belbek-semilon-rezerv-beloe-suhoe-127-0001,belbek-semilon-rezerv-beloe-suhoe-127,belbek_semilon_rezerv_beloe_suhoe_127_64909a173d.webp,studio_front,f5481cfc2717fa05793a5a0637139621237ee2e716cb0ee49d6cbbf4e65b45be,strapi,,none,0
domaine-de-la-vivandiere-senso-roze-rozovoe-suhoe-126-0001,domaine-de-la-vivandiere-senso-roze-rozovoe-suhoe-126,domaine_de_la_vivandiere_senso_roze_rozovoe_suhoe_126_1beb87273d.webp,studio_front,860393410a6725d9e25070c631150bb46031880cddd4d7276155688daac82e94,strapi,,none,0
domaine-de-la-vivandiere-sibirkovyy-sur-lies-beloe-suhoe-121-0001,domaine-de-la-vivandiere-sibirkovyy-sur-lies-beloe-suhoe-121,domaine_de_la_vivandiere_sibirkovyy_sur_lies_beloe_suhoe_121_536caa1f6a.webp,studio_front,dffa28bcbda64078611f16954317cdc72a1f97d7087516996082a0f7aa1587c8,strapi,,none,0
vinodelnya-vedernikov-sibirkovyy-ekstra-bryut-beloe-117-0001,vinodelnya-vedernikov-sibirkovyy-ekstra-bryut-beloe-117,vinodelnya_vedernikov_sibirkovyy_ekstra_bryut_beloe_117_5f7d82bd4f.webp,studio_front,897fff64e784f53215dd6d17799e4996b3b92a1af5500d740a98f96d8db7018a,strapi,,none,0
vinodelnya-vedernikov-sibirkovyy-aligote-beloe-bryut-117-0001,vinodelnya-vedernikov-sibirkovyy-aligote-beloe-bryut-117,vinodelnya_vedernikov_sibirkovyy_aligote_beloe_bryut_117_e6cc15c360.webp,studio_front,7489f6b19624884b9f2c4e5d779049b128e60b863bbec4ecb011e7c5657b08b3,strapi,,none,0
viktor-stashko-sira-krasnoe-suhoe-14-0001,viktor-stashko-sira-krasnoe-suhoe-14,viktor_stashko_sira_krasnoe_suhoe_14_65be06bbd0.webp,studio_front,72fc3c1ae5e48984b3fd8592ae219dc2e6ff363b3b6b882d5da52cc71b5efb59,strapi,,none,0
bakla-vines-sira-krasnoe-suhoe-135-0001,bakla-vines-sira-krasnoe-suhoe-135,bakla_vines_sira_krasnoe_suhoe_135_1d09e35f1b.webp,studio_front,f3425950366905fea40c16f87a782edabb753dcd6a9390acbadeb48019d8741f,strapi,,none,0
sira-0001,sira,sira_c4aea6abdf.webp,studio_front,532afbab5b4ec41f78b6444cb63160718754e57393a6ab1182deadbe8b770384,strapi,,none,0
chateau-cachalot-sira-krasnoe-suhoe-12-0001,chateau-cachalot-sira-krasnoe-suhoe-12,chateau_cachalot_sira_krasnoe_suhoe_12_dce15be016.webp,studio_front,93885d7c3cc81723eb88dc261557c91f7249c02a849c2008138a4f8b8b3c9848,strapi,,none,0
gavras-sira-krasnoe-suhoe-135-0001,gavras-sira-krasnoe-suhoe-135,gavras_sira_krasnoe_suhoe_135_2d49e01dbe.webp,studio_front,48566700b31e1a3443c3daff003b161fa1d4a34c211949f0967b7e869b93e3cb,strapi,,none,0
vinodelnya-myshako-sira-marselan-kyuve-krasnoe-suhoe-136-0001,vinodelnya-myshako-sira-marselan-kyuve-krasnoe-suhoe-136,vinodelnya_myshako_sira_marselan_kyuve_krasnoe_suhoe_136_3d66d5fcee.webp,studio_front,2190cb496a2c293604e79eebf20e5dd25724f860d5ec5d3a96a702fceb17645e,strapi,,none,0
belbek-sira-rezerv-krasnoe-suhoe-132-0001,belbek-sira-rezerv-krasnoe-suhoe-132,belbek_sira_rezerv_krasnoe_suhoe_132_ad3192b478.webp,studio_front,4882b520b8fb7a889a7a9d86afaf1040a6444f7576bc64a94318cf208efedfa9,strapi,,none,0
mantra-estate-sira-roze-rozovoe-suhoe-12-0001,mantra-estate-sira-roze-rozovoe-suhoe-12,mantra_estate_sira_roze_rozovoe_suhoe_12_21663d62d5.webp,studio_front,2b3712b00f5b8907db01489a8f258611694e831b2dfa510e22f9264ef74544c2,strapi,,none,0
skalistyy-bereg-skalistyy-bereg-kaberne-sovinon-krasnoe-suhoe-15-0001,skalistyy-bereg-skalistyy-bereg-kaberne-sovinon-krasnoe-suhoe-15,skalistyy_bereg_skalistyy_bereg_kaberne_sovinon_krasnoe_suhoe_15_cea238d7d4.webp,studio_front,af2022d02dd9a269f3600a61f554279ea428f9ace8c7c7eee006aa3574d5463f,strapi,,none,0
skalistyy-bereg-skalistyy-bereg-kaberne-fran-krasnoe-suhoe-15-0001,skalistyy-bereg-skalistyy-bereg-kaberne-fran-krasnoe-suhoe-15,skalistyy_bereg_skalistyy_bereg_kaberne_fran_krasnoe_suhoe_15_c77f61a917.webp,studio_front,6830d773236b8311bf1b89a7a8c06fc348b89b6cd9bb9b464041018264bb8a4a,strapi,,none,0
skalistyy-bereg-skalistyy-bereg-krasnaya-kniga-glava-1-kaberne-sovinon-krasnoe-suhoe-147-0001,skalistyy-bereg-skalistyy-bereg-krasnaya-kniga-glava-1-kaberne-sovinon-krasnoe-suhoe-147,skalistyy_bereg_skalistyy_bereg_krasnaya_kniga_glava_1_kaberne_sovinon_krasnoe_suhoe_147_39262cfce3.webp,studio_front,dd5123e7229af8497b9ee5a177e8227fee49fd4a5a7bf2d24a803b69e2fd14a6,strapi,,none,0
skalistyy-bereg-skalistyy-bereg-krasnaya-kniga-glava-2-merlo-krasnoe-suhoe-15-0001,skalistyy-bereg-skalistyy-bereg-krasnaya-kniga-glava-2-merlo-krasnoe-suhoe-15,skalistyy_bereg_skalistyy_bereg_krasnaya_kniga_glava_2_merlo_krasnoe_suhoe_15_02f408f3ee.webp,studio_front,08fd939dac3792652b2abeb196769f75939deaea18a8627f92b50a032f554d85,strapi,,none,0
skalistyy-bereg-skalistyy-bereg-krasnostop-zolotovskiy-krasnoe-suhoe-133-0001,skalistyy-bereg-skalistyy-bereg-krasnostop-zolotovskiy-krasnoe-suhoe-133,skalistyy_bereg_skalistyy_bereg_krasnostop_zolotovskiy_krasnoe_suhoe_133_b9963f6e31.webp,studio_front,daa9e8d289ad969dbcd0aa161af99c5387996f0a3a1746be127d3f68344f65e4,strapi,,none,0
skalistyy-bereg-skalistyy-bereg-pino-nuar-krasnoe-suhoe-13-0001,skalistyy-bereg-skalistyy-bereg-pino-nuar-krasnoe-suhoe-13,skalistyy_bereg_skalistyy_bereg_pino_nuar_krasnoe_suhoe_13_de628e1d94.webp,studio_front,dd03764dca0d0498ba7a38a79546d39d62769016902d0caf7814a68a592f8d35,strapi,,none,0
skalistyy-bereg-skalistyy-bereg-risling-beloe-suhoe-113-0001,skalistyy-bereg-skalistyy-bereg-risling-beloe-suhoe-113,skalistyy_bereg_skalistyy_bereg_risling_beloe_suhoe_113_ced8bab54b.webp,studio_front,23cdf79c7fde1f626a33916d27f0b606a5c6bb3c40f074acbf1f9922751c9eea,strapi,,none,0
skalistyy-bereg-skalistyy-bereg-sovinon-blan-beloe-suhoe-12-0001,skalistyy-bereg-skalistyy-bereg-sovinon-blan-beloe-suhoe-12,skalistyy_bereg_skalistyy_bereg_sovinon_blan_beloe_suhoe_12_1f7736e007.webp,studio_front,4fa2439b55d186e02f8c81c5206ed00a6667008acda6ee99b63336625bb350ae,strapi,,none,0
skalistyy-bereg-skalistyy-bereg-shardone-beloe-suhoe-135-0001,skalistyy-bereg-skalistyy-bereg-shardone-beloe-suhoe-135,skalistyy_bereg_skalistyy_bereg_shardone_beloe_suhoe_135_bd7a802212.webp,studio_front,ba25d8aea0e97ab0634d04f82f7679ebc92b377321753e2a1761b2a40d3ccc25,strapi,,none,0
shato-ay-danil-skarlatto-da-sole-saperavi-krasnoe-polusladkoe-13-0001,shato-ay-danil-skarlatto-da-sole-saperavi-krasnoe-polusladkoe-13,shato_ay_danil_skarlatto_da_sole_saperavi_krasnoe_polusladkoe_13_78a066b92d.webp,studio_front,17ebb8f1e1e32639228a4b0a65d4688518ab7260a01d617906543950703cf845,strapi,,none,0
skalistyy-bereg-skb-blan-de-nuar-pino-nuar-beloe-ekstra-bryut-118-0001,skalistyy-bereg-skb-blan-de-nuar-pino-nuar-beloe-ekstra-bryut-118,skalistyy_bereg_skb_blan_de_nuar_pino_nuar_beloe_ekstra_bryut_118_7f63c74351.webp,studio_front,c353e51213b92cb6425cc97f58341f3852db14808cf81a82c5d1b168399b7399,strapi,,none,0
skalistyy-bereg-skb-roze-pino-nuar-beloe-ekstra-bryut-122-0001,skalistyy-bereg-skb-roze-pino-nuar-beloe-ekstra-bryut-122,skalistyy_bereg_skb_roze_pino_nuar_beloe_ekstra_bryut_122_aa1fe454b7.webp,studio_front,b6ea9de65211aa18bf098740ab767383e385cae16f7f28824bf8efa34f4c87c7,strapi,,none,0
twopeters_sauvignon-0001,twopeters_sauvignon,product_4_ceb84c1474.webp,studio_front,88f3a3899801a558eec9576b4ea8ccc859da8a8294c04cf0af94538b5f31f7cc,strapi,,none,0
vinodelnya-uzunov-sovinon-blan-beloe-suhoe-125-0001,vinodelnya-uzunov-sovinon-blan-beloe-suhoe-125,vinodelnya_uzunov_sovinon_blan_beloe_suhoe_125_9fd4593469.webp,studio_front,269bcdcbc417164d8115da17cbda4859039bfa1e299d8ba21d407a30cb2c1385,strapi,,none,0
golubitskoe-estate-sovinon-blan-beloe-suhoe-11-0001,golubitskoe-estate-sovinon-blan-beloe-suhoe-11,golubitskoe_estate_sovinon_blan_beloe_suhoe_11_7236a859ce.webp,studio_front,6a7b58c63afae7a581666a71a81eea36f12d0b59f84b9430ad230f7e59974cf8,strapi,,none,0
alma-valley-sovinon-blan-beloe-suhoe-14-0001,alma-valley-sovinon-blan-beloe-suhoe-14,alma_valley_sovinon_blan_beloe_suhoe_14_a30a0144ff.webp,studio_front,0a93ef2d18b2d56ab15aec0860d51a73c79c309f4953c1d0306796ec0282b0bb,strapi,,none,0
belbek-sovinon-blan-beloe-suhoe-12-0001,belbek-sovinon-blan-beloe-suhoe-12,belbek_sovinon_blan_beloe_suhoe_12_f6ebdcced9.webp,studio_front,03577b6104b0a97abe9986f15fe3bda9b24c44352b69fb39028f36da4e7d7ce1,strapi,,none,0
chateau-andre-sovinon-blan-beloe-suhoe-13-0001,chateau-andre-sovinon-blan-beloe-suhoe-13,chateau_andre_sovinon_blan_beloe_suhoe_13_fb031c925c.webp,studio_front,fd9db763a9e54681e4ec3550b797131c197168e41f902bc6e419c4eea9b31282,strapi,,none,0
villa-sofiya-sovinon-blan-beloe-suhoe-14-0001,villa-sofiya-sovinon-blan-beloe-suhoe-14,villa_sofiya_sovinon_blan_beloe_suhoe_14_bbafb2e342.webp,studio_front,27e5274923d45d43d49dd1dfd0414ce27c2712adc878a4c38a08252390500178,strapi,,none,0
esse-sovinon-blan-beloe-suhoe-12-0001,esse-sovinon-blan-beloe-suhoe-12,esse_sovinon_blan_beloe_suhoe_12_399b808abd.webp,studio_front,146ba43d1f10c0ea98ab7c6ae422aa3423060620c32185f443ddd6ae5a7249a9,strapi,,none,0
denisov-winery-sovinon-blan-beloe-suhoe-115-0001,denisov-winery-sovinon-blan-beloe-suhoe-115,denisov_winery_sovinon_blan_beloe_suhoe_115_7ed31606ab.webp,studio_front,9b4ffe6f99731ce833b7dfa750df06b22f68d2c77cb3d97654dfc5f487c216e2,strapi,,none,0
mantra-estate-sauvignon-blanc-sovinon-blan-beloe-suhoe-133-0001,mantra-estate-sauvignon-blanc-sovinon-blan-beloe-suhoe-133,mantra_estate_sauvignon_blanc_sovinon_blan_beloe_suhoe_133_6e18218bcb.webp,studio_front,62e6d5aa57e764c80b293bd5bbe6a317c1b5b33b7f66d620c180fd8c1d1e638e,strapi,,none,0
v2r-sovinon-blan-beloe-suhoe-13-0001,v2r-sovinon-blan-beloe-suhoe-13,v2r_sovinon_blan_beloe_suhoe_13_89a35badfd.webp,studio_front,66f761e675d9028baac3bd79e5267f3b8bf1f1392848660485d3f4817c83cfa6,strapi,,none,0
villa-sofiya-sovinon-blan-beloe-suhoe-123-0001,villa-sofiya-sovinon-blan-beloe-suhoe-123,villa_sofiya_sovinon_blan_beloe_suhoe_123_1e42c3ad84.webp,studio_front,414c2f3f1c1b1b42abbed4e511f399aed45dfc24fcee8d69b88229f93237826b,strapi,,none,0
levokumskoe-sovinon-blan-beloe-suhoe-10-0001,levokumskoe-sovinon-blan-beloe-suhoe-10,levokumskoe_sovinon_blan_beloe_suhoe_10_e7db3ad179.webp,studio_front,b01c1f7f931450f69c6929f756561d52d75d6084e0edef524091f0d3397e422f,strapi,,none,0
dubinin-winery-sovinon-blan-beloe-suhoe-12-0001,dubinin-winery-sovinon-blan-beloe-suhoe-12,dubinin_winery_sovinon_blan_beloe_suhoe_12_18c78bf838.webp,studio_front,7b1425ba26addf76939a54227681162fdf5b40c3d6b5fdbb0218eb818ec985e2,strapi,,none,0
donskoe-vinodelcheskoe-hozyaystvo-elbuzd-sovinon-blan-beloe-suhoe-12-0001,donskoe-vinodelcheskoe-hozyaystvo-elbuzd-sovinon-blan-beloe-suhoe-12,donskoe_vinodelcheskoe_hozyaystvo_elbuzd_sovinon_blan_beloe_suhoe_12_1e0d005870.webp,studio_front,274d69bea7c1445599f6d596e171ed942562152a35cdcf5551c4d31b14786b62,strapi,,none,0
vaynkraft-sovinon-blan-beloe-suhoe-13-0001,vaynkraft-sovinon-blan-beloe-suhoe-13,vaynkraft_sovinon_blan_beloe_suhoe_13_869a6fba08.webp,studio_front,eb75f85370efbcf018635dd80457cc6779f219b156ffaf3e3662df9feb3a40a9,strapi,,none,0
domaine-lipko-sovinon-blan-beloe-suhoe-118-0001,domaine-lipko-sovinon-blan-beloe-suhoe-118,domaine_lipko_sovinon_blan_beloe_suhoe_118_239115924a.webp,studio_front,09563b2eb87e71225237b77a076d06aca0b9d5529a11f9528c05b554f2ee9c0f,strapi,,none,0
vinodelnya-myshako-sovinon-blan-beloe-suhoe-122-0001,vinodelnya-myshako-sovinon-blan-beloe-suhoe-122,vinodelnya_myshako_sovinon_blan_beloe_suhoe_122_6cfa0eec2c.webp,studio_front,82a40fdee1f933059f240bcbbfad30b9a9911cb94beeea043b2856c79cc519fb,strapi,,none,0
shato-pino-sovinon-blan-semilon-beloe-suhoe-115-0001,shato-pino-sovinon-blan-semilon-beloe-suhoe-115,shato_pino_sovinon_blan_semilon_beloe_suhoe_115_907eca8d40.webp,studio_front,c291b56b63f42e1e3d100ffe6ca7a737d5e89886d5d123ca2477d0faf6a17c16,strapi,,none,0
vinodelnya-myshako-sovinon-blan-vione-kyuve-beloe-suhoe-125-0001,vinodelnya-myshako-sovinon-blan-vione-kyuve-beloe-suhoe-125,vinodelnya_myshako_sovinon_blan_vione_kyuve_beloe_suhoe_125_f4446c2fcb.webp,studio_front,07a74ef3ed6bfeb871464e7d123b4df605153892f032c81af06c4fc7dd45f667,strapi,,none,0
ferrum-winery-sovinon-blan-blush-beloe-suhoe-104-0001,ferrum-winery-sovinon-blan-blush-beloe-suhoe-104,ferrum_winery_sovinon_blan_blush_beloe_suhoe_104_f62ecc27db.webp,studio_front,2290e9c1d19d0ab619c8eb486ecbfbae762fc072738eab3cec722a7113ffdc7b,strapi,,none,0
gunko-winery-sovinon-blan-gunko-winery-beloe-suhoe-135-0001,gunko-winery-sovinon-blan-gunko-winery-beloe-suhoe-135,gunko_winery_sovinon_blan_gunko_winery_beloe_suhoe_135_018fec8f4b.webp,studio_front,1052fee4ed6c43fba067c4939f763880ffa41eb70855c72ae60fd4bccab5fc16,strapi,,none,0
vinodelnya-myshako-sovinon-blan-mode-cold-style-beloe-suhoe-122-0001,vinodelnya-myshako-sovinon-blan-mode-cold-style-beloe-suhoe-122,vinodelnya_myshako_sovinon_blan_mode_cold_style_beloe_suhoe_122_dedad7f0ba.webp,studio_front,988dd5650e4f0101156f630709b526d5d0281f22a049dcd7abb40a535aa7491a,strapi,,none,0
vinodelnya-myshako-sovinon-blan-mode-petnat-beloe-bryut-12-0001,vinodelnya-myshako-sovinon-blan-mode-petnat-beloe-bryut-12,vinodelnya_myshako_sovinon_blan_mode_petnat_petnat_bryut_belyy_12_80b3ff02e8.webp,studio_front,7be140a17bec8d6956efbcbab901105b961e84d7a27f2387b3182ee647cb23cd,strapi,,none,0
vinodelnya-myshako-sovinon-blan-kyuve-beloe-suhoe-134-0001,vinodelnya-myshako-sovinon-blan-kyuve-beloe-suhoe-134,vinodelnya_myshako_sovinon_blan_kyuve_beloe_suhoe_134_2227c5fdb9.webp,studio_front,df74dc787e7b5126ce94c61184a39389dcf4a962c7527539d142686fced19217,strapi,,none,0
alma-valley-sovinon-blan-rezerv-beloe-suhoe-14-0001,alma-valley-sovinon-blan-rezerv-beloe-suhoe-14,alma_valley_sovinon_blan_rezerv_beloe_suhoe_14_67049e90d5.webp,studio_front,5f76c5a5c325970b8cac337d642e33f63ecabb6d4642ddbf905ab64b0d37d58a,strapi,,none,0
uppa-winery-sovinon-blan-rezerva-beloe-suhoe-12-0001,uppa-winery-sovinon-blan-rezerva-beloe-suhoe-12,uppa_winery_sovinon_blan_rezerva_beloe_suhoe_12_76ba88a2a6.webp,studio_front,94be9220cd0d30edf66d7d19395c1a9670b82d0b1f99dfe258f57ed4d5e944e5,strapi,,none,0
imenie-sikory-sovinon-blan-sikory-beloe-suhoe-13-0001,imenie-sikory-sovinon-blan-sikory-beloe-suhoe-13,imenie_sikory_sovinon_blan_sikory_beloe_suhoe_13_534c3bb3a0.webp,studio_front,079ffca233f9b1e941bd12d5d61b9b61142ed46388827dd99f3aee453d65bdb1,strapi,,none,0
esse-sovinon-blan-fyume-beloe-suhoe-128-0001,esse-sovinon-blan-fyume-beloe-suhoe-128,esse_sovinon_blan_fyume_beloe_suhoe_128_a32349f7e3.webp,studio_front,34801c6c0808e6c99cc9dcc2dcb88277e62d893d6c330bb40baca93a4ca73370,strapi,,none,0
vinodelnya-myshako-sovinon-blan-blanc-out-beloe-suhoe-138-0001,vinodelnya-myshako-sovinon-blan-blanc-out-beloe-suhoe-138,vinodelnya_myshako_sovinon_blan_blanc_out_beloe_suhoe_138_c0104a89b6.webp,studio_front,198a7aff9347edee9cb4f10394d745dccce580e2db66fa8c22560c357d83a48d,strapi,,none,0
vinodelnya-myshako-sovinon-blan-avtorskaya-tehnologiya-mono-beloe-suhoe-128-0001,vinodelnya-myshako-sovinon-blan-avtorskaya-tehnologiya-mono-beloe-suhoe-128,vinodelnya_myshako_sovinon_blan_avtorskaya_tehnologiya_mono_beloe_suhoe_128_1cb66bac07.webp,studio_front,033a9cec4a7048c8ee5e6e92c1d48b6a5c6af3a3e7c1c13521ea6dfc4a074bb4,strapi,,none,0
imenie-sikory-sovinon-blan-semeynyy-rezerv-beloe-suhoe-13-0001,imenie-sikory-sovinon-blan-semeynyy-rezerv-beloe-suhoe-13,imenie_sikory_sovinon_blan_semeynyy_rezerv_beloe_suhoe_13_8902a3f131.webp,studio_front,7f71341775d8feeccf4701908f7ac7d61f48020817cf0e71c17be6ed29e26d8e,strapi,,none,0
vinodelnya-uzunov-sovinon-kukuoba-sovinon-blan-beloe-ekstra-bryut-12-0001,vinodelnya-uzunov-sovinon-kukuoba-sovinon-blan-beloe-ekstra-bryut-12,vinodelnya_uzunov_sovinon_kukuoba_sovinon_blan_beloe_ekstra_bryut_12_afc1102ff2.webp,studio_front,e05e537deebaa583efd21710694b6ee756f2801663ae49cc8efba8c982a99758,strapi,,none,0
vinodelnya-myshako-sovinon-semilon-kyuve-sovinon-blan-beloe-suhoe-132-0001,vinodelnya-myshako-sovinon-semilon-kyuve-sovinon-blan-beloe-suhoe-132,vinodelnya_myshako_sovinon_semilon_kyuve_sovinon_blan_beloe_suhoe_132_46f2609e02.webp,studio_front,4b1e01fe232f51f4e49abc92bd5f99a483d90b976b68f4613e928ccacdafe5f4,strapi,,none,0
usadba-divnomorskoe-solist-marselan-rozovoe-suhoe-115-0001,usadba-divnomorskoe-solist-marselan-rozovoe-suhoe-115,usadba_divnomorskoe_solist_marselan_rozovoe_suhoe_115_a73776de13.webp,studio_front,c77f9adae99948fda2ae2a02c89635a486f23975a317984ba75921f2435fae1a,strapi,,none,0
usadba-divnomorskoe-solnechnyy-veter-shardone-beloe-suhoe-125-0001,usadba-divnomorskoe-solnechnyy-veter-shardone-beloe-suhoe-125,usadba_divnomorskoe_solnechnyy_veter_shardone_beloe_suhoe_125_28a7d7de96.webp,studio_front,ea2b83f8c49c74f708d77c7f1e87ffddd8ab2a6223b2a674670a88e809ccc42b,strapi,,none,0
alma-valley-solntse-vozduh-vinograd-sira-shiraz-rozovoe-polusladkoe-12-0001,alma-valley-solntse-vozduh-vinograd-sira-shiraz-rozovoe-polusladkoe-12,alma_valley_solntse_vozduh_vinograd_sira_shiraz_rozovoe_polusladkoe_12_ace425804f.webp,studio_front,3ab90991e3db34eb059cc501b2ad95bd9c4b31cad5cc5b2086b1f2a0cc988f81,strapi,,none,0
alma-valley-solntse-vozduh-vinograd-sira-shiraz-krasnoe-polusuhoe-135-0001,alma-valley-solntse-vozduh-vinograd-sira-shiraz-krasnoe-polusuhoe-135,alma_valley_solntse_vozduh_vinograd_sira_shiraz_krasnoe_polusuhoe_135_7cd3395fb2.webp,studio_front,718135b75c672e8d44afb12b10c7d95505a0bc86408feab01053516b99e407f9,strapi,,none,0
alma-valley-solntse-vozduh-vinograd-merlo-krasnoe-polusladkoe-14-0001,alma-valley-solntse-vozduh-vinograd-merlo-krasnoe-polusladkoe-14,alma_valley_solntse_vozduh_vinograd_merlo_krasnoe_polusladkoe_14_6111b648a4.webp,studio_front,43f6c802dfb2a886e28bd66bdf4156bf3c4bc78e72295074129ae36d4bad2443,strapi,,none,0
alma-valley-solntse-vozduh-vinograd-shardone-beloe-polusuhoe-13-0001,alma-valley-solntse-vozduh-vinograd-shardone-beloe-polusuhoe-13,alma_valley_solntse_vozduh_vinograd_shardone_beloe_polusuhoe_13_532db72561.webp,studio_front,8e69a9398e2107876428c04a9f091e55e831a83caa5a8fe2fb85ade00ef79072,strapi,,none,0
alma-valley-solntse-vozduh-vinograd-kokur-beloe-polusladkoe-13-0001,alma-valley-solntse-vozduh-vinograd-kokur-beloe-polusladkoe-13,alma_valley_solntse_vozduh_vinograd_kokur_beloe_polusladkoe_13_e1b2a15be1.webp,studio_front,a8ecbe6dd3c56d0539b6865cad1065533363e3c00b20d6c64c3271461db59410,strapi,,none,0
soyuz-vino-soyuz-vino-evropak-shiraz-krasnoe-polusladkoe-11-0001,soyuz-vino-soyuz-vino-evropak-shiraz-krasnoe-polusladkoe-11,soyuz_vino_soyuz_vino_evropak_shiraz_krasnoe_polusladkoe_11_80fd7e408c.webp,studio_front,a0ec9790914712c0f8c12f50b7982ddca71ee2611d142307881d78c6a5e48f21,strapi,,none,0
soyuz-vino-soyuz-vino-izabella-krasnoe-polusladkoe-11-0001,soyuz-vino-soyuz-vino-izabella-krasnoe-polusladkoe-11,soyuz_vino_soyuz_vino_izabella_krasnoe_polusladkoe_11_1abeea2193.webp,studio_front,fbacbf94d059c3481813403ee62635546c0934250975809d0caa484d29b1ab9d,strapi,,none,0
soyuz-vino-soyuz-vino-izabella-beg-in-boks-krasnoe-polusladkoe-11-0001,soyuz-vino-soyuz-vino-izabella-beg-in-boks-krasnoe-polusladkoe-11,soyuz_vino_soyuz_vino_izabella_beg_in_boks_krasnoe_polusladkoe_11_57877fa333.webp,studio_front,3e9045b90fe4e42148148bafc818243b991519338617e7205c59903b86587e60,strapi,,none,0
soyuz-vino-soyuz-vino-kaberne-sovinon-krasnoe-suhoe-12-0001,soyuz-vino-soyuz-vino-kaberne-sovinon-krasnoe-suhoe-12,soyuz_vino_soyuz_vino_kaberne_sovinon_krasnoe_suhoe_12_323dad351f.webp,studio_front,68354d51d10cec813f94cce62d93420d800b4c25cb2d90e7c149acc4ac1096cc,strapi,,none,0
soyuz-vino-soyuz-vino-muskat-beloe-polusladkoe-11-0001,soyuz-vino-soyuz-vino-muskat-beloe-polusladkoe-11,soyuz_vino_soyuz_vino_muskat_beloe_polusladkoe_11_31c63dac6f.webp,studio_front,15040e7e3570ce54dc3e14b89c15f3c9b988e155c2ac3fe9e7586b58e5dadaad,strapi,,none,0
soyuz-vino-soyuz-vino-muskat-beg-in-boks-beloe-polusladkoe-11-0001,soyuz-vino-soyuz-vino-muskat-beg-in-boks-beloe-polusladkoe-11,soyuz_vino_soyuz_vino_muskat_beg_in_boks_beloe_polusladkoe_11_c04d62fb2c.webp,studio_front,6b65b2cdf88fc2abd81c0277e92d111d0eaa86ccbd987e561d2bed3cc3261032,strapi,,none,0
soyuz-vino-soyuz-vino-shardone-beloe-polusladkoe-beg-in-boks-12-0001,soyuz-vino-soyuz-vino-shardone-beloe-polusladkoe-beg-in-boks-12,soyuz_vino_soyuz_vino_shardone_beloe_polusladkoe_beg_in_boks_12_f0024228a1.webp,studio_front,45c425f28cf2ac91bef998b369968bca84dc22442c12fece4bd2acf391b6ac54,strapi,,none,0
usadba-mezyb-staraya-doroga-na-dzhanhot-kaberne-sovinon-krasnoe-suhoe-144-0001,usadba-mezyb-staraya-doroga-na-dzhanhot-kaberne-sovinon-krasnoe-suhoe-144,usadba_mezyb_staraya_doroga_na_dzhanhot_kaberne_sovinon_krasnoe_suhoe_vyderzhannoe_144_6130c0ed6d.webp,studio_front,2fbcb327efbdf86f6484310af34c5ad42d4095a0dfa09616c810d1a94eb8a5f6,strapi,,none,0
usadba-mezyb-staraya-doroga-na-dzhanhot-kaberne-sovinon-kaberne-fran-krasnoe-suhoe-144-0001,usadba-mezyb-staraya-doroga-na-dzhanhot-kaberne-sovinon-kaberne-fran-krasnoe-suhoe-144,usadba_mezyb_staraya_doroga_na_dzhanhot_kaberne_sovinon_kaberne_fran_krasnoe_suhoe_144_2792094341.webp,studio_front,88698a82c35be07ee02920f7c89ca5bc795daedfa25f017c4e2a7c365906ae64,strapi,,none,0
vinodelnya-zhakov-tavkveri-escape-krasnoe-suhoe-117-0001,vinodelnya-zhakov-tavkveri-escape-krasnoe-suhoe-117,vinodelnya_zhakov_tavkveri_escape_krasnoe_suhoe_117_b6800294d6.webp,studio_front,87350c475ca1bd16e0866cd63a00a33979cdf6d2a16cb1357c197bb986a08426,strapi,,none,0
valeriy-zaharin-tangovoe-manto-pino-nuar-krasnoe-suhoe-13-0001,valeriy-zaharin-tangovoe-manto-pino-nuar-krasnoe-suhoe-13,valeriy_zaharin_tangovoe_manto_pino_nuar_krasnoe_suhoe_13_a0df9308e1.webp,studio_front,5b0f44b0d2e3188ba5682211093de4242a13a91caf4f6d2543c8c4fe97618829,strapi,,none,0
valeriy-zaharin-tangovoe-manto-sovinon-sovinon-blan-beloe-suhoe-125-0001,valeriy-zaharin-tangovoe-manto-sovinon-sovinon-blan-beloe-suhoe-125,valeriy_zaharin_tangovoe_manto_sovinon_sovinon_blan_beloe_suhoe_125_e437fbd64f.webp,studio_front,7b857128c5c51a3893c87e5feda6f933abf96c90cd08e7a65b238ba00468bc51,strapi,,none,0
twopeters_tandem-0001,twopeters_tandem,product_6_df359266e6.webp,studio_front,975a06e439ed0964fddf9ba1fc5db763fd0b78d3b1f9935d43dca26115099559,strapi,,none,0
alma-valley-tba-sovinon-sovinon-blan-beloe-sladkoe-75-0001,alma-valley-tba-sovinon-sovinon-blan-beloe-sladkoe-75,alma_valley_tba_sovinon_sovinon_blan_beloe_sladkoe_75_571c20333f.webp,studio_front,b230f96b0d5574cbe79058783b035de8c4873c6dfdf215baee426ee5d37b0a8c,strapi,,none,0
le-k2-temnaya-roza-sira-rozovoe-suhoe-13-0001,le-k2-temnaya-roza-sira-rozovoe-suhoe-13,le_k2_temnaya_roza_sira_rozovoe_suhoe_13_80e154d18a.webp,studio_front,a7aed5effeaa92e43a2adc5f5bacb7a412b418dbf43d43d47649afb21cea14a4,strapi,,none,0
vinodelnya-myshako-tempranilo-rozovoe-suhoe-134-0001,vinodelnya-myshako-tempranilo-rozovoe-suhoe-134,vinodelnya_myshako_tempranilo_rozovoe_suhoe_134_090941fd8c.webp,studio_front,753c0e68835a54dce51db688f78405de1f5743c3b47b39ec0d38cce947be15af,strapi,,none,0
alma-valley-tempranilo-krasnoe-suhoe-13-0001,alma-valley-tempranilo-krasnoe-suhoe-13,alma_valley_tempranilo_krasnoe_suhoe_13_9f66826c6d.webp,studio_front,92bc67d1be0b7ce78126a822c6dc858554eee6f7427b3ea5f86a8342a340eb39,strapi,,none,0
alma-valley-tempranilo-rezerv-krasnoe-suhoe-14-0001,alma-valley-tempranilo-rezerv-krasnoe-suhoe-14,alma_valley_tempranilo_rezerv_krasnoe_suhoe_14_36d4dbc6c0.webp,studio_front,33d9ef362ec09e72c3dd6e8c061db2be747d167649fc2b450f9772d3be676584,strapi,,none,0
shato-ay-danil-tokkata-saperavi-krasnoe-suhoe-14-0001,shato-ay-danil-tokkata-saperavi-krasnoe-suhoe-14,shato_ay_danil_tokkata_saperavi_krasnoe_suhoe_14_195c22982f.webp,studio_front,b7bfbbed7f602640beaedd99b7ea0b2fe50fa2e99dece993c959bcee7aca17cc,strapi,,none,0
vaynkraft-traminer-traminer-rozovyy-beloe-suhoe-14-0001,vaynkraft-traminer-traminer-rozovyy-beloe-suhoe-14,vaynkraft_traminer_traminer_rozovyy_beloe_suhoe_14_7301148f29.webp,studio_front,adc60bba9161bece046c10bf3a8dfb7b93b0f637369c71e55b4f9cf59d2e5a1d,strapi,,none,0
alma-valley-traminer-beloe-suhoe-125-0001,alma-valley-traminer-beloe-suhoe-125,alma_valley_traminer_beloe_suhoe_125_535f55a570.webp,studio_front,98edd06f1365377a61e34a2fd33970235a9a97ba6b307b024cc5b113dc59d1fe,strapi,,none,0
vaynkraft-traminer-oranzh-traminer-rozovyy-oranzhevoe-suhoe-125-0001,vaynkraft-traminer-oranzh-traminer-rozovyy-oranzhevoe-suhoe-125,vaynkraft_traminer_oranzh_traminer_rozovyy_oranzhevoe_suhoe_125_8a46ea97b3.webp,studio_front,dee45ffe6e0c23dad2a9930c35f4e742e8761c186540631175ff87966cc9863e,strapi,,none,0
valeriy-zaharin-traminer-burlyuk-traminer-rozovyy-beloe-suhoe-135-0001,valeriy-zaharin-traminer-burlyuk-traminer-rozovyy-beloe-suhoe-135,valeriy_zaharin_traminer_burlyuk_traminer_rozovyy_beloe_suhoe_135_229b0c4d18.webp,studio_front,a90b1f338eb753bda6b1c9a43c4ab1247f9ed02d15f522c8fd26a61b1a1483cb,strapi,,none,0
shato-ay-danil-tramonto-kaberne-sovinon-krasnoe-suhoe-14-0001,shato-ay-danil-tramonto-kaberne-sovinon-krasnoe-suhoe-14,shato_ay_danil_tramonto_kaberne_sovinon_krasnoe_suhoe_vyderzhannoe_14_63541d946c.webp,studio_front,9e008352b10e989fef51fd1ecddef5e04e5ddc59f88ab5565866edb9eeeeff21,strapi,,none,0
sober-bash-trezvaya-golova-kaberne-fran-krasnostop-krasnoe-suhoe-13-0001,sober-bash-trezvaya-golova-kaberne-fran-krasnostop-krasnoe-suhoe-13,sober_bash_trezvaya_golova_kaberne_fran_krasnostop_krasnoe_suhoe_13_c95bc5ed9d.webp,studio_front,b4c80b9100e9b00afe3da08e7bdf838a850744f2ebb3b890ec5cf7524cdb62ef,strapi,,none,0
sober-bash-trezvaya-golova-risling-risling-reynskiy-beloe-suhoe-10-0001,sober-bash-trezvaya-golova-risling-risling-reynskiy-beloe-suhoe-10,sober_bash_trezvaya_golova_risling_risling_reynskiy_beloe_suhoe_10_146c313d41.webp,studio_front,1f73f67f83b96ae21ed52aaff511e2951146df5faf96e63a697e474c5d308a39,strapi,,none,0
sober-bash-trezvaya-golova-rkatsiteli-beloe-suhoe-12-0001,sober-bash-trezvaya-golova-rkatsiteli-beloe-suhoe-12,sober_bash_trezvaya_golova_rkatsiteli_beloe_suhoe_12_511c1cd6b2.webp,studio_front,5d490dc2cbd4b34b8d3b3b546ce44c70c711b2a96664ef7c6b55f648c1e4e9cd,strapi,,none,0
sober-bash-trezvaya-golova-rozovoe-krasnostop-zolotovskiy-suhoe-115-0001,sober-bash-trezvaya-golova-rozovoe-krasnostop-zolotovskiy-suhoe-115,sober_bash_trezvaya_golova_rozovoe_krasnostop_zolotovskiy_suhoe_115_7f51424925.webp,studio_front,149376e74137e3e28f0589f3e21431d1271752028e5cce6782d5617c9d00a584,strapi,,none,0
sober-bash-trezvaya-golova-saperavi-krasnoe-suhoe-14-0001,sober-bash-trezvaya-golova-saperavi-krasnoe-suhoe-14,sober_bash_trezvaya_golova_saperavi_krasnoe_suhoe_14_496206d9ee.webp,studio_front,44b00c3fde318b92b90c8f8b09753d36b40b238b5d3abb1af19e57ea6ef3c8aa,strapi,,none,0
sober-bash-trezvaya-golova-sibirkovyypino-gri-beloe-suhoe-11-0001,sober-bash-trezvaya-golova-sibirkovyypino-gri-beloe-suhoe-11,sober_bash_trezvaya_golova_sibirkovyypino_gri_beloe_suhoe_11_a02eb5c6fc.webp,studio_front,4fea0cdf715d593fac3833f82b008d13e86ae4085b2896258dbab21b8eff121a,strapi,,none,0
sober-bash-trezvaya-golova-tsimlyanskiygolubok-tsimlyanskiy-chernyy-krasnoe-suhoe-135-0001,sober-bash-trezvaya-golova-tsimlyanskiygolubok-tsimlyanskiy-chernyy-krasnoe-suhoe-135,sober_bash_trezvaya_golova_tsimlyanskiygolubok_tsimlyanskiy_chernyy_krasnoe_suhoe_135_e92fe32066.webp,studio_front,18f32fa917eaaa415c6ff07eca293ef5b96c30e8ba7f621a6cfba29399d6b54b,strapi,,none,0
stn-winery-trio-aligote-beloe-suhoe-13-0001,stn-winery-trio-aligote-beloe-suhoe-13,stn_winery_trio_aligote_beloe_suhoe_13_6adf0dafd2.webp,studio_front,89483ad2ee43b39c9e3a59d3d1d22abd7eb6275c9631e7b89ec116c94cf796c8,strapi,,none,0
villa-sofiya-trio-beloe-risling-suhoe-123-0001,villa-sofiya-trio-beloe-risling-suhoe-123,villa_sofiya_trio_beloe_risling_beloe_suhoe_123_c103bafa84.webp,studio_front,bdc9ae8ad3d535016a1d8be7281acc5411ccb927fb4f24c995b3a8168fa1a3c3,strapi,,none,0
villa-sofiya-trio-beloe-risling-suhoe-12-0001,villa-sofiya-trio-beloe-risling-suhoe-12,villa_sofiya_trio_beloe_risling_beloe_suhoe_12_3473512487.webp,studio_front,a1ff558204810ea838e5c62edd676855cab4bcbfafc14fbf9efb178e3e0b8f2f,strapi,,none,0
villa-sofiya-trio-krasnoe-merlo-suhoe-135-0001,villa-sofiya-trio-krasnoe-merlo-suhoe-135,villa_sofiya_trio_krasnoe_merlo_krasnoe_suhoe_135_618c5541cf.webp,studio_front,a154d5789c5cd2520f0de79faf574637f13bc8ee53a90d60be723e291c376ee5,strapi,,none,0
villa-sofiya-trio-roze-pino-nuar-rozovoe-suhoe-14-0001,villa-sofiya-trio-roze-pino-nuar-rozovoe-suhoe-14,villa_sofiya_trio_roze_pino_nuar_rozovoe_suhoe_14_3aa85a2cd3.webp,studio_front,dd8fa0d31ae875363a195259066e0968cb73f6577574522a8abb571a63687546,strapi,,none,0
chateau-de-talu-uroki-frantsuzskogo-sovinon-blan-beloe-suhoe-115-0001,chateau-de-talu-uroki-frantsuzskogo-sovinon-blan-beloe-suhoe-115,chateau_de_talu_uroki_frantsuzskogo_sovinon_blan_beloe_suhoe_115_19393490fe.webp,studio_front,4682f63b7d9ab22ff457c8f5620d2874e7394e468411d859c92ba23e7d218d79,strapi,,none,0
usadba-mezyb-usadba-mezyb-vione-beloe-suhoe-118-0001,usadba-mezyb-usadba-mezyb-vione-beloe-suhoe-118,usadba_mezyb_usadba_mezyb_vione_beloe_suhoe_118_dad4ef03e7.webp,studio_front,ed106e491a6e129ca272057d431952ff2c16bc0089d710e876e66e56a46e6451,strapi,,none,0
usadba-mezyb-usadba-mezyb-kaberne-sovinon-krasnoe-suhoe-143-0001,usadba-mezyb-usadba-mezyb-kaberne-sovinon-krasnoe-suhoe-143,usadba_mezyb_usadba_mezyb_kaberne_sovinon_krasnoe_suhoe_143_d2e714e112.webp,studio_front,380f6b328738776ac28dd3eacd0e44d193be18f2c1b0e553267c9792cc97ccdd,strapi,,none,0
usadba-mezyb-usadba-mezyb-kaberne-sovinon-kaberne-fran-merlo-krasnoe-suhoe-148-0001,usadba-mezyb-usadba-mezyb-kaberne-sovinon-kaberne-fran-merlo-krasnoe-suhoe-148,usadba_mezyb_usadba_mezyb_kaberne_sovinon_kaberne_fran_merlo_krasnoe_suhoe_148_f747c194c8.webp,studio_front,8aabd18fcc58e701d24a006ae6880bab25ddc25f833d52cb9dcbca94512f608f,strapi,,none,0
usadba-mezyb-usadba-mezyb-kaberne-fran-krasnoe-suhoe-145-0001,usadba-mezyb-usadba-mezyb-kaberne-fran-krasnoe-suhoe-145,usadba_mezyb_usadba_mezyb_kaberne_fran_krasnoe_suhoe_145_4dea0aa5d1.webp,studio_front,7a388c4691e8d5b1a47028d5fdadfff0eb5fbd59f90ea2a47f2e1a240b4ea961,strapi,,none,0
usadba-mezyb-usadba-mezyb-krasnostop-saperavi-krasnoe-suhoe-127-0001,usadba-mezyb-usadba-mezyb-krasnostop-saperavi-krasnoe-suhoe-127,usadba_mezyb_usadba_mezyb_krasnostop_saperavi_krasnoe_suhoe_127_0cb8c6f5a1.webp,studio_front,788214ecd71ce97847a4a9477ef98da6391226881516673892adb2202bd16dd3,strapi,,none,0
usadba-mezyb-usadba-mezyb-merlo-krasnoe-suhoe-15-0001,usadba-mezyb-usadba-mezyb-merlo-krasnoe-suhoe-15,usadba_mezyb_usadba_mezyb_merlo_krasnoe_suhoe_15_3d15fa2782.webp,studio_front,d341b295789db4c162b1df085aeaccd3f702131212ea57cb2a89cedc7ca536aa,strapi,,none,0
usadba-mezyb-usadba-mezyb-roze-kaberne-sovinon-rozovoe-suhoe-135-0001,usadba-mezyb-usadba-mezyb-roze-kaberne-sovinon-rozovoe-suhoe-135,usadba_mezyb_usadba_mezyb_roze_kaberne_sovinon_rozovoe_suhoe_135_2f934883da.webp,studio_front,1251444ba0ed0d46eb39852693c6be4cd4095d4e32507aadc8a36af81de8d203,strapi,,none,0
usadba-mezyb-usadba-mezyb-roze-kaberne-fran-rozovoe-suhoe-143-0001,usadba-mezyb-usadba-mezyb-roze-kaberne-fran-rozovoe-suhoe-143,usadba_mezyb_usadba_mezyb_roze_kaberne_fran_rozovoe_suhoe_143_6187bd1515.webp,studio_front,0363d2ae638258f4a88a40e73f950dcb1b960f01f8f2da3916b2b2f19a4c0d29,strapi,,none,0
usadba-mezyb-usadba-mezyb-shardone-beloe-suhoe-125-0001,usadba-mezyb-usadba-mezyb-shardone-beloe-suhoe-125,usadba_mezyb_usadba_mezyb_shardone_beloe_suhoe_125_f8982d7f16.webp,studio_front,3f87e309646406b25188285a31ec1005240550c6e92f02a5ebd2a1ccb1ff9fc3,strapi,,none,0
bogovich-wine-vineyard-faina-sovinon-zelenyy-beloe-suhoe-113-0001,bogovich-wine-vineyard-faina-sovinon-zelenyy-beloe-suhoe-113,bogovich_wine_vineyard_faina_sovinon_zelenyy_beloe_suhoe_113_8384005071.webp,studio_front,eb115370a721c05f4f79745140bba53f3c210e88fe5c5980ac37a0c37681edd6,strapi,,none,0
fanagoriya-fanagoriya-sakra-sennoy-krasnostop-krasnoe-suhoe-135-0001,fanagoriya-fanagoriya-sakra-sennoy-krasnostop-krasnoe-suhoe-135,fanagoriya_fanagoriya_sakra_sennoy_krasnostop_krasnoe_suhoe_135_f22347e4bd.webp,studio_front,7130086d6ea2317caa12a2dc18d04bab28551f2f070a2fc1a33361c837d8994a,strapi,,none,0
fanagoriya-fanagoriya-blanc-de-blancs-beloe-iz-belogo-shardone-igristoe-bryut-beloe-11-13-0001,fanagoriya-fanagoriya-blanc-de-blancs-beloe-iz-belogo-shardone-igristoe-bryut-beloe-11-13,fanagoriya_fanagoriya_blanc_de_blancs_beloe_iz_belogo_shardone_igristoe_bryut_beloe_11_13_2387906571.webp,studio_front,f6d3fc8e561f5d8627b624a89239f0bf1378bd904e2bb0dee4638375cd0e6843,strapi,,none,0
fanagoriya-fanagoriya-blanc-de-noirs-beloe-iz-chyornogo-merlo-igristoe-bryut-beloe-11-13-0001,fanagoriya-fanagoriya-blanc-de-noirs-beloe-iz-chyornogo-merlo-igristoe-bryut-beloe-11-13,fanagoriya_fanagoriya_blanc_de_noirs_beloe_iz_chyornogo_merlo_igristoe_bryut_beloe_11_13_a4d16b3226.webp,studio_front,869722c748145084ef9b4e22fd7c1a168b04936c3a8486c333060dd771de42e5,strapi,,none,0
fanagoriya-fanagoriya-rose-de-noirs-roze-de-nuar-merlo-igristoe-bryut-rozovoe-11-13-0001,fanagoriya-fanagoriya-rose-de-noirs-roze-de-nuar-merlo-igristoe-bryut-rozovoe-11-13,fanagoriya_fanagoriya_rose_de_noirs_roze_de_nuar_merlo_igristoe_bryut_rozovoe_11_13_b3db75f16b.webp,studio_front,fb726a3d7ff06ebf5503497ce3f700e43c80233bf1b0d7ac0560d698de347835,strapi,,none,0
fanagoriya-fanagoriya-bryut-beloe-sovinon-blan-igristoe-bryut-beloe-11-13-0001,fanagoriya-fanagoriya-bryut-beloe-sovinon-blan-igristoe-bryut-beloe-11-13,fanagoriya_fanagoriya_bryut_beloe_sovinon_blan_igristoe_bryut_beloe_11_13_3b08e056cc.webp,studio_front,b2ab9851464ae3b50916a27a1524bdb1e234e5f3e1cc7d72f1c88a517aa2e1f5,strapi,,none,0
fanagoriya-fanagoriya-bryut-rozovoe-sovinon-blan-igristoe-bryut-rozovoe-11-13-0001,fanagoriya-fanagoriya-bryut-rozovoe-sovinon-blan-igristoe-bryut-rozovoe-11-13,fanagoriya_fanagoriya_bryut_rozovoe_sovinon_blan_igristoe_bryut_rozovoe_11_13_88695c0088.webp,studio_front,5f820cc1285069f3eb3a772fc4ba402d2e44bbcfdd8469d6a90a7684a7caff0f,strapi,,none,0
fanagoriya-fanagoriya-polusladkoe-rozovoe-sovinon-blan-krasnoe-11-13-0001,fanagoriya-fanagoriya-polusladkoe-rozovoe-sovinon-blan-krasnoe-11-13,fanagoriya_fanagoriya_polusladkoe_rozovoe_sovinon_blan_krasnoe_11_13_f19a8f122b.webp,studio_front,84592b13e0b7962dc50d76715947801d5bdcf6005b13314e624b4825400d8de9,strapi,,none,0
vinodelnya-vedernikov-fantom-3070-krasnostop-zolotovskiy-krasnoe-suhoe-145-0001,vinodelnya-vedernikov-fantom-3070-krasnostop-zolotovskiy-krasnoe-suhoe-145,vinodelnya_vedernikov_fantom_3070_krasnostop_zolotovskiy_krasnoe_suhoe_145_6c9dfe89bd.webp,studio_front,134194b5c0c5104cb268e1d7301ccb66040ac51e2588b49d40031a7b042425bd,strapi,,none,0
vinodelnya-vedernikov-fantom-5050-krasnostop-zolotovskiy-krasnoe-suhoe-145-0001,vinodelnya-vedernikov-fantom-5050-krasnostop-zolotovskiy-krasnoe-suhoe-145,vinodelnya_vedernikov_fantom_5050_krasnostop_zolotovskiy_krasnoe_suhoe_145_54e6aa9638.webp,studio_front,55db09bd9220e1738e4885008b1cfc9a6aaa0ddd73e3f5824faaca39f3ae775b,strapi,,none,0
vinodelnya-vedernikov-fantom-7030-krasnostop-zolotovskiy-krasnoe-suhoe-15-0001,vinodelnya-vedernikov-fantom-7030-krasnostop-zolotovskiy-krasnoe-suhoe-15,vinodelnya_vedernikov_fantom_7030_krasnostop_zolotovskiy_krasnoe_suhoe_15_4431943ad0.webp,studio_front,5ab3795c8798409c6055b89bd1494d4660d7eb09dc76eed93a4c862d2eeeb61f,strapi,,none,0
nikolaev-i-synovya-festeliya-pti-verdo-krasnoe-suhoe-135-0001,nikolaev-i-synovya-festeliya-pti-verdo-krasnoe-suhoe-135,nikolaev_i_synovya_festeliya_pti_verdo_krasnoe_suhoe_135_981644d9ad.webp,studio_front,e030395908215330ac667882fb1e03aabb6dedc8077274053bdfd5f17e0b1c63,strapi,,none,0
nikolaev-i-synovya-flamingo-malbek-rozovoe-suhoe-125-0001,nikolaev-i-synovya-flamingo-malbek-rozovoe-suhoe-125,nikolaev_i_synovya_flamingo_malbek_rozovoe_suhoe_125_d400bce4be.webp,studio_front,4b15a0b4619e3d2ffab6c9a3cba8d8809068f4d8e06d3978353dad943874acfd,strapi,,none,0
kuban-vino-flyor-dyu-syud-blan-de-tamane-tsvetochnyy-beloe-suhoe-115-0001,kuban-vino-flyor-dyu-syud-blan-de-tamane-tsvetochnyy-beloe-suhoe-115,kuban_vino_flyor_dyu_syud_blan_de_tamane_tsvetochnyy_beloe_suhoe_115_bbb18fb1e2.webp,studio_front,54407c9f31ed28ebdec0b90c7c59a674e460b7ee0ce48a37c05be2f82017b4a4,strapi,,none,0
fanagoriya-formula-q-kaberne-sovinon-krasnoe-suhoe-135-0001,fanagoriya-formula-q-kaberne-sovinon-krasnoe-suhoe-135,fanagoriya_formula_q_kaberne_sovinon_krasnoe_suhoe_vyderzhannoe_135_9d678f8cd7.webp,studio_front,0a69514a499673bb373e946871f958786370d3063c6dd5c78028e4ca1b79779d,strapi,,none,0
vinodelnya-zhakov-fresherst-saperavi-krasnoe-suhoe-118-0001,vinodelnya-zhakov-fresherst-saperavi-krasnoe-suhoe-118,vinodelnya_zhakov_fresherst_saperavi_krasnoe_suhoe_118_cfbb8e6d1d.webp,studio_front,7de14a4107999f7a1ae59990ba574373deaab1d6fd2eb0d1e10fc3c0ec5395e9,strapi,,none,0
usadba-divnomorskoe-holodnyy-tuman-risling-beloe-suhoe-115-0001,usadba-divnomorskoe-holodnyy-tuman-risling-beloe-suhoe-115,usadba_divnomorskoe_holodnyy_tuman_risling_beloe_suhoe_115_358dd58eab.webp,studio_front,8c6ae07161ad5ef986b6d7cf2f2649476212c8db69ff72fac0d44b9524dafce5,strapi,,none,0
chateau-andre-tsvaygelt-tsvaygelt-tamanskiy-rozovoe-suhoe-13-0001,chateau-andre-tsvaygelt-tsvaygelt-tamanskiy-rozovoe-suhoe-13,chateau_andre_tsvaygelt_tsvaygelt_tamanskiy_rozovoe_suhoe_13_43d1400cf7.webp,studio_front,1ead45069fe74dfdc9c13fff0bf02ecd64ff8701431ea79b3340e9a9abfc4d47,strapi,,none,0
chateau-andre-tsvaygelt-roze-rozovoe-suhoe-13-0001,chateau-andre-tsvaygelt-roze-rozovoe-suhoe-13,chateau_andre_tsvaygelt_roze_rozovoe_suhoe_13_f31bcaba87.webp,studio_front,e0b6c18efa7cc91c1a24429ccc21372b3d861191309b29e6ce6c7e0e0c68ce89,strapi,,none,0
tempelhof-winery-tsimlyanskiy-chernyy-krasnoe-suhoe-125-0001,tempelhof-winery-tsimlyanskiy-chernyy-krasnoe-suhoe-125,tempelhof_winery_tsimlyanskiy_chernyy_krasnoe_suhoe_125_31e822d3f0.webp,studio_front,8204788ef5447800e1f44ac06e61b38312709de926c2e7743ca62d139044a16b,strapi,,none,0
vinodelnya-vedernikov-tsimlyanskiy-chernyy-blanc-de-noirs-beloe-bryut-117-0001,vinodelnya-vedernikov-tsimlyanskiy-chernyy-blanc-de-noirs-beloe-bryut-117,vinodelnya_vedernikov_tsimlyanskiy_chernyy_blanc_de_noirs_beloe_bryut_117_eb7b9970f8.webp,studio_front,82ec70fe6534f1b1d3a64a0a0a4659a8c6166cfa283e90837a7f2b787c1e2940,strapi,,none,0
domaine-de-la-vivandiere-tsimlyanskiy-chyornyy-ctes-du-don-tsimlyanskiy-chernyy-rozovoe-suhoe-134-0001,domaine-de-la-vivandiere-tsimlyanskiy-chyornyy-ctes-du-don-tsimlyanskiy-chernyy-rozovoe-suhoe-134,domaine_de_la_vivandiere_tsimlyanskiy_chyornyy_ctes_du_don_tsimlyanskiy_chernyy_rozovoe_suhoe_134_1114a4a7ac.webp,studio_front,025767b70426ec6c10886a8e9f55072fb12a48ac0ddedb2af1fafdd9cbf7129c,strapi,,none,0
vinodelnya-vedernikov-tsimlyanskiy-chernyy-bryut-roze-rozovoe-129-0001,vinodelnya-vedernikov-tsimlyanskiy-chernyy-bryut-roze-rozovoe-129,vinodelnya_vedernikov_tsimlyanskiy_chernyy_bryut_roze_rozovoe_129_075d159ef0.webp,studio_front,89834b423003764562b575e03e7f5f58a21a98139fca3166e61244a09410df9c,strapi,,none,0
vinodelnya-vedernikov-tsimlyanskiy-chernyy-bryut-roze-rozovoe-14-0001,vinodelnya-vedernikov-tsimlyanskiy-chernyy-bryut-roze-rozovoe-14,vinodelnya_vedernikov_tsimlyanskiy_chernyy_bryut_roze_igristoe_bryut_rozovoe_14_5478e43eff.webp,studio_front,f7cae3b4a4f117cecb14c95812e3190178060850ac6ada9647e4994d4e368cb9,strapi,,none,0
vinodelnya-vedernikov-tsimlyanskiy-chernyy-rezerv-krasnoe-suhoe-145-0001,vinodelnya-vedernikov-tsimlyanskiy-chernyy-rezerv-krasnoe-suhoe-145,vinodelnya_vedernikov_tsimlyanskiy_chernyy_rezerv_krasnoe_suhoe_145_c7141a2860.webp,studio_front,96795581b0931200f7c242af81f210c8e864779ccaba2c5341d00a4c40e9a324,strapi,,none,0
czimlyanskoe-beloe-bryut-0001,czimlyanskoe-beloe-bryut,Czimlyanskoe_beloe_bryut_7d785ea2e3.webp,studio_front,fcd36dca52765cddc486f3d63d6998633d00d1ddcb608739dc02d9e09fee88a2,strapi,,none,0
czimlyanskoe-beloe-polusladkoe-0001,czimlyanskoe-beloe-polusladkoe,Czimlyanskoe_beloe_polusladkoe_5c7026a82e.webp,studio_front,3c4911e057983cfc8eb240eea0316214e1722407591eff40db04306facf8fdfa,strapi,,none,0
tsimlyanskie-vina-tsimlyanskoe-kaberne-sovinon-ekstra-bryut-rozovoe-13-0001,tsimlyanskie-vina-tsimlyanskoe-kaberne-sovinon-ekstra-bryut-rozovoe-13,tsimlyanskie_vina_tsimlyanskoe_kaberne_sovinon_ekstra_bryut_rozovoe_igristoe_ekstra_bryut_rozovoe_13_e418623638.webp,studio_front,e4801a4440c6989230a0d0ef909f0d69c58fee325f171d1b56f25da4ef41676c,strapi,,none,0
czimlyanskoe-risling-0001,czimlyanskoe-risling,Czimlyanskoe_Risling_cea1a80937.webp,studio_front,c124297d8e27ee965d6e9dbe3a58b3db5a25ffa94eaf1091454d31c48dfa0c00,strapi,,none,0
bakla-vines-tsitron-krymskiy-tsitronnyy-magaracha-beloe-suhoe-118-0001,bakla-vines-tsitron-krymskiy-tsitronnyy-magaracha-beloe-suhoe-118,bakla_vines_tsitron_krymskiy_tsitronnyy_magaracha_beloe_suhoe_118_3e272f0bb2.webp,studio_front,bc3794a5522752706ee6ef1b62040e1a85ae66c714b73dfb79c13cb5ec0616b9,strapi,,none,0
denisov-winery-tsitron-oranzh-tsitronnyy-magaracha-oranzhevoe-suhoe-105-0001,denisov-winery-tsitron-oranzh-tsitronnyy-magaracha-oranzhevoe-suhoe-105,denisov_winery_tsitron_oranzh_tsitronnyy_magaracha_oranzhevoe_suhoe_105_3d8bed58d0.webp,studio_front,3e3c7992138af1073f78160e136e62fbd9460a2466c7fd9769a73ebd962b37e7,strapi,,none,0
vinodelnya-myshako-chernoe-iz-krasnogo-appassimento-kaberne-sovinon-krasnoe-polusuhoe-15-0001,vinodelnya-myshako-chernoe-iz-krasnogo-appassimento-kaberne-sovinon-krasnoe-polusuhoe-15,vinodelnya_myshako_chernoe_iz_krasnogo_appassimento_kaberne_sovinon_krasnoe_polusuhoe_15_4a7481518e.webp,studio_front,899396b7bf64e06444d09ebb10bbcbbc62460b833a5068a681e61ad428eeb60a,strapi,,none,0
vinodelnya-myshako-chernoe-iz-chernogo-appassimento-kaberne-sovinon-krasnoe-suhoe-15-0001,vinodelnya-myshako-chernoe-iz-chernogo-appassimento-kaberne-sovinon-krasnoe-suhoe-15,vinodelnya_myshako_chernoe_iz_chernogo_appassimento_kaberne_sovinon_krasnoe_suhoe_15_19d090caca.webp,studio_front,9973586369aa1dc9a9286ec32a3c947b2472379ffd969f95710ec7ecfa397a45,strapi,,none,0
solnechnaya-dolina-chernyy-doktor-solnechnoy-doliny-ekim-kara-krasnoe-sladkoe-16-0001,solnechnaya-dolina-chernyy-doktor-solnechnoy-doliny-ekim-kara-krasnoe-sladkoe-16,solnechnaya_dolina_chernyy_doktor_solnechnoy_doliny_ekim_kara_krasnoe_likernoe_vyderzhannoe_16_baf328c18e.webp,studio_front,679c061341646144761709227374ca6715b324d7a05e14c4f1eccf85b947b705,strapi,,none,0
solnechnaya-dolina-chernyy-polkovnik-odesskiy-chernyy-krasnoe-sladkoe-175-0001,solnechnaya-dolina-chernyy-polkovnik-odesskiy-chernyy-krasnoe-sladkoe-175,solnechnaya_dolina_chernyy_polkovnik_odesskiy_chernyy_krasnoe_likernoe_vyderzhannoe_175_bf68a8677f.webp,studio_front,a9df3dd94fcb62234d6dd7a0ff3b98092bd02f9f2155cafc8ac5318b432e161f,strapi,,none,0
zolotaya-balka-chernyy-prints-shardone-beloe-ekstra-bryut-12-0001,zolotaya-balka-chernyy-prints-shardone-beloe-ekstra-bryut-12,zolotaya_balka_chernyy_prints_shardone_igristoe_ekstra_bryut_beloe_12_30208d11d0.webp,studio_front,cd5d3f62c589b89131cef802bf9d4eb8a786f25211327f48a836708a32965034,strapi,,none,0
vinodelnya-myshako-chernyy-udar-marselan-krasnoe-suhoe-162-0001,vinodelnya-myshako-chernyy-udar-marselan-krasnoe-suhoe-162,vinodelnya_myshako_chernyy_udar_marselan_krasnoe_suhoe_162_0fb37b486f.webp,studio_front,b921cfa25b9b081248102315e6d75ab93cd35f8943e44bbdde03209c6fc24cca,strapi,,none,0
valeriy-zaharin-chetyre-tsveta-bastardo-bastardo-magarachskiy-krasnoe-suhoe-115-0001,valeriy-zaharin-chetyre-tsveta-bastardo-bastardo-magarachskiy-krasnoe-suhoe-115,valeriy_zaharin_chetyre_tsveta_bastardo_bastardo_magarachskiy_krasnoe_suhoe_115_ed7714b616.webp,studio_front,f84831a95c7c7fb79302e11d7d1f4965688ecfcd9f1152bfd9f1e86bab689560,strapi,,none,0
shato-pino-shantazh-sovinon-blan-shardone-beloe-suhoe-115-0001,shato-pino-shantazh-sovinon-blan-shardone-beloe-suhoe-115,shato_pino_sovinon_blan_shardone_beloe_suhoe_115_6ed714d69b.webp,studio_front,f1ab8cc15b5c8ecaefeeb5301cc3935386f715157cabfe7fcdf0436ab57cb1ce,strapi,,none,0
mantra-estate-chardonnay-shardone-beloe-suhoe-135-0001,mantra-estate-chardonnay-shardone-beloe-suhoe-135,mantra_estate_chardonnay_shardone_beloe_suhoe_135_e2abc2ee63.webp,studio_front,6c1997af215a230106e5a8e0fdb0f393239a5176677179c8eff3a1a6150b11f9,strapi,,none,0
vinodelnya-myshako-shardone-beloe-suhoe-123-0001,vinodelnya-myshako-shardone-beloe-suhoe-123,vinodelnya_myshako_shardone_beloe_suhoe_123_1b8c3d331b.webp,studio_front,7ec32316e601fd2f86399ef869faf50e85a2fd867c2f9893f7f39c42f02872e4,strapi,,none,0
vinodelnya-myshako-shardone-beloe-suhoe-145-0001,vinodelnya-myshako-shardone-beloe-suhoe-145,vinodelnya_myshako_shardone_beloe_suhoe_145_f46654064b.webp,studio_front,87b048705343f30b376430a1ab52dca6cb8f36213e1adc1646cc6610949de439,strapi,,none,0
zmv-koktebel-shardone-beloe-suhoe-12-0001,zmv-koktebel-shardone-beloe-suhoe-12,zmv_koktebel_shardone_beloe_suhoe_12_99fb11b6c4.webp,studio_front,adf1ce379938ae04f244f9c8e16de21faf051c1070aa3a9905b32caee23e53d0,strapi,,none,0
villa-sofiya-shardone-beloe-suhoe-14-0001,villa-sofiya-shardone-beloe-suhoe-14,villa_sofiya_shardone_beloe_suhoe_14_000dc1947a.webp,studio_front,d4a85e1000ffbd67b36754cfc4b8f7a951a04c9642933816426a88c3a9dd5c2d,strapi,,none,0
nikolaev-i-synovya-shardone-beloe-suhoe-125-0001,nikolaev-i-synovya-shardone-beloe-suhoe-125,nikolaev_i_synovya_shardone_beloe_suhoe_125_2df587fd35.webp,studio_front,2743da57185afed36b84426a785b980afe97f6299962421654f7f221d9b9ef64,strapi,,none,0
shardone-2-0001,shardone-2,Shardone_2_03e3197a65.webp,studio_front,4cc49ca0401fd2d21692a1ef0ad4d1816d0535a5f35de9eafacf3e1a46d634f0,strapi,,none,0
alma-valley-shardone-beloe-suhoe-135-0001,alma-valley-shardone-beloe-suhoe-135,alma_valley_shardone_beloe_suhoe_135_c577ccd0a1.webp,studio_front,f9e09f579dfcfead923ecb82955d8b9447949222589b7c9b8b94f38dc7f3d132,strapi,,none,0
donskoe-vinodelcheskoe-hozyaystvo-elbuzd-shardone-beloe-suhoe-13-0001,donskoe-vinodelcheskoe-hozyaystvo-elbuzd-shardone-beloe-suhoe-13,donskoe_vinodelcheskoe_hozyaystvo_elbuzd_shardone_beloe_suhoe_13_4dc735a9ed.webp,studio_front,7d10bac7dc1334f9504e4c03e7cf7888bcb495005f20b4b27510b5a2c95f09e8,strapi,,none,0
loco-cimbali-shardone-beloe-suhoe-127-0001,loco-cimbali-shardone-beloe-suhoe-127,loco_cimbali_shardone_beloe_suhoe_127_c026078677.webp,studio_front,48dd6b2690f283ce17bddc4705ebb2ce8bba9154e526a9f77cfca6d92166cd68,strapi,,none,0
chateau-andre-shardone-beloe-suhoe-13-0001,chateau-andre-shardone-beloe-suhoe-13,chateau_andre_shardone_beloe_suhoe_13_daddc9dfbf.webp,studio_front,1238b28c6a9166a2fac26924ddf3fed2d744d78d0b61243c9cdd268c76fb9ff9,strapi,,none,0
rem-akchurin-shardone-beloe-bryut-14-0001,rem-akchurin-shardone-beloe-bryut-14,rem_akchurin_shardone_igristoe_bryut_beloe_14_9075497818.webp,studio_front,43e4796eb7666be9146292baaeb26a6686082f96e4adfdeef18487c1a0d98c7d,strapi,,none,0
abrau-dyurso-shardone-beloe-suhoe-13-0001,abrau-dyurso-shardone-beloe-suhoe-13,abrau_dyurso_shardone_beloe_suhoe_vyderzhannoe_13_3fdd6c2c92.webp,studio_front,b1aaa8361e155e75af39cb70a6d212ce4f53a0594bc1b809dc72f9178aebd87d,strapi,,none,0
abrau-dyurso-shardone-beloe-suhoe-12-0001,abrau-dyurso-shardone-beloe-suhoe-12,abrau_dyurso_shardone_beloe_suhoe_12_9e3d40dd34.webp,studio_front,bcd51571d0c612f532f59fa505695bf0758ee99b8af2bc9dd3d0734643832e04,strapi,,none,0
usadba-markoth-shardone-beloe-suhoe-12-0001,usadba-markoth-shardone-beloe-suhoe-12,usadba_markoth_shardone_beloe_suhoe_12_d3c526d065.webp,studio_front,d7264870fd8e068c5e13b9f82889cead2459255762e9f523a0f49e697d554558,strapi,,none,0
shato-pino-shardone-beloe-suhoe-125-0001,shato-pino-shardone-beloe-suhoe-125,shato_pino_shardone_beloe_suhoe_125_5bd8781d7c.webp,studio_front,5d1fe9a2ba392fc1ca1a5609399e5f20b0a95d889d8aea6104a4c950751d5c77,strapi,,none,0
shato-pino-shardone-risling-beloe-suhoe-12-0001,shato-pino-shardone-risling-beloe-suhoe-12,shato_pino_shardone_risling_beloe_suhoe_12_537466c828.webp,studio_front,7a8cecb4c83dbad4ad82c68e26530d978b7aacc46f4708b04960e83f957d6930,strapi,,none,0
vinodelnya-myshako-shardone-aligote-kyuve-beloe-suhoe-125-0001,vinodelnya-myshako-shardone-aligote-kyuve-beloe-suhoe-125,vinodelnya_myshako_shardone_aligote_kyuve_beloe_suhoe_125_d066e8c407.webp,studio_front,fde8067cb59b9feb19800ffc900856841178f98a8249a6d268d39dd8df3426a3,strapi,,none,0
golubitskoe-estate-shardone-noble-selection-barrel-touch-beloe-suhoe-135-0001,golubitskoe-estate-shardone-noble-selection-barrel-touch-beloe-suhoe-135,golubitskoe_estate_shardone_noble_selection_barrel_touch_beloe_suhoe_135_306499740f.webp,studio_front,a32a6761e86ea30d27b5f4661a5508aa0120d0fb7f49a848fe3b9512b30267fb,strapi,,none,0
vinodelnya-myshako-shardone-avtorskaya-tehnologiya-beloe-suhoe-155-0001,vinodelnya-myshako-shardone-avtorskaya-tehnologiya-beloe-suhoe-155,vinodelnya_myshako_shardone_avtorskaya_tehnologiya_beloe_suhoe_155_ddb9b56c41.webp,studio_front,d87bd0041e67dd326b776d767882cbba39cd919517efc9c12deb4ddf5824f491,strapi,,none,0
shardone-akacziya-0001,shardone-akacziya,shardone_akacziya_a57018f101.webp,studio_front,fe1d4f7dd9ca274d9af05f87604cba66443005542420f2deeb1fe1a3d864ab03,strapi,,none,0
esse-shardone-otbornoe-beloe-suhoe-12-0001,esse-shardone-otbornoe-beloe-suhoe-12,esse_shardone_otbornoe_beloe_suhoe_12_3b070fa772.webp,studio_front,6a7f309bddc2d039e29897a96d271abb3a2b8f345d5b0a5d356c38ae50a6318b,strapi,,none,0
alma-valley-shardone-rezerv-beloe-suhoe-14-0001,alma-valley-shardone-rezerv-beloe-suhoe-14,alma_valley_shardone_rezerv_beloe_suhoe_14_e93f9dbbf9.webp,studio_front,4064e6e16c44ffbeeee3687da8e00d85327a88d5e720badd116f8a9db6fc6834,strapi,,none,0
vinodelnya-uzunov-shardone-rezerv-beloe-suhoe-135-0001,vinodelnya-uzunov-shardone-rezerv-beloe-suhoe-135,vinodelnya_uzunov_shardone_rezerv_beloe_suhoe_135_80bc6fe151.webp,studio_front,80f543660458b0515fa0eeffe6e99f6f6ecc72e99cc566b9f73ed9b1acce0f19,strapi,,none,0
golubitskoe-estate-shardone-rezerv-beloe-suhoe-135-0001,golubitskoe-estate-shardone-rezerv-beloe-suhoe-135,golubitskoe_estate_shardone_rezerv_beloe_suhoe_135_3694507d1e.webp,studio_front,2c322ef443f66243c4bd8a304c19a1aad1e76e52680e4f6379cec88c2d2c9947,strapi,,none,0
chateau-de-talu-shardone-rezerv-beloe-suhoe-13-0001,chateau-de-talu-shardone-rezerv-beloe-suhoe-13,chateau_de_talu_shardone_rezerv_beloe_suhoe_13_d15ce11b77.webp,studio_front,e1811718dfb043b452a770f30bfcd40ef6e135eac27d6f7a842446fbd2e60567,strapi,,none,0
alma-valley-shardone-rezerv-beloe-suhoe-135-0001,alma-valley-shardone-rezerv-beloe-suhoe-135,alma_valley_shardone_rezerv_beloe_suhoe_vyderzhannoe_135_3c92719654.webp,studio_front,dd0d158dc6b482705b05393cd3fd097ce9ef9b1bce09c83295b08a24d1584809,strapi,,none,0
pomeste-golubitskoe-shardone-rezerv-beloe-suhoe-132-0001,pomeste-golubitskoe-shardone-rezerv-beloe-suhoe-132,pomeste_golubitskoe_shardone_rezerv_beloe_suhoe_vyderzhannoe_132_ae66b69665.webp,studio_front,8aad3a9c3eed8b1ace1f1fb65afa86204903877dc8f9d6a6e8a9abd1ae2b85af,strapi,,none,0
imenie-sikory-shardone-sikory-beloe-suhoe-13-0001,imenie-sikory-shardone-sikory-beloe-suhoe-13,imenie_sikory_shardone_sikory_beloe_suhoe_13_5bf321c065.webp,studio_front,d9061c530409e07895962ab319dd31f3338dc4e1b89676cae72ff0d24bbc740d,strapi,,none,0
jd_winery_shardone-0001,jd_winery_shardone,20260617_071051_Photoroom_58ca3070a8.webp,studio_front,bdde6f655592d42ff1713ed4594c4cdfe6842789695a5661cd2c961a3a0e23ac,strapi,,none,0
vinodelnya-zhakov-shardone-eskeyp-beloe-suhoe-12-0001,vinodelnya-zhakov-shardone-eskeyp-beloe-suhoe-12,vinodelnya_zhakov_shardone_eskeyp_beloe_suhoe_12_5ce6664768.webp,studio_front,c9b46f3c776a46cb1de3681c75df48cb18d6261bd86b1d07830e265a15b48af7,strapi,,none,0
imenie-sikory-shardone-semeynyy-rezerv-beloe-suhoe-13-0001,imenie-sikory-shardone-semeynyy-rezerv-beloe-suhoe-13,imenie_sikory_shardone_semeynyy_rezerv_beloe_suhoe_13_35f37fda1f.webp,studio_front,bab8ec2c54205b03de4d803d47dfee29402673af4566c23aea179e8ba94cc40c,strapi,,none,0
shato-pino-shary-kolduna-blash-pino-gri-rozovoe-suhoe-12-0001,shato-pino-shary-kolduna-blash-pino-gri-rozovoe-suhoe-12,shato_pino_blash_pino_gri_rozovoe_suhoe_12_fda693e9ed.webp,studio_front,66a189ea9fd3f1160b76c1524eac7fe6c80001169c9f052e2be59aea199c4957,strapi,,none,0
shato-pino-shary-kolduna-kirpichi-prileteli-pino-nuar-krasnoe-suhoe-135-0001,shato-pino-shary-kolduna-kirpichi-prileteli-pino-nuar-krasnoe-suhoe-135,shato_pino_kirpichi_prileteli_pino_nuar_krasnoe_suhoe_135_95b923907c.webp,studio_front,605fd7d0c7015966c39bc9c1d946349ab7eaf65a5d4f35fa5386de794c2e5f06,strapi,,none,0
shato-pino-shary-kolduna-ramato-pino-gri-rozovoe-suhoe-115-0001,shato-pino-shary-kolduna-ramato-pino-gri-rozovoe-suhoe-115,shato_pino_ramato_pino_gri_rozovoe_suhoe_115_f6866f40a1.webp,studio_front,b8c367cb0747c3e3820a26ea8afbcb3df9beebc4c9afd689531be43e1fad853b,strapi,,none,0
shato-pino-shary-kolduna-topolek-rkatsiteli-beloe-suhoe-125-0001,shato-pino-shary-kolduna-topolek-rkatsiteli-beloe-suhoe-125,shato_pino_topolek_rkatsiteli_beloe_suhoe_125_bb142e4f12.webp,studio_front,8962ca5483a224f7dc7a2b009e667b5dde880a96e085edbf849b109a0a9f93e5,strapi,,none,0
shato-pino-shary-koldunatroynichok-risling-beloe-suhoe-115-0001,shato-pino-shary-koldunatroynichok-risling-beloe-suhoe-115,shato_pino_troynichok_risling_beloe_suhoe_115_3173ff4eb7.webp,studio_front,f46b142abc20274360a7ea8a22c7eacd6daaf15ba902a97f27dc74daf46b6695,strapi,,none,0
olymp-winery-shato-belbek-kaberne-kaberne-sovinon-krasnoe-suhoe-11-0001,olymp-winery-shato-belbek-kaberne-kaberne-sovinon-krasnoe-suhoe-11,olymp_winery_shato_belbek_kaberne_kaberne_sovinon_krasnoe_suhoe_11_81b9b798bd.webp,studio_front,82775f1fcfebedd8d961bc0df4e8221e3051dfb7c11e2d997c1bc76a68fb647e,strapi,,none,0
shato-pino-shato-pino-koldun-merlo-krasnoe-suhoe-137-0001,shato-pino-shato-pino-koldun-merlo-krasnoe-suhoe-137,shato_pino_shato_pino_koldun_merlo_krasnoe_suhoe_137_9784a279c6.webp,studio_front,abebdd4ff2acb458d086576163a603248eb8b10dec85119a25ca28f0063304d5,strapi,,none,0
shato-pino-klassika-sauvignon-blanc-0001,shato-pino-klassika-sauvignon-blanc,Shato_Pino_Klassika_Sauvignon_Blanc_ab7c633382.webp,studio_front,86388dfe26be036ba111951a7a1c015b1925fe2a179ee9577bdfe9cf61639db0,strapi,,none,0
kuban-vino-shato-tamane-rezerv-kollekshn-shardone-beloe-suhoe-125-0001,kuban-vino-shato-tamane-rezerv-kollekshn-shardone-beloe-suhoe-125,kuban_vino_shato_tamane_rezerv_kollekshn_shardone_beloe_suhoe_125_94788e57d9.webp,studio_front,99aa597b693ae811fb43fefac8ee34b6bc2069a038e24bcf081b0bcbce39120d,strapi,,none,0
chateau-cachalot-shenen-blan-beloe-suhoe-113-0001,chateau-cachalot-shenen-blan-beloe-suhoe-113,chateau_cachalot_shenen_blan_beloe_suhoe_113_f51452cd7b.webp,studio_front,2487228c77afc626c72423b1618cb2e012051eedd615928d93a3acb09aa5742c,strapi,,none,0
aromatnoe-shenen-blan-beloe-suhoe-13-0001,aromatnoe-shenen-blan-beloe-suhoe-13,aromatnoe_shenen_blan_beloe_suhoe_13_292ec223ed.webp,studio_front,19427485abc0646c53c3a7dbd62b457318f40b28ef11739406cbf48af61d067c,strapi,,none,0
esse-shenen-blan-beloe-suhoe-13-0001,esse-shenen-blan-beloe-suhoe-13,esse_shenen_blan_beloe_suhoe_13_98cc04b8dc.webp,studio_front,b5549ab7ffe5224a41d32de30bd5c789691cc210162818b14033a14e66d54650,strapi,,none,0
shato-pino-shiraz-krasnoe-suhoe-14-0001,shato-pino-shiraz-krasnoe-suhoe-14,shato_pino_shiraz_krasnoe_suhoe_14_e2d3fa5636.webp,studio_front,613f53b137d297afb0793078b9a35f13701c7242602dacdf402ccab1d7dd4df3,strapi,,none,0
shato-pino-shiraz-krasnoe-suhoe-135-0001,shato-pino-shiraz-krasnoe-suhoe-135,shato_pino_shiraz_krasnoe_suhoe_135_3332c96e74.webp,studio_front,dd66028a334201f2828103486944437d554215afdf60489bb634c517b1b39339,strapi,,none,0
alma-valley-shiraz-krasnoe-suhoe-13-0001,alma-valley-shiraz-krasnoe-suhoe-13,alma_valley_shiraz_krasnoe_suhoe_13_cac190e3fc.webp,studio_front,fc61e88cc371260fba74e82c22881db4474193b4cd90fc0401a157354e0b314e,strapi,,none,0
vinodelnya-myshako-shiraz-krasnoe-suhoe-146-0001,vinodelnya-myshako-shiraz-krasnoe-suhoe-146,vinodelnya_myshako_shiraz_krasnoe_suhoe_146_6afc4160e3.webp,studio_front,6436c8081a297b7eaf2d61dac8dd12b380e154e05d73983a2e20e2112f7273ac,strapi,,none,0
alma-valley-shiraz-sira-rezerv-krasnoe-suhoe-14-0001,alma-valley-shiraz-sira-rezerv-krasnoe-suhoe-14,alma_valley_shiraz_sira_rezerv_krasnoe_suhoe_14_8929b4c449.webp,studio_front,021eb879688205dd9e10bb5788f6acb14547234a51e290be694d711df871149f,strapi,,none,0
vinodelnya-myshako-shiraz-black-out-krasnoe-suhoe-152-0001,vinodelnya-myshako-shiraz-black-out-krasnoe-suhoe-152,vinodelnya_myshako_shiraz_black_out_krasnoe_suhoe_152_117767d8a2.webp,studio_front,61855c78806f4e019c6a6da44fead3b827ea3c14eed184b8f6c3e813b0149bcc,strapi,,none,0
usadba-mezyb-shishka-karbonika-kaberne-fran-krasnoe-suhoe-143-0001,usadba-mezyb-shishka-karbonika-kaberne-fran-krasnoe-suhoe-143,usadba_mezyb_shishka_karbonika_kaberne_fran_krasnoe_suhoe_143_b11d2287de.webp,studio_front,be2b6d6bbac7b2b2f51f3d6bbd30aca99c7a91c8292c7d64476158cc2519d1d7,strapi,,none,0
usadba-mezyb-shishka-kupazh-5-kaberne-sovinon-rozovoe-suhoe-133-0001,usadba-mezyb-shishka-kupazh-5-kaberne-sovinon-rozovoe-suhoe-133,usadba_mezyb_shishka_kupazh_5_kaberne_sovinon_rozovoe_suhoe_133_eb0dc52713.webp,studio_front,7c013a0d6c3b022853ccb59140305c3e542a3561e108936abf5b828b0ac6bfe4,strapi,,none,0
usadba-mezyb-shishka-oranzh-shardone-beloe-suhoe-127-0001,usadba-mezyb-shishka-oranzh-shardone-beloe-suhoe-127,usadba_mezyb_shishka_oranzh_shardone_beloe_suhoe_127_3f122c60e4.webp,studio_front,30c3c584a50e9d2ae36394ecf9319d052dffb202ee81cef567a4adf2093ab5cb,strapi,,none,0
usadba-mezyb-shishka-pino-nuar-rozovoe-suhoe-115-0001,usadba-mezyb-shishka-pino-nuar-rozovoe-suhoe-115,usadba_mezyb_shishka_pino_nuar_rozovoe_suhoe_115_7e715b2ce7.webp,studio_front,8bcb9515557e80ff03c897987fd4051389e08106f01ce700878ee25cef9cf373,strapi,,none,0
usadba-mezyb-shishka-saperavi-krasnoe-suhoe-13-0001,usadba-mezyb-shishka-saperavi-krasnoe-suhoe-13,usadba_mezyb_shishka_saperavi_krasnoe_suhoe_13_63c54300c8.webp,studio_front,07e06a22bd868e9ac109af89baf7224cf38278afe002eb116b4a24af15c22e12,strapi,,none,0
usadba-mezyb-shishka-sovinon-blan-beloe-suhoe-12-0001,usadba-mezyb-shishka-sovinon-blan-beloe-suhoe-12,usadba_mezyb_shishka_sovinon_blan_beloe_suhoe_12_2d7e44f0d9.webp,studio_front,d499ad01c68ca10fb9d63cc7bdaf19ceb02ecf5ad0f58eae9240bfdb93e87cc9,strapi,,none,0
usadba-mezyb-shishka-shenen-blan-beloe-suhoe-13-0001,usadba-mezyb-shishka-shenen-blan-beloe-suhoe-13,usadba_mezyb_shishka_shenen_blan_beloe_suhoe_13_05b3135709.webp,studio_front,75d70c9db537490ebeabd3f6d0099358cc7d4d9de68f6f9433a8164fad095603,strapi,,none,0
usadba-mezyb-shishka-shenen-blan-sovinon-blan-beloe-suhoe-126-0001,usadba-mezyb-shishka-shenen-blan-sovinon-blan-beloe-suhoe-126,usadba_mezyb_shishka_shenen_blan_sovinon_blan_beloe_suhoe_126_3f1e1c2ee1.webp,studio_front,33380e7d7311099a48849cf995ed50cce453e420d132d22e640de5806555b2a9,strapi,,none,0
tempelhof-winery-shpetburgunder-pino-nuar-krasnoe-suhoe-125-0001,tempelhof-winery-shpetburgunder-pino-nuar-krasnoe-suhoe-125,tempelhof_winery_shpetburgunder_pino_nuar_krasnoe_suhoe_125_e4976d1ffc.webp,studio_front,6f033b4f8570ce1c5f9cd142d6f52eb31ce09736793a4ebd9b0126a0fd2f76b4,strapi,,none,0
vinodelnya-batrak-shpinel-kaberne-sovinon-rozovoe-suhoe-12-0001,vinodelnya-batrak-shpinel-kaberne-sovinon-rozovoe-suhoe-12,vinodelnya_batrak_shpinel_kaberne_sovinon_rozovoe_suhoe_12_7542903616.webp,studio_front,598d8521d739ba9f1d59aa4687db69cac3e1b63e63ec5dda175725ac2e5d1dec,strapi,,none,0
seneth-shu-shu-saperavi-rozovoe-suhoe-12-0001,seneth-shu-shu-saperavi-rozovoe-suhoe-12,seneth_shu_shu_saperavi_rozovoe_suhoe_12_69ec69a17a.webp,studio_front,3f1e0bedca9544a15ff2ead4d907dd9bf34df827445f1b0c816a04d3e788adee,strapi,,none,0
vinodelnya-raevskoe-eklego-krasnoe-tempranilo-suhoe-13-0001,vinodelnya-raevskoe-eklego-krasnoe-tempranilo-suhoe-13,vinodelnya_raevskoe_eklego_krasnoe_tempranilo_krasnoe_suhoe_13_a79d22bf66.webp,studio_front,ec1478ac2a672a1cf6ea465a973243b5169dc460c0c4dfbaf6c33d4c4fe68d72,strapi,,none,0
villa-di-alma-ekstra-bryut-kokur-beloe-125-0001,villa-di-alma-ekstra-bryut-kokur-beloe-125,villa_di_alma_ekstra_bryut_kokur_igristoe_ekstra_bryut_beloe_125_531725a54a.webp,studio_front,fa871c8904e6e0907da64c2712e734be34da481b7fd68a4932deb71445f2c0a9,strapi,,none,0
soyuz-vino-el-krusero-blanko-polusladkoe-belye-sorta-vinograda-beloe-11-0001,soyuz-vino-el-krusero-blanko-polusladkoe-belye-sorta-vinograda-beloe-11,soyuz_vino_el_krusero_blanko_polusladkoe_belye_sorta_vinograda_beloe_11_52c2589e48.webp,studio_front,3c464f4b6ffcb08464ddd6ea4e8063cdabca264495dfc987843f32d8b3727e12,strapi,,none,0
soyuz-vino-el-krusero-tinto-polusladkoe-krasnye-sorta-vinograda-krasnoe-11-0001,soyuz-vino-el-krusero-tinto-polusladkoe-krasnye-sorta-vinograda-krasnoe-11,soyuz_vino_el_krusero_tinto_polusladkoe_krasnye_sorta_vinograda_krasnoe_11_7defea6b0e.webp,studio_front,0169a8f4512de463aaa24d081f7386d3bd483a39a903781f06328abd0f8f7abe,strapi,,none,0
derbent-vino-endemy-aligote-beloe-bryut-105-125-0001,derbent-vino-endemy-aligote-beloe-bryut-105-125,derbent_vino_endemy_aligote_beloe_bryut_105_125_9c9d02efb2.webp,studio_front,4be4886237667d2860bd02e688d1550b9adec602cc1ceec2fa96923505468188,strapi,,none,0
derbent-vino-endemy-kaberne-sovinon-krasnoe-suhoe-13-0001,derbent-vino-endemy-kaberne-sovinon-krasnoe-suhoe-13,derbent_vino_endemy_kaberne_sovinon_krasnoe_suhoe_13_c2eb71c866.webp,studio_front,fae5425d5df0ae442ada618e48706c6004d8468218b909e06c66cb974745a2ab,strapi,,none,0
derbent-vino-endemy-pino-nuar-rozovoe-bryut-105-125-0001,derbent-vino-endemy-pino-nuar-rozovoe-bryut-105-125,derbent_vino_endemy_pino_nuar_rozovoe_bryut_105_125_d889dc6335.webp,studio_front,814ef8be8b6b011f2f994f9c6a6d9401a77b44203bd2d672b0be295f374561d4,strapi,,none,0
derbent-vino-endemy-risling-beloe-bryut-105-125-0001,derbent-vino-endemy-risling-beloe-bryut-105-125,derbent_vino_endemy_risling_beloe_bryut_105_125_ab6f76cf0a.webp,studio_front,f71fe22410b14f1461e2786d9761eeac6ae9df14de039ef0a56543df21d4e6d0,strapi,,none,0
endemy-saperavi-0001,endemy-saperavi,Endemy_Saperavi_e63474ff4b.webp,studio_front,8deb3cba743518f9da03a2166794f9490a0ea2a76bb7849688dd0e97bb2ef04d,strapi,,none,0
derbent-vino-endemy-sovinon-beloe-bryut-105-125-0001,derbent-vino-endemy-sovinon-beloe-bryut-105-125,derbent_vino_endemy_sovinon_beloe_bryut_105_125_7117449f6c.webp,studio_front,70a686e978f1b75b7e3bad55ced6bc3025fb20326d11b78c44514fc1fecd376f,strapi,,none,0
vinodelnya-krinitsa-ester-muskat-belyy-beloe-suhoe-12-0001,vinodelnya-krinitsa-ester-muskat-belyy-beloe-suhoe-12,vinodelnya_krinitsa_ester_muskat_belyy_beloe_suhoe_12_2658e192ad.webp,studio_front,3ccd6ca7ad0e59e0450c7d5eb58e5e81a5bcae2468b5056753a5497017c3aff8,strapi,,none,0
chateau-de-talu-yuzhnaya-vertikal-kaberne-fran-premium-krasnoe-suhoe-143-0001,chateau-de-talu-yuzhnaya-vertikal-kaberne-fran-premium-krasnoe-suhoe-143,chateau_de_talu_yuzhnaya_vertikal_kaberne_fran_premium_krasnoe_suhoe_143_fe11f85d85.webp,studio_front,c81c2e05363a8b3f31c14a618523ba4c5b15972902589abe0fb74cdefaf9d0de,strapi,,none,0
usadba-divnomorskoe-yuzhnyy-les-merlo-krasnoe-suhoe-137-0001,usadba-divnomorskoe-yuzhnyy-les-merlo-krasnoe-suhoe-137,usadba_divnomorskoe_yuzhnyy_les_merlo_krasnoe_suhoe_137_89faa0325c.webp,studio_front,cc5b2dfabb75df597ee8dbfc890613e1cbb8ab047054b053c06bd820c89d0342,strapi,,none,0
